corruption,n_samples,r_l,r_s,r_l_ema,r_s_ema,large_acc_ema,small_acc_ema,large_ent_ema,small_ent_ema,nuclear_norm_identity_pbs128_duo_acc_ema,fixed_ts_duo_acc_ema,coca_ts_duo_acc_ema,proxy_weighted_nuclear_norm_duo_acc_ema
brightness/s5,128.0,0.4623979330062866,0.6044450998306274,0.4623979330062866,0.6044450998306274,0.6292613636363635,0.7031249999999999,3.5066053650595923,2.3269828883084385,0.705965909090909,0.6946022727272727,0.6974431818181818,0.6946022727272727
brightness/s5,256.0,0.4885718524456024,0.6068563461303711,0.46715682744979853,0.6048835082487626,0.6389580202854994,0.6894369834710743,3.4634966646075513,2.355882172831729,0.6936631292261455,0.6860560668670171,0.6874413035311795,0.6860560668670171
brightness/s5,384.0,0.5541549324989319,0.6511077284812927,0.4829746647314591,0.6132879119274044,0.6451909061415325,0.7019681459599753,3.30484943756852,2.3271709546648407,0.709445979068742,0.7038371191423833,0.7047644263307895,0.7038371191423833
brightness/s5,512.0,0.5488163232803345,0.6474885940551758,0.49494587537670914,0.6195062177688174,0.6478137470864803,0.6933113208492395,3.168902922162739,2.267391803738695,0.7006415231782487,0.6974033607482069,0.6980241201057351,0.6974033607482069
brightness/s5,640.0,0.5657642483711243,0.6563534736633301,0.5078219431938755,0.6262057188405469,0.6606749050744207,0.713342702386681,3.081370720912894,2.2567103076002066,0.7182496973341994,0.7155654728975599,0.7159810225501201,0.7155654728975599
brightness/s5,768.0,0.5816340446472168,0.658088743686676,0.5212423252763012,0.632002632448934,0.6845220438927939,0.6895620569695963,2.9346017773621034,2.20453271131025,0.7065349213559516,0.7184260603694408,0.7187042382360307,0.7184260603694408
brightness/s5,896.0,0.5802044868469238,0.6542606949806213,0.5319627182891417,0.6360495529092407,0.7048763269034405,0.707217162103614,2.833688684394448,2.165598368651677,0.7209035423953063,0.7293802552886339,0.7295664735299048,0.7293802552886339
brightness/s5,1024.0,0.606633186340332,0.6486862897872925,0.5455391670257217,0.6383471414325228,0.694483326274204,0.7035400010776257,2.7084000849143335,2.157309474831505,0.7201916275538827,0.7155355427965235,0.715660201288614,0.7155355427965235
brightness/s5,1152.0,0.5486660599708557,0.6275046467781067,0.546107693015746,0.6363757787680835,0.6854599126298391,0.7036610751015511,2.7396220610955107,2.1644316242182904,0.7199733209244998,0.7145320575745323,0.7122911264824605,0.7145320575745323
brightness/s5,1280.0,0.5697742700576782,0.6339027881622314,0.55041070702337,0.635926144112474,0.6851012638265865,0.7001264221754184,2.7213535886493254,2.1812046928918205,0.716211479296566,0.7205751790374968,0.7190750516122255,0.7205751790374968
brightness/s5,1408.0,0.5850889682769775,0.6586688756942749,0.5567158454331168,0.6400611862182559,0.7161111766111861,0.707574299142222,2.6520589710763343,2.133525409039209,0.7286725605208416,0.749413962826754,0.7484097452941344,0.7470895826614647
brightness/s5,1536.0,0.5750657320022583,0.6273047924041748,0.5600521884456879,0.637741841888423,0.6841839281446781,0.6751117209133883,2.657754656894797,2.166637453630971,0.7013737801833733,0.7214568676774138,0.7207846228828503,0.7199008776494102
brightness/s5,1664.0,0.6026835441589355,0.6623785495758057,0.5678033440299147,0.642221243286129,0.6989681667745364,0.6882462759833425,2.599597229569471,2.1392656145084983,0.7109919520235803,0.7277934403460372,0.727343425235627,0.7267518271867952
brightness/s5,1792.0,0.6002665758132935,0.6515378952026367,0.5737057498087108,0.6439151799982212,0.6820055496589871,0.6823177549971136,2.5543846566384376,2.122308089208271,0.7045173397843802,0.7242873443638761,0.7239860945792214,0.7235900661333091
brightness/s5,1920.0,0.6105812788009644,0.6511685848236084,0.580410391443666,0.6452339808755643,0.6882123927469251,0.6747333731798858,2.499964281375852,2.098312535427202,0.6999248307647503,0.7229733462270574,0.7227716831480737,0.7225065731966779
brightness/s5,2048.0,0.6038168668746948,0.6645737290382385,0.5846661142493076,0.6487502987233232,0.6990822629132308,0.6704310184096754,2.4518710897063043,2.0349738903439514,0.7017575313383866,0.7285503392098482,0.7284153416115204,0.7282378713134785
brightness/s5,2176.0,0.613685667514801,0.6818521022796631,0.5899423966612154,0.6547688084608395,0.6955116801319974,0.6820137395965595,2.4477743516129897,2.009853336202962,0.7029843804827216,0.7260853510413033,0.7259949807482079,0.7258761783172872
brightness/s5,2304.0,0.6038333773612976,0.653449296951294,0.5924680295157758,0.6545288972772858,0.6833074057081966,0.679953412457201,2.4565325770092192,2.0312933328396103,0.6906341720586814,0.703774077969798,0.7060379623190483,0.7036340532537212
brightness/s5,2432.0,0.6225274801254272,0.686968207359314,0.5979333841720761,0.6604269536558364,0.6991561972096192,0.6966526975953162,2.402106504842833,1.9750090154523752,0.7154245284029188,0.7260285150045754,0.7247030987425033,0.7259347794508381
brightness/s5,2560.0,0.6061195135116577,0.6778528690338135,0.5994217713247273,0.6635953019063776,0.7015012559832988,0.7016332107869472,2.4149620250369956,1.9467275187937378,0.71419947769121,0.7269798323584347,0.7260925702325848,0.7269170837646105
brightness/s5,2688.0,0.6401987075805664,0.6987779140472412,0.6068357597348798,0.6699921404774437,0.7059119978070016,0.703675951022667,2.333061555985227,1.9086884260924761,0.7167368404379173,0.7252922844713487,0.7246983321391682,0.7252502792143259
brightness/s5,2816.0,0.6601215600967407,0.666124165058136,0.6165240870733999,0.6692888722193878,0.70550720514353,0.6885144796102151,2.2550198947845805,1.9192299577330427,0.7127535874005893,0.7259704548940433,0.7255728504402695,0.7259423356724
brightness/s5,2944.0,0.6549689173698425,0.6679875254631042,0.6235140562182077,0.6690522637182453,0.6907734183192226,0.6879208499870034,2.202098302893871,1.9141820323955954,0.7077627320615514,0.7114450979042768,0.7163442221955523,0.7114262742930941
brightness/s5,3072.0,0.6229088306427002,0.6735924482345581,0.6234040152044791,0.6698777518121203,0.6793607180484051,0.671252800404523,2.20159286967565,1.908705809434786,0.6953824900577328,0.6955231647127802,0.6988027437837994,0.6955105637829804
brightness/s5,3200.0,0.6480941772460938,0.6770352125167847,0.6278931355756817,0.6711791083038774,0.7019377534043042,0.6724915440724492,2.161777480873818,1.894067751116359,0.6958758817741847,0.7132737714192992,0.7131448119544441,0.7132653360861273
brightness/s5,3328.0,0.6676863431930542,0.7044005393981934,0.6351282642333858,0.6772193685028439,0.7320306448408977,0.703279463387342,2.1204311409198686,1.8525340429555208,0.7326214580471815,0.7442679792145721,0.7441816509777683,0.7442623324212918
brightness/s5,3456.0,0.6586102247238159,0.6794306039810181,0.639397711595282,0.6776214113170574,0.7260907622488655,0.6993544341683859,2.124642920105647,1.8626826236402998,0.7264862653043116,0.7347992257552094,0.7342249068528862,0.7347954456704515
brightness/s5,3584.0,0.6748394966125488,0.6928160190582275,0.6458416725075123,0.6803840672699975,0.7409677829930421,0.7104149517986715,2.0573473157331654,1.8310570923834106,0.7469143594185887,0.7548036139353054,0.7520947723560644,0.7548010834653436
brightness/s5,3712.0,0.643683910369873,0.6610298156738281,0.6454493521188507,0.6768651124343303,0.7232924828300529,0.6901848024437387,2.0265904303173965,1.8482097121935852,0.730630686883518,0.7353953944525596,0.7335820376929024,0.7353937005015936
brightness/s5,3840.0,0.6666282415390015,0.7073754072189331,0.6493000592861508,0.6824124387588035,0.7341875298283824,0.7058261900656433,2.0003969594616535,1.796145016465472,0.7450399639468178,0.7510704706665895,0.7498565706869842,0.7510693366994139
brightness/s5,3968.0,0.7046592235565186,0.7069709897041321,0.659365361880763,0.6868776298397723,0.7593011563313965,0.7173299288869182,1.9153993119115391,1.76820138938848,0.761400719666878,0.7700864307768078,0.7692738200466588,0.7700856716748142
brightness/s5,4096.0,0.7061785459518433,0.7033284902572632,0.6678768498936867,0.6898686953702252,0.7706892038251496,0.7482745804945484,1.8305379233860242,1.7172985056919112,0.7795843660579926,0.7853987677100944,0.7848547886262757,0.7853982595509086
brightness/s5,4224.0,0.6837804317474365,0.7097334861755371,0.6707684102307321,0.6934804755166455,0.7408642604118769,0.7299916613227969,1.823533442928742,1.7051311530771847,0.7584407739727057,0.7646574395414681,0.764293288253953,0.7646570993687899
brightness/s5,4352.0,0.6887606382369995,0.7058084607124329,0.6740397244136898,0.6957219273704249,0.7283884718459671,0.7159448311334424,1.8119596759516212,1.6847001258715637,0.746094650345365,0.7564545669657761,0.7562107962691751,0.7564543392468759
brightness/s5,4480.0,0.6702383756637573,0.6471115946769714,0.6733485700955202,0.6868836850625243,0.7332083985084572,0.7129981927422218,1.8205003621189841,1.7650741281908047,0.7507431130411121,0.7576782638365939,0.7575150784942412,0.757678111396669
brightness/s5,4608.0,0.6483072638511658,0.6702600121498108,0.6687956053238193,0.6838611990783946,0.7193895064395457,0.6901062281993385,1.8963612407057842,1.8150392890361586,0.7373259682341329,0.7419685071963975,0.7418592674217646,0.7419684051498361
brightness/s5,4736.0,0.6859308481216431,0.7097348570823669,0.6719111040143327,0.6885655005336623,0.7375148762115966,0.7000917725962513,1.8709138632299798,1.7815296798955957,0.7425487886526013,0.7399747858091587,0.7427425674476276,0.7399747174969976
brightness/s5,4864.0,0.6552408933639526,0.684922993183136,0.6688801566233544,0.6879032264699302,0.7346690493647877,0.7078093684322013,1.9141724691238826,1.7907165634984616,0.7426876188500884,0.7432889062028252,0.7451417187046101,0.7432888604731966
brightness/s5,4992.0,0.6728736162185669,0.6971224546432495,0.6696062401861204,0.68957944977417,0.7306978760210561,0.6948971805207297,1.885544983333458,1.7573461478544186,0.728576009312869,0.7289785239870152,0.7302188364882101,0.7289784933746192
brightness/s5,5120.0,0.7097419500350952,0.7032746076583862,0.676903641976843,0.6920694784803911,0.7184837021297978,0.6883196001832983,1.8246922594019437,1.7491777557257988,0.7199041880524164,0.7248224003549439,0.7256526921945867,0.7248223798623483
brightness/s5,5248.0,0.7019120454788208,0.6814902424812317,0.681450624431748,0.6901459810259984,0.7097907427480464,0.6844329554946045,1.7676060306782904,1.7485390396387928,0.7182313159689729,0.7191992927995905,0.7249203972542275,0.7191992790814067
brightness/s5,5376.0,0.6866570711135864,0.6896172761917114,0.6823972511011731,0.6900498528743099,0.710944629442907,0.6854468545046525,1.7655941467378633,1.728858782904532,0.7160784015990644,0.7167263860889821,0.7205562163437389,0.7167263769057348
brightness/s5,5504.0,0.7069060802459717,0.6994277238845825,0.6868534018547728,0.691754920330723,0.7101674792138468,0.6724375637593129,1.7496507344269077,1.735765732998297,0.7112797564423489,0.7117135311835333,0.7114363927590318,0.7117135250360703
brightness/s5,5632.0,0.71111661195755,0.7085909843444824,0.6912648946007323,0.6948160228786793,0.7186864943497651,0.668894154252102,1.7370829109215282,1.7421061868809329,0.726404217122564,0.7266945952550925,0.7236681637477815,0.7266945911398487
brightness/s5,5760.0,0.7235610485076904,0.7100207805633545,0.6971369225838155,0.6975805242758929,0.7313624466308344,0.6815014586315723,1.6871038664084712,1.7115878975939454,0.7285226577432038,0.7287170431046486,0.7290154649881844,0.728717040349816
brightness/s5,5888.0,0.7009534239768982,0.7109540104866028,0.6978308319280123,0.7000120672232947,0.7362322989842776,0.6850340342905566,1.6800654744682109,1.6763681127682597,0.7286494651008223,0.728779590838649,0.7289793608598588,0.7287795889945048
brightness/s5,6016.0,0.7065326571464539,0.7201545834541321,0.6994129819677289,0.7036743429016288,0.7415583984936072,0.690756254359794,1.677488745787394,1.6501179233057743,0.7416475758112941,0.7417346847762856,0.7418684151210624,0.741734683541776
brightness/s5,6144.0,0.6816443204879761,0.6656427979469299,0.6961823162441375,0.6967595165462289,0.7368593411403486,0.6935537735796968,1.7430781101772508,1.7394573505292081,0.7516401127331802,0.7516984253461085,0.7517879473124467,0.7516984245197011
brightness/s5,6272.0,0.6759072542190552,0.6799205541610718,0.6924959413304862,0.6936978870216549,0.7078872448956053,0.6943934352062432,1.7684481295202181,1.7670535583643456,0.7314698275321287,0.7315088632482212,0.7315687911761006,0.7315088626950066
brightness/s5,6400.0,0.695521354675293,0.6898337602615356,0.6930460164840874,0.692995318519815,0.7231001391449918,0.6934059359645097,1.743092560844131,1.7467769206122061,0.749733934133078,0.7526009745711232,0.7526410916137533,0.7526009742007894
brightness/s5,6528.0,0.7253158688545227,0.6818528175354004,0.698913262369621,0.6909694092499215,0.7570443080226804,0.7061746348192173,1.6893909413476054,1.7688258826116847,0.7598942038411514,0.7618134623162063,0.7589994084356528,0.761813462068297
brightness/s5,6656.0,0.7267025709152222,0.7395081520080566,0.7039658639233667,0.699794635205946,0.7451598260317117,0.7051664910773271,1.6504030381579045,1.688497223054238,0.7584312438936633,0.7573916565918406,0.7526669593660154,0.7573916564258848
brightness/s5,6784.0,0.7536359429359436,0.7430042624473572,0.7129967873801989,0.7076509310680207,0.7552826108146169,0.7199874857625082,1.5260139324038204,1.6015320379640798,0.7716564525238573,0.7709605304457775,0.7677977166003904,0.7709605303346831
brightness/s5,6912.0,0.6708710193634033,0.6846258640289307,0.7053375568316906,0.7034645552427315,0.7282263758345782,0.6891031929484559,1.6054634882393017,1.621395491114987,0.7368629971440697,0.7387215121165948,0.7366042565672035,0.7387215120422257
brightness/s5,7040.0,0.7069202661514282,0.6810712218284607,0.705625322162552,0.6993930400765005,0.7297424499388498,0.6805670134613631,1.599213228494984,1.6446004763343312,0.7365570476749556,0.7378011775325964,0.7335429320821776,0.7378011774828122
brightness/s5,7168.0,0.7034976482391357,0.6990690231323242,0.7052384723582945,0.6993341279048321,0.7124205656615441,0.6851832900030611,1.602992555782782,1.637978876641112,0.7273129823278627,0.7253049204970273,0.7224543594930279,0.7253049204637007
brightness/s5,7296.0,0.7081356048583984,0.7146211266517639,0.7057652237219498,0.702113582222456,0.7225191389965707,0.6967962519855202,1.5666416522567637,1.5987320413099182,0.7330049716409659,0.7316607319029687,0.7297525051151674,0.7316607318806589
brightness/s5,7424.0,0.7396450638771057,0.7164905667304993,0.7119251946592509,0.7047275794057366,0.74632479552663,0.7252313752960919,1.5496486932557465,1.60494829575748,0.7551520884538696,0.7570931345796733,0.7529748174737896,0.7570931345647387
brightness/s5,7552.0,0.7051852941513062,0.6974635124206543,0.7106997582032609,0.7034068399539035,0.7490893259310497,0.7117251355287888,1.55420509001461,1.6006193251487466,0.7469923071468052,0.7454507760409382,0.7426938860774954,0.7454507760309407
brightness/s5,7680.0,0.7186763882637024,0.7204287052154541,0.7121500545778866,0.7065017245469127,0.747582523970372,0.7197292229572883,1.5498454860327846,1.5972326236792709,0.7531518750321589,0.7521199409860826,0.7502744196055962,0.75211994097939
brightness/s5,7808.0,0.7539596557617188,0.7286866307258606,0.7197518002476742,0.710535343852176,0.7563878879471084,0.723021215368102,1.4909940669110773,1.5693230388119304,0.7647648915504534,0.7640740927262205,0.7623221321326716,0.7640740927217403
brightness/s5,7936.0,0.6753717064857483,0.6967912912368774,0.7116826922909604,0.7080364251948489,0.7457534621794691,0.6893261854943493,1.5703769590924264,1.5793051479620652,0.7477455059139397,0.7449586901720979,0.7437858901053421,0.7449586901690988
brightness/s5,8064.0,0.7231671810150146,0.7075810432434082,0.7137707811498794,0.7079536284764051,0.7461242184837769,0.6659952150829941,1.5439638051974187,1.5887068201584233,0.7366106279258604,0.7319041644953712,0.7311190669300223,0.7319041644933635
brightness/s5,8192.0,0.6843525171279907,0.703927755355835,0.7084220058731723,0.7072216515453923,0.7324261297288093,0.6702633257993597,1.6086302171730302,1.5913701235165048,0.7363881062974766,0.7285887382159095,0.7280631770357999,0.7285887382145655
brightness/s5,8320.0,0.7064517736434937,0.7179335355758667,0.7080637818314125,0.7091692668236603,0.7400435248597813,0.6955894990888274,1.6025570966137073,1.5889434519645742,0.7581916248768231,0.7529705602932947,0.7526187383462793,0.7529705602923951
brightness/s5,8448.0,0.7219673991203308,0.7049430012702942,0.7105917122475794,0.7084008549048665,0.7433349216003494,0.6957561936049175,1.55546267147887,1.5953084239964732,0.7456696001241543,0.744498887469065,0.7419389901326332,0.7444988874684627
brightness/s5,8576.0,0.7331963181495667,0.7254217863082886,0.7147016405933952,0.7114955697054886,0.7432138731374239,0.6992252205123828,1.5458442311475993,1.5849462340176999,0.7494255174384833,0.7486418172313575,0.7469281669482916,0.7486418172309544
brightness/s5,8704.0,0.6911946535110474,0.6959549188613892,0.7104276429420592,0.7086699968247432,0.7309944109432341,0.6865681228223388,1.6025054198817246,1.6258299797214855,0.7299873298555135,0.7294627040970243,0.7259911696100132,0.7294627040967545
brightness/s5,8832.0,0.7165951132774353,0.7152825593948364,0.7115490011848548,0.7098722809283965,0.7339198122843138,0.6951406442033838,1.585302763346127,1.5947959623425958,0.7402187910603024,0.7398675953046194,0.7375436755240583,0.7398675953044389
brightness/s5,8960.0,0.7664324641227722,0.7604401111602783,0.7215278126281125,0.7190664318796478,0.7536983867357803,0.698038365127885,1.469425917543874,1.488936057380466,0.7540410915362354,0.7538059935510262,0.7522503117144521,0.7538059935509054
brightness/s5,9088.0,0.7265346050262451,0.7301670908927917,0.7224381385186821,0.7210847335184012,0.7421452010380016,0.702560806407923,1.4624071422614207,1.4778027403619163,0.7532217224333477,0.7553887229556455,0.7571882251972778,0.7553887229555647
brightness/s5,9216.0,0.7337155938148499,0.7547154426574707,0.7244885849361671,0.7271994079073228,0.7382852172237861,0.6890593001573698,1.4832207511075612,1.4543469357175014,0.7446670208024889,0.7489585666066716,0.7501631920742107,0.7489585666066175
brightness/s5,9344.0,0.7545289397239685,0.7331832647323608,0.7299504676248583,0.7282873818755116,0.7457735751663361,0.6875107711797268,1.4413288054772238,1.450475877492448,0.7500456916115834,0.7575673049185156,0.7537249467604219,0.7575673049184795
brightness/s5,9472.0,0.7345054745674133,0.7027560472488403,0.7307786507053228,0.7236453210342986,0.7327079304832498,0.6885402683103956,1.4163897295715309,1.483662764424089,0.7425409175251094,0.750416956185122,0.7478447990710262,0.7504169561850976
brightness/s5,9600.0,0.7241040468215942,0.715624988079071,0.7295650863628267,0.7221870786788026,0.7198292757780432,0.6977521630838184,1.4118768612656,1.493419135041426,0.7339013580126765,0.7414981276941726,0.739776270452505,0.7414981276941564
brightness/s5,9728.0,0.7355232238769531,0.7346222400665283,0.7306483840926679,0.7244480171129345,0.7360014160167065,0.6995283075189196,1.386418323090872,1.4780283781994359,0.7500703305704693,0.7579966805225452,0.7545196521210983,0.7579966805225342
brightness/s5,9856.0,0.7371602058410645,0.7492957711219788,0.7318323516832854,0.7289657905691244,0.7556083859285391,0.7058825860250619,1.4027368438643468,1.4542510518208573,0.7678673287289918,0.775497777870464,0.7703292712546195,0.7754977778704567
brightness/s5,9984.0,0.7456269264221191,0.7296930551528931,0.7343404561812551,0.729098020493446,0.7509134649604269,0.6941238799010745,1.3673181734175248,1.4444001593790186,0.7619607737772588,0.7670687603926246,0.7636088510051584,0.7670687603926196
brightness/s5,10112.0,0.6986533403396606,0.6957315802574158,0.7278518896646015,0.7230313949959859,0.7345990963784675,0.6730808617519589,1.4382041836712247,1.491449516967916,0.7414778733550244,0.7477381784446494,0.7482629498464283,0.7477381784446461
brightness/s5,10240.0,0.7374551296234131,0.7217339277267456,0.7295979332934763,0.722795491856124,0.7322006347657509,0.6905024777017246,1.4137841066870906,1.4827998032454506,0.7494603945599749,0.7508102682150131,0.7511615614674436,0.750810268215011
brightness/s5,10368.0,0.7500773668289185,0.7593939900398254,0.7333214666635567,0.7294497642531607,0.742216953851453,0.6939004189573528,1.3676259262284787,1.420703028493834,0.7550623302426277,0.7559659646728598,0.756201127924487,0.7559659646728585
brightness/s5,10496.0,0.7333633899688721,0.7351428270339966,0.7333290890827049,0.730484866576949,0.7292939939005593,0.7101213548392196,1.3576346514118383,1.4030864396629803,0.7539053615673788,0.7545102738719143,0.7546676972056483,0.7545102738719136
brightness/s5,10624.0,0.758100152015686,0.737106442451477,0.7378329187068833,0.7316887894632268,0.7286492851731017,0.7233043780328658,1.2916557224631853,1.3947113000935953,0.7487403660079146,0.7519862163935955,0.7549325080467563,0.7519862163935949
brightness/s5,10752.0,0.7314057946205139,0.7213665843009949,0.7366643506911797,0.7298120248882756,0.7385482818100928,0.7137926001707613,1.31990824618885,1.4267913880841774,0.7548385921210007,0.7621767233709194,0.7636325053866715,0.7621767233709188
brightness/s5,10880.0,0.7308976650238037,0.7247059345245361,0.7356158623880205,0.7288836448221412,0.7420757093108885,0.7198219058994353,1.364757252855642,1.444962109263807,0.749623355056207,0.7545356577937559,0.7555101895563668,0.7545356577937555
brightness/s5,11008.0,0.7400429844856262,0.7542176246643066,0.7364207936784942,0.7334898229752621,0.7614824996213385,0.7174014411392913,1.3750782489366684,1.41245269328784,0.7655019980128327,0.7744722172007787,0.7694427715212041,0.7744722172007783
brightness/s5,11136.0,0.7566430568695068,0.7499321699142456,0.7400975688041328,0.7364793406005319,0.7770564666886645,0.7310187333246494,1.347760659970672,1.3840514046745946,0.7843959656118962,0.7932417321757278,0.7898749131670869,0.7932417321757276
brightness/s5,11264.0,0.74899822473526,0.717180073261261,0.7417158698825195,0.7329703829024826,0.7675956512543951,0.7189567553660875,1.3044742692596023,1.4027239247184426,0.7678601092112692,0.773781655423421,0.7715278344341655,0.7737816554234208
brightness/s5,11392.0,0.7199474573135376,0.7406810522079468,0.7377579766881591,0.7343723227762033,0.7612623781124463,0.7095908858235791,1.3394959214928972,1.3773519165963637,0.7671212301331636,0.771085240407414,0.7672521040427058,0.771085240407414
brightness/s5,11520.0,0.7317352294921875,0.7176308631896973,0.736662931743437,0.7313284210332023,0.7557314266703152,0.6855009235678504,1.3333160960410426,1.397773251864952,0.7614613193453408,0.7641149130000042,0.758708020061646,0.7641149130000042
brightness/s5,11648.0,0.7767379879951477,0.765548825263977,0.7439493056073844,0.7375503127115249,0.7621012029776489,0.7052733455288916,1.3075901946273434,1.3740277137689434,0.7711022055121701,0.7700376690330606,0.7640937985536638,0.7700376690330606
brightness/s5,11776.0,0.7280614376068115,0.711573600769043,0.741060602334553,0.7328272741765282,0.7477702267866906,0.7004309172548779,1.3580461937111976,1.4242780066989211,0.7594775094750891,0.7564405057163462,0.752461551097907,0.7564405057163462
brightness/s5,11904.0,0.724712073802948,0.7184430360794067,0.7380881426015339,0.7302119581588697,0.7188069286753879,0.6773029280797117,1.3776873146795627,1.452451160504511,0.7408485807229933,0.7388155451489589,0.7366684763547973,0.7388155451489589
brightness/s5,12032.0,0.7536186575889587,0.7125404477119446,0.7409118725992474,0.7269989562594288,0.7069079439893092,0.6566552659046002,1.368085342185536,1.4918255740886988,0.7301858267649789,0.7265004889013691,0.7250631949151948,0.7265004889013691
brightness/s5,12160.0,0.7571206092834473,0.73757004737854,0.7438589156327382,0.7289209728265399,0.7361325906044135,0.6735667482501869,1.3246211821750826,1.4547923395237736,0.7511987765947379,0.7464073520744701,0.7459617255217419,0.7464073520744701
brightness/s5,12288.0,0.7636251449584961,0.74058997631073,0.7474527755101487,0.7310426098236653,0.7438160317269213,0.6828215422170671,1.289143128342699,1.4192485506584773,0.7510607512741634,0.7478532687440667,0.7452305765889345,0.7478532687440667
brightness/s5,12416.0,0.7539384365081787,0.7377772331237793,0.7486319866006995,0.7322670867873223,0.7306227154535588,0.6792028505750615,1.2636500893786011,1.4009316631874866,0.7321150483736134,0.7299678906468545,0.7258878239975511,0.7299678906468545
brightness/s5,12544.0,0.7688139081001282,0.7649877667427063,0.7523014268733229,0.7382163013246648,0.7321214045598203,0.6863362057568593,1.249999993267065,1.3506061569114327,0.7382856935393611,0.7311665218379769,0.730759617717369,0.7311665218379769
brightness/s5,12672.0,0.7388827204704285,0.7454715967178345,0.7498616620727966,0.7395354459416046,0.7295089567714498,0.7099647327793851,1.3098752374738933,1.36646126580636,0.7424164560056881,0.737650729494844,0.7322130498769163,0.737650729494844
brightness/s5,12800.0,0.7052598595619202,0.7150058150291443,0.7417522434344554,0.73507551304843,0.7156216983346069,0.6893668872324809,1.386466766765401,1.3969420976763933,0.7209048176567001,0.7153901577610113,0.7117500581820679,0.7153901577610113
brightness/s5,12928.0,0.7831937074661255,0.7814457416534424,0.7492870550765772,0.7435064637038867,0.7463562608686212,0.7132848583952971,1.2938448773191116,1.3182416239499088,0.7532503324809314,0.7495587006499331,0.7442810306838636,0.7495587006499331
brightness/s5,13056.0,0.718181312084198,0.7082531452178955,0.7436314654415991,0.7370967694337065,0.7372302242178372,0.6913311861985045,1.3450832155910282,1.3809764984624786,0.7359051812475655,0.7334339235755749,0.7299009378958095,0.7334339235755749
brightness/s5,13184.0,0.7646433115005493,0.7380367517471313,0.7474518010886809,0.7372676753088746,0.7445508112532628,0.699620463488255,1.3040098707151635,1.3909241805667336,0.7459881791822546,0.7471747752861286,0.7419688096657897,0.7471747752861286
brightness/s5,13312.0,0.7348612546920776,0.749880313873291,0.7451626108347531,0.7395608823205866,0.7393790554670601,0.7041364259714764,1.307913203198432,1.3555045486364867,0.7465396075517572,0.7473339404807968,0.7438489552308178,0.7473339404807968
brightness/s5,13440.0,0.7563909292221069,0.7619189620018005,0.7472041232688174,0.7436259877171709,0.7578694503539822,0.739442566146195,1.2875846594149765,1.3243647531625673,0.7809996546420853,0.7815313981730954,0.7768740939974896,0.7815313981730954
brightness/s5,13568.0,0.7698675990104675,0.7772617340087891,0.7513247552218446,0.7497415779520106,0.7581088882534921,0.7542962632879485,1.257867567742467,1.284435272046456,0.78159894236371,0.7819549029092622,0.778837203419807,0.7819549029092622
brightness/s5,13696.0,0.7556048631668091,0.7250798344612122,0.7521029566663836,0.7452576245900472,0.7593022309796102,0.7412541101349076,1.2568949857803464,1.3414183134719924,0.7825166473674421,0.7827549350053737,0.7806678799752426,0.7827549350053737
brightness/s5,13824.0,0.7289792895317078,0.7413039803504944,0.747898653550988,0.7445387801828557,0.7570019066888298,0.7263250654622108,1.311788042678349,1.3496220526170637,0.7764161027831636,0.7765756176482252,0.7705297378346664,0.7765756176482252
brightness/s5,13952.0,0.7575307488441467,0.758003830909729,0.7496499436042895,0.7469869712241053,0.7621768962131836,0.7248539694416452,1.3007612929840628,1.3174540170483877,0.7780140853341839,0.7781208680124483,0.7769145352446939,0.7781208680124483
brightness/s5,14080.0,0.7277929782867432,0.7536534070968628,0.7456759499101902,0.7481990504736975,0.7359407321757674,0.7006253845022583,1.321444745558089,1.3099021299521623,0.7493833959675116,0.7494548785868456,0.7486473335109107,0.7494548785868456
brightness/s5,14208.0,0.7498033046722412,0.7350741624832153,0.7464263780487448,0.7458127072027007,0.7514355314565054,0.7030012904519249,1.290850656186126,1.3090756101147534,0.7661161576311439,0.7661640096325164,0.7656234216064775,0.7661640096325164
brightness/s5,14336.0,0.7298293113708496,0.7194310426712036,0.7434087295618548,0.7410160409242466,0.7228101491568341,0.6955525167488091,1.3395611367386657,1.3651457216963228,0.7452926344472945,0.7453246676052381,0.7449627863646666,0.7453246676052381
brightness/s5,14464.0,0.7485419511795044,0.758779764175415,0.7443420425832455,0.7442458087880953,0.7336063808405252,0.7003801971624257,1.3340590046643621,1.3377059925658557,0.7514975486795938,0.751518992363837,0.751276741285438,0.751518992363837
brightness/s5,14592.0,0.7613402605056763,0.7343039512634277,0.747432627660051,0.7424381983290649,0.7498728665130788,0.7242731071913759,1.2896841352231836,1.3316002133087244,0.7659818301078273,0.765996184970833,0.7658340168935576,0.765996184970833
brightness/s5,14720.0,0.75741046667099,0.7672587633132935,0.7492467802074945,0.7469510283261973,0.7669603486575156,0.7446580304338963,1.2785960908672125,1.274418929761328,0.7800684151961489,0.7777536444846072,0.7776450856890756,0.7777536444846072
brightness/s5,14848.0,0.7450746297836304,0.7332243323326111,0.7484882074031555,0.7444552654182726,0.7693598201756923,0.7394508302904594,1.2495543416137649,1.2864389983024798,0.7763267903379177,0.7747772330847369,0.7747045614943399,0.7747772330847369
brightness/s5,14976.0,0.7615430355072021,0.752758264541626,0.750861812512982,0.7459649016225186,0.7619268217705046,0.7287336136655141,1.2432516756788492,1.2787435747241636,0.7699480993171184,0.7712351725608568,0.7740274337276158,0.7712351725608568
brightness/s5,15104.0,0.7470293641090393,0.7345457077026367,0.750165003712265,0.7438886845461764,0.75953365754885,0.7194931628669969,1.2569625645251834,1.3072701811310248,0.7711016202040213,0.7719632146894991,0.7715080341482387,0.7719632146894991
brightness/s5,15232.0,0.7554745674133301,0.7536616325378418,0.7511303789306405,0.7456655841810247,0.7623221178632795,0.7169231090266672,1.2517746304506052,1.3063180555660567,0.7716155474093034,0.7721923172714829,0.7718876096364242,0.7721923172714829
brightness/s5,15360.0,0.7423272728919983,0.7291831970214844,0.7495298141963419,0.7426687865156536,0.7603148061729391,0.7149443952988433,1.2649572654349686,1.304199281220333,0.7590463581830874,0.7542671710660339,0.756904102318598,0.7542671710660339
brightness/s5,15488.0,0.7669286727905273,0.770797848701477,0.7526932430316483,0.7477831614585305,0.7946115644628765,0.7337644299107959,1.2311867362756943,1.2652300590790695,0.7966033472134716,0.7910796764987499,0.7928448949405489,0.7910796764987499
brightness/s5,15616.0,0.7459497451782227,0.772874116897583,0.7514671525128437,0.7523451533565401,0.7901945183594462,0.733449742336979,1.2392780183156762,1.2306439508386124,0.7956600919362908,0.7948033371603201,0.7959850123155741,0.7948033371603201
brightness/s5,15744.0,0.7566986083984375,0.7743005752563477,0.7524183263102243,0.7563370482474141,0.7717417850174805,0.708962224209052,1.2580173758357311,1.2313565055039968,0.7645534499738806,0.7725026471899663,0.7732936859302603,0.7725026471899663
brightness/s5,15872.0,0.7568544149398804,0.7474496364593506,0.7532248878792527,0.7547211551950388,0.7630048312926934,0.7163300839746545,1.2560353598999034,1.255563861739293,0.7700729706436721,0.7777187142346055,0.778248252564885,0.7777187142346055
brightness/s5,16000.0,0.7082782983779907,0.7464956641197205,0.745052780697205,0.7532256113631627,0.7432098457413897,0.7073160066276611,1.314561843611461,1.2605269895731588,0.7479414101003092,0.7530596351487854,0.753414119485584,0.7530596351487854
brightness/s5,16128.0,0.7350478768348694,0.7386293411254883,0.7432337072676894,0.7505717440472219,0.7568181611987814,0.6891433598085996,1.292256642789803,1.2661158150926055,0.7524959026291326,0.7582465326202612,0.758483832052333,0.7582465326202612
brightness/s5,16256.0,0.7641106247901917,0.7482852935791016,0.7470295104535989,0.750156025780291,0.7592129839429859,0.7102943152437733,1.2526450485754943,1.253429759325469,0.7718154389500805,0.7710162739028193,0.7734995074069336,0.7710162739028193
brightness/s5,16384.0,0.7305810451507568,0.7533296346664429,0.7440388803985366,0.750733045577773,0.7424793528874533,0.7030172688821952,1.295279771165319,1.2488409383511465,0.7555644673963349,0.7578703982324657,0.7595327280988564,0.7578703982324657
brightness/s5,16512.0,0.7219772338867188,0.7327873706817627,0.7400276719418425,0.7474701955966803,0.7224965089577167,0.6927223039624612,1.3172973860408457,1.2872275123720076,0.742877866604158,0.7420971260895017,0.7455343055868376,0.7420971260895017
brightness/s5,16640.0,0.7678155303001404,0.7695765495300293,0.7450800098251693,0.7514895326754709,0.7248736960791327,0.7080413770327219,1.266571812062842,1.2505372237138683,0.7532384892143538,0.7521993158119804,0.7550167665498666,0.7521993158119804
brightness/s5,16768.0,0.7699500918388367,0.7593631744384766,0.7496018429185634,0.7529211039051082,0.7156179287802458,0.704350012724384,1.2006743508477182,1.2262357752093198,0.7501017985649805,0.7494061535600859,0.7512922156242907,0.7494061535600859
brightness/s5,16896.0,0.7808905243873596,0.7938660383224487,0.7552906940947082,0.7603656374355338,0.740413654803305,0.7432012481873975,1.1641445550624931,1.170125836122504,0.7743450056509372,0.773879325936917,0.775141896409649,0.773879325936917
brightness/s5,17024.0,0.7364038228988647,0.7474023103713989,0.7518567175136457,0.7580086688784182,0.7404835209840306,0.723496290108919,1.2276016823989764,1.214784181750725,0.754158640146495,0.7561712843048782,0.7546920959436493,0.7561712843048782
brightness/s5,17152.0,0.7759371995925903,0.767298698425293,0.7562349869825447,0.7596977651596681,0.7482782247909625,0.7219272685853093,1.195833179375974,1.1827912219594474,0.7654388417509594,0.7667861489974804,0.765795948524261,0.7667861489974804
brightness/s5,17280.0,0.721506655216217,0.7332415580749512,0.7499207448432124,0.7548875456897195,0.7196635223807268,0.7190690806232236,1.258894691575142,1.2066919414027293,0.7556863320812207,0.7565882485024454,0.7559253870286374,0.7565882485024454
brightness/s5,17408.0,0.7523766160011292,0.7440491914749146,0.7503672668719245,0.7529169358324822,0.7209111182879244,0.7055338473593481,1.2657327815060635,1.2405112474694762,0.7473499413105693,0.7479537035429593,0.7446690607381787,0.7479537035429593
brightness/s5,17536.0,0.7648154497146606,0.7754567861557007,0.7529942092069674,0.7570150904367037,0.7328516576968749,0.7099028234389024,1.2037423751385008,1.1871477695965633,0.7567487210426125,0.7571528924543777,0.7526297018164667,0.7571528924543777
brightness/s5,17664.0,0.7372912168502808,0.7743535041809082,0.7501391196875697,0.7601675292992862,0.7297395394499739,0.7241911462690173,1.2151442956925347,1.1621268479832052,0.7658813752434016,0.7633110271802032,0.7602831061746594,0.7633110271802032
brightness/s5,17792.0,0.7545825242996216,0.7506949305534363,0.7509470114352155,0.7584452386182226,0.7421190305408917,0.7291072962627305,1.2319220983884174,1.2013631660037223,0.7753524082207894,0.7718239107569954,0.7697969553731191,0.7718239107569954
brightness/s5,17920.0,0.7759538888931274,0.7945639491081238,0.755493716427563,0.7650122768891137,0.7449825741637374,0.7287825702254642,1.1854133794754467,1.1409015191338046,0.7762689674866441,0.7739069154654266,0.7725500279770465,0.7739069154654266
brightness/s5,18048.0,0.7794883251190186,0.7766793966293335,0.7598563725532822,0.7671335713873353,0.7396680868368819,0.7203007288286164,1.1622694945811793,1.128720086921401,0.7662936889786626,0.767036860766112,0.7661285311251302,0.767036860766112
brightness/s5,18176.0,0.7291487455368042,0.7628164887428284,0.7542731676411952,0.7663486472701522,0.73430260358502,0.7053252812819663,1.2342984928694347,1.1636790405853465,0.7671056926220798,0.7704440968764882,0.7675116613316986,0.7704440968764882
brightness/s5,18304.0,0.7489978075027466,0.7637253999710083,0.7533140112523864,0.7658716932157623,0.7224463709949307,0.6857446097837955,1.233111426008113,1.1687953058867528,0.7397567033255243,0.7448324119586408,0.7400284675030377,0.7448324119586408
brightness/s5,18432.0,0.7540330290794373,0.7302414178848267,0.7534447417663955,0.7593934613374103,0.7455012896742923,0.6920067222519621,1.2108042281731575,1.214980625829666,0.7547648179286567,0.7581626063524786,0.7577876517995541,0.7581626063524786
brightness/s5,18560.0,0.7534272074699402,0.7632355690002441,0.7534415537124944,0.7600920263670163,0.7464719377158485,0.7158268140694952,1.2221660149253704,1.208495299690084,0.7624871921671171,0.7647617447483533,0.764510742113751,0.7647617447483533
brightness/s5,18688.0,0.6993333697319031,0.7336463928222656,0.7436037020796595,0.7552837293588799,0.7406650988015183,0.689933652393629,1.2886121828897112,1.2471747934861157,0.7366649798804668,0.7552330687984843,0.7550650422414366,0.7552330687984843
brightness/s5,18816.0,0.7685011029243469,0.7716476917266846,0.7481305022332391,0.7582589952439353,0.7352282892803551,0.6829307920982143,1.2360798581268901,1.2149318037475574,0.7222199452092379,0.736974203079977,0.7368617224922013,0.736974203079977
brightness/s5,18944.0,0.7296462655067444,0.7387633323669434,0.7447697319193309,0.7547143292663003,0.7132519953033781,0.680825571569879,1.289752097472957,1.2534657278514758,0.7153910377020518,0.7252678549543646,0.7251925580319694,0.7252678549543646
brightness/s5,19072.0,0.7600047588348389,0.7549506425857544,0.7475397368130596,0.7547572953243828,0.7197182778477158,0.6998191842740512,1.2393084358510422,1.2358639843432742,0.7338051574699684,0.7404169111677977,0.740366505789996,0.7404169111677977
brightness/s5,19200.0,0.7598605155944824,0.7470253705978394,0.7497798784096819,0.7533514908286476,0.7330862025261569,0.7060773051751912,1.2167132860523124,1.236696293515492,0.7471650227691523,0.75159107276522,0.7515573303222287,0.75159107276522
brightness/s5,19328.0,0.7472419738769531,0.7520523071289062,0.7493184412219129,0.7531152756105127,0.7466837388811464,0.7239546423073594,1.2229002440388164,1.2299692395597515,0.7625650152421597,0.7632035280494447,0.7608565599677728,0.7632035280494447
brightness/s5,19456.0,0.7345149517059326,0.7469040155410767,0.7466268976735528,0.751985955597888,0.744164321069197,0.7261080663379842,1.2228950630515305,1.203206346075114,0.7622852581373134,0.765553601421529,0.7611415814660296,0.765553601421529
brightness/s5,19584.0,0.7907871007919312,0.7898364663124084,0.7546560255132579,0.7588678666368917,0.760556281046322,0.7352975485403035,1.1701588670429517,1.1486914284044591,0.7853417843729122,0.7875296835962301,0.7845761826342842,0.7875296835962301
brightness/s5,19712.0,0.781176745891571,0.7927625179290771,0.7594779746729512,0.7650305305081981,0.758357923675637,0.7486805903451618,1.1423068033773471,1.1352977876559278,0.7953527647455032,0.7996583005892118,0.7976811635816282,0.7996583005892118
brightness/s5,19840.0,0.7648547887802124,0.7757657766342163,0.7604555772379078,0.7669823934402014,0.7597272051051784,0.7424018827930421,1.1201938845210004,1.1060673948328732,0.781651437556907,0.7845336557663318,0.7832101177695197,0.7845336557663318
brightness/s5,19968.0,0.759452223777771,0.7714598178863525,0.7602731493360647,0.7677964706122289,0.7709744100290863,0.7392318388945156,1.1675877569931195,1.1053976200272917,0.7856509623314831,0.7875803811328335,0.7866943763581082,0.7875803811328335
brightness/s5,20096.0,0.7212328910827637,0.73499596118927,0.7531749205627372,0.7618327416262364,0.7766956794409585,0.7389175946318658,1.2294891490622764,1.1860100068355335,0.7779977516433895,0.7849711642294175,0.7815371445041881,0.7849711642294175
brightness/s5,20224.0,0.7673156261444092,0.7746879458427429,0.7557459579412229,0.7641700514837829,0.7776847110307243,0.7438725220262903,1.2219491827100735,1.1644264642316147,0.7826885775464012,0.7873567297734116,0.7850579231804894,0.7873567297734116
brightness/s5,20352.0,0.7794606685638428,0.7579023838043213,0.7600577235089718,0.7630304755420626,0.7832538148222203,0.7474477213564422,1.1751704490516697,1.175471407731178,0.7912522709194917,0.7920528521623664,0.7933548907241292,0.7920528521623664
brightness/s5,20480.0,0.7679470777511597,0.7586202025413513,0.761492151553006,0.7622286077237515,0.7782009008314035,0.7397687225609241,1.145629111058015,1.145805026113363,0.7840717681361885,0.781766785331832,0.782638397922764,0.781766785331832
brightness/s5,20608.0,0.7740544676780701,0.7854575514793396,0.7637762090302903,0.7664520520429492,0.7613886195648236,0.7470249299788003,1.122293954654554,1.1107254322777858,0.7761658117275311,0.7717818976188295,0.7723653738160652,0.7717818976188295
brightness/s5,20736.0,0.7306497097015381,0.7517892122268677,0.7577532091523353,0.763786081167298,0.7581403155764521,0.7226985068453124,1.1754022824426458,1.121423264187939,0.7553775268589257,0.7552837496456626,0.7556743411495973,0.7552837496456626
brightness/s5,20864.0,0.7825384140014648,0.7778587341308594,0.7622596100339952,0.7663447453424909,0.786441037699939,0.7443787525162835,1.107692190602838,1.0915104016721717,0.7863994188063881,0.7868531712504022,0.7865981126703914,0.7868531712504022
brightness/s5,20992.0,0.7251933813095093,0.7424403429031372,0.7555202957204523,0.7619984903535174,0.7565741657330168,0.7255758591224707,1.183216204625425,1.1262547259405444,0.7560297762257638,0.7563335278618394,0.7533218770768735,0.7563335278618394
brightness/s5,21120.0,0.7584367394447327,0.7724354863166809,0.7560505582157759,0.7638961259831835,0.7383884911105318,0.7248689635447945,1.179185862883939,1.1100036563253355,0.7522286105312965,0.7547563285686694,0.7527402648200558,0.7547563285686694
brightness/s5,21248.0,0.8103500604629517,0.7953100800514221,0.7659231949879897,0.7696077539955904,0.7566898163632485,0.7355011243564327,1.1010783664381052,1.0838319286530438,0.7613059293639257,0.7653224182980347,0.7639728219043347,0.7653224182980347
brightness/s5,21376.0,0.744903564453125,0.7597627639770508,0.7621014439816506,0.7678177558104013,0.7394989679787034,0.7074945543212483,1.1218156048677177,1.1047908965966944,0.7449134733758509,0.7476021973730644,0.7443743683822406,0.7476021973730644
brightness/s5,21504.0,0.8017774820327759,0.7956234812736511,0.7693152690818551,0.7728733422582649,0.7824848463328511,0.7473723876034801,1.0801507076537038,1.0759422562683656,0.7884338127557349,0.7902337023737043,0.7852320151980287,0.7902337023737043
brightness/s5,21632.0,0.756290078163147,0.7739709615707397,0.7669470525511809,0.7730729094059876,0.7642563847352144,0.7213815156684452,1.1279903406562797,1.1096177606505202,0.7734040399439216,0.7746089247295045,0.7712606878598373,0.7746089247295045
brightness/s5,21760.0,0.753725528717041,0.7781718373298645,0.7645431391267917,0.7739999872103288,0.7773637782111765,0.7287760559433393,1.1444469211906552,1.0963891994251083,0.7829708862434516,0.7866183710999161,0.7843769893937753,0.7866183710999161
brightness/s5,21888.0,0.7619128227233887,0.743621826171875,0.7640648997807185,0.7684766852033371,0.754371620124837,0.7027343845571115,1.1465394521475814,1.147802963692586,0.7648400147580129,0.7696060996619272,0.7681056705859156,0.7696060996619272
brightness/s5,22016.0,0.7256791591644287,0.7563868761062622,0.7570856742141203,0.7662785380947781,0.743112406860428,0.6943407863564133,1.2110968913605056,1.1798218607075768,0.7444383569867687,0.753310694815009,0.7546306555161914,0.753310694815009
brightness/s5,22144.0,0.7870178818702698,0.7945473790168762,0.7625278937879656,0.7714183273533414,0.7580442558321873,0.7145483776435494,1.1747102213329434,1.1526573266311357,0.7607397265779194,0.76435468000013,0.7652382900562933,0.76435468000013
brightness/s5,22272.0,0.7473766803741455,0.7686073780059814,0.7597731277127255,0.7709072456538213,0.7582259067967534,0.7164538726374173,1.1871793057197177,1.1462899674919627,0.7685530401058798,0.773297347768682,0.7738888553269401,0.773297347768682
brightness/s5,22400.0,0.7833443284034729,0.8073998689651489,0.7640588005655886,0.7775422680740627,0.7676450285168348,0.7321922618481884,1.1513258007272062,1.0891237973392975,0.776882613624597,0.780058555117878,0.7804545229874558,0.780058555117878
brightness/s5,22528.0,0.7830702066421509,0.7941577434539795,0.7675154198522363,0.7805632635976838,0.7775660934699472,0.7525419273529195,1.0796387122973121,1.0379946917023692,0.7842664603602673,0.7863925038392405,0.7866575732395364,0.7863925038392405
brightness/s5,22656.0,0.7739264369010925,0.7889593839645386,0.7686810593156647,0.7820898309371119,0.7718107733145927,0.7493772406246816,1.058591187557939,1.0045834194101915,0.7786205230510879,0.7823681224047807,0.7825455655570449,0.7823681224047807
brightness/s5,22784.0,0.7498537302017212,0.7656295895576477,0.7652579085676748,0.7790970597772093,0.7532369639543967,0.7617215412446214,1.1219532596955815,1.0300737877594208,0.7789732427036207,0.7786410571470018,0.7787598414059556,0.7786410571470018
brightness/s5,22912.0,0.8364633321762085,0.8126507997512817,0.7782043492237718,0.7851977397724952,0.7694706122339349,0.7689520234778044,1.0160071823050985,0.9859261025512585,0.7975461376776303,0.7973237655281582,0.7945623731725817,0.7973237655281582
brightness/s5,23040.0,0.7999590635299683,0.7812505960464478,0.7821597518248984,0.7844800772768501,0.778013385049163,0.742283999187621,1.0042275093615571,1.0095710398667064,0.7882850177841987,0.7829708678328993,0.7839632415452819,0.7829708678328993
brightness/s5,23168.0,0.7950296401977539,0.82021164894104,0.7844997315290538,0.7909767266703391,0.7726267288345635,0.7551653217702257,0.9995340457897393,0.9701031789593735,0.788800301161323,0.782401985904668,0.7830663021914697,0.782401985904668
brightness/s5,23296.0,0.7492374181747437,0.7462329864501953,0.7780884018282701,0.7828415011757676,0.7736695457487572,0.7273730666395725,1.0630944294530673,1.0391264221051177,0.7764902842484889,0.7698827343659347,0.7726518221281737,0.7698827343659347
brightness/s5,23424.0,0.7438610792160034,0.7648636102676392,0.7718652522624034,0.779572793737926,0.7348531669888374,0.6837166809735981,1.1430374544404758,1.0868656907358167,0.7362249010258478,0.7346425742449645,0.7313309718378682,0.7346425742449645
brightness/s5,23552.0,0.7795218229293823,0.7800890207290649,0.773257356020036,0.7796666531908603,0.738827326661949,0.6978805880897638,1.1059767864007988,1.0738571837783764,0.7500761734139972,0.7513413100317531,0.7468000720567546,0.7513413100317531
brightness/s5,23680.0,0.7605435848236084,0.7235401272773743,0.7709457612570491,0.7694618302974991,0.7420042434679162,0.6983229556633956,1.1162775264057232,1.1354449839422145,0.7614146284837502,0.7589041001039007,0.7558640978231167,0.7589041001039007
brightness/s5,23808.0,0.7776322364807129,0.7926172614097595,0.7721614840249879,0.7736719086815464,0.7725400307512496,0.7267699124688846,1.1087435293260763,1.0903288854493187,0.7883746686544113,0.7866940670117021,0.7846590241625823,0.7866940670117021
brightness/s5,23936.0,0.761499285697937,0.7605684995651245,0.7702229025109786,0.7712894706603788,0.7565660536433984,0.7124968009089228,1.1255305148789603,1.1115157687959694,0.7687156872810521,0.7675906564293211,0.7633874459270178,0.7675906564293211
brightness/s5,24064.0,0.7635632753372192,0.7776232957839966,0.7690120612066587,0.7724410752283092,0.7686000028521922,0.7259276105258077,1.13066326763017,1.1043009971686528,0.7653695923121091,0.7646164724857438,0.761802753058582,0.7646164724857438
brightness/s5,24192.0,0.7773700952529907,0.7998582124710083,0.7705317037605371,0.7774260092724362,0.7619347126531204,0.7282036070462017,1.111424481084559,1.0550029105586571,0.7597722064238085,0.7592680518292996,0.7573844875846705,0.7592680518292996
brightness/s5,24320.0,0.7489128112792969,0.7870216369628906,0.7666009960366752,0.7791706688525188,0.7579893530983698,0.7346342328160523,1.1616966130981405,1.046699151813872,0.7604156919035412,0.7595616710592832,0.7583007726806472,0.7595616710592832
brightness/s5,24448.0,0.7894579768180847,0.7898815870285034,0.7707568107242042,0.7811181085208796,0.763870971908826,0.7371311806454565,1.1208001342478322,1.0360680406334222,0.7665282730924532,0.7659565731884457,0.7651125007201025,0.7659565731884457
brightness/s5,24576.0,0.7414219379425049,0.7730857729911804,0.7654231974911679,0.779657683879116,0.7577359398728504,0.7284721126634873,1.170026600633522,1.0577931059198438,0.7533164472767662,0.7557746481674719,0.7523686988291594,0.7557746481674719
brightness/s5,24704.0,0.7709228992462158,0.7644416093826294,0.766423143264813,0.7768911248797548,0.7515629018983543,0.7154441415350616,1.1559942287701817,1.071081081268007,0.7509287787555211,0.7554152603435141,0.7531352446707594,0.7554152603435141
brightness/s5,24832.0,0.8127375841140747,0.8030104637145996,0.7748439506919513,0.7816400955769992,0.7631846698658404,0.716020458382975,1.0693535669467127,1.0315146894345102,0.7524295956958447,0.7554329428745837,0.7539066513911694,0.7554329428745837
brightness/s5,24960.0,0.767168402671814,0.7933551073074341,0.7734483965064718,0.7837700977098054,0.7639913905713476,0.7290612159423221,1.0841327903762692,1.020160951346933,0.7637648533170529,0.7686162675441428,0.7647536261378902,0.7686162675441428
brightness/s5,25088.0,0.7596535682678223,0.7728389501571655,0.7709402459176264,0.7817826163365981,0.7503268812915631,0.7114480040605625,1.1089591801377645,1.0168151242065782,0.7506917613114155,0.7539394022402938,0.751353667084042,0.7539394022402938
brightness/s5,25216.0,0.7524932622909546,0.7656677961349487,0.7675862488945951,0.7788526490272073,0.7595163420216248,0.7208350275116162,1.1128618440000915,1.0116208587999813,0.756919691456402,0.7590937320782131,0.7573627854033669,0.7590937320782131
brightness/s5,25344.0,0.7655491828918457,0.790429413318634,0.7672158732577316,0.7809575152620121,0.7674758157334843,0.7129143572598423,1.124976502140088,1.0048707015817893,0.7525660744460211,0.7591867132093822,0.7557036001460553,0.7591867132093822
brightness/s5,25472.0,0.787616491317749,0.785556435585022,0.7709250765413711,0.7817936825934684,0.759374306400101,0.7096782060995637,1.0882502742432492,1.0234794625631278,0.7447446448770885,0.7515010228922311,0.7491693521638881,0.7515010228922311
brightness/s5,25600.0,0.7767155170440674,0.7902816534042358,0.7719778839054977,0.7833369500136079,0.7591162712265138,0.7281730140005342,1.0842688610514808,1.0084637005535166,0.7653352581408608,0.7698581227625678,0.7682972522749996,0.7698581227625678
brightness/s5,25728.0,0.7281256318092346,0.7838588356971741,0.7640047471607225,0.7834318383197109,0.7369910575979141,0.7020724308598616,1.164214340910788,1.0205649856299404,0.737280214127353,0.7403079168906446,0.7392630366469004,0.7403079168906446
brightness/s5,25856.0,0.7724564075469971,0.776653528213501,0.7655414126854997,0.7821994183004,0.7464568236812481,0.7055195611541223,1.1510074675025979,1.0271048623086907,0.7422598954075668,0.760299101389605,0.7572752559371811,0.760299101389605
brightness/s5,25984.0,0.7480625510215759,0.7814768552780151,0.7623634378375135,0.7820680432054209,0.751760353042819,0.697496565731272,1.1460618031380734,1.0104652488024057,0.7404281118017595,0.7605101422525453,0.7584859151315013,0.7605101422525453
brightness/s5,26112.0,0.7559999227523804,0.7669326066970825,0.7612064350947619,0.7793161456584503,0.7447218065823829,0.7060720811920085,1.171276053154937,1.0517638147920556,0.7394601409582024,0.7580687729128608,0.7567137117822447,0.7580687729128608
brightness/s5,26240.0,0.7822921276092529,0.7949391007423401,0.7650401973701239,0.7821566829464301,0.751631953166719,0.7149118890624189,1.1327360082717162,1.021123955487109,0.7470766232860694,0.7572092612061299,0.7563021541682795,0.7572092612061299
brightness/s5,26368.0,0.7516520023345947,0.7703635692596436,0.7626059800909367,0.7800124804579235,0.7324974231942499,0.7120484546616193,1.139566099950076,1.0088373443718344,0.7374541858361291,0.7465615715512108,0.7459543346085176,0.7465615715512108
brightness/s5,26496.0,0.7596440315246582,0.7837551832199097,0.7620674439879769,0.7806929718691937,0.7444817461052416,0.7261440068395963,1.1222403379591737,0.9950250834801987,0.7563226367993922,0.7670680768235378,0.7666615793660323,0.7670680768235378
brightness/s5,26624.0,0.785332977771759,0.7902167439460754,0.7662975410395736,0.7824245667922631,0.7465642267316079,0.7433278062314652,1.104783726557315,0.9992099846829025,0.7630135006673617,0.7702067291132773,0.7722589911458563,0.7702067291132773
brightness/s5,26752.0,0.7734355926513672,0.7725610733032227,0.7675953686053542,0.7806312043397102,0.7402103501261176,0.7375272917747824,1.1052422180218626,1.0120717893616824,0.7690420954880686,0.7761817773402929,0.7752312254778045,0.7761817773402929
brightness/s5,26880.0,0.7526025772094727,0.7671396732330322,0.7648694065333757,0.7781781986839504,0.7364734575224422,0.7364852118492344,1.1415479583926547,1.0394128986763675,0.7684290060705252,0.7732084625170556,0.7725721426752246,0.7732084625170556
brightness/s5,27008.0,0.7929724454879761,0.7978167533874512,0.7699790499796666,0.7817488449936778,0.7492095046224612,0.7332049765271733,1.0910674050116926,1.0202565763886515,0.7695681776174589,0.7727676484618304,0.7723416822867205,0.7727676484618304
brightness/s5,27136.0,0.7544369697570801,0.7971624135971069,0.7671532172119235,0.7845513120124831,0.7564439659042921,0.7387570504024878,1.132213164695872,1.008074142497889,0.7767873750992906,0.7789291696314732,0.7786440187208624,0.7789291696314732
brightness/s5,27264.0,0.7281931042671204,0.7583684921264648,0.7600695603128683,0.7797907993059343,0.738817861473121,0.7293022403520785,1.182716942323064,1.0478492552824505,0.7689651023391946,0.7703988656210687,0.7702079794742963,0.7703988656210687
brightness/s5,27392.0,0.7517223358154297,0.7836769819259644,0.7585518831315158,0.7804973779641216,0.7401900560274611,0.7216816650290773,1.1794785636837326,1.0377077941048922,0.7637287048716922,0.7745025464074923,0.774374763119157,0.7745025464074923
brightness/s5,27520.0,0.7626321911811829,0.7847130298614502,0.7592937573223644,0.7812638601272721,0.7509226821340855,0.724844750969878,1.170587244631648,1.0122300181177457,0.7695208685504716,0.7762165806529493,0.7784554199392704,0.7762165806529493
brightness/s5,27648.0,0.7384049892425537,0.7621974945068359,0.7554957994896714,0.7777972481962837,0.7260825392798422,0.6982948332938853,1.2114659868254294,1.046220447459138,0.7413734739883322,0.7486966366354454,0.7501953637609992,0.7486966366354454
brightness/s5,27776.0,0.7909039258956909,0.8325234651565552,0.7619336406544022,0.7877474694617875,0.7466440965427044,0.7288172024529315,1.1370499644139058,0.9552166091911689,0.7633367883723545,0.7659146906402567,0.7669179707821565,0.7659146906402567
brightness/s5,27904.0,0.7674294710159302,0.7686632871627808,0.7629328825383164,0.7842776181346953,0.7490448084294135,0.738144160319731,1.1183396692694303,0.9904360543175245,0.7671923955219893,0.7665937185277751,0.7672653358128485,0.7665937185277751
brightness/s5,28032.0,0.7790580987930298,0.779654860496521,0.7658647400391734,0.7834371167459363,0.7400630535767148,0.719594437899985,1.1026656123275822,1.0098577417693355,0.7498870581593482,0.7541350512458659,0.7545846462879399,0.7541350512458659
brightness/s5,28160.0,0.7805963754653931,0.8224616050720215,0.768543219207577,0.7905324782597699,0.756002953220776,0.7410094997512295,1.0827663838652346,0.9627305133765617,0.7641289397595636,0.7669726376108688,0.767273606192753,0.7669726376108688
brightness/s5,28288.0,0.8056725859642029,0.8124673366546631,0.775294013163327,0.7945206343315687,0.7658986711643212,0.7408823923954512,1.0420407014796171,0.9448679407714154,0.779861108434088,0.781764740880003,0.7819662157158098,0.781764740880003
brightness/s5,28416.0,0.7742642164230347,0.8025668263435364,0.7751067773923648,0.7959835783337446,0.7570272096223968,0.739764246149021,1.0538418846143767,0.9292167258841817,0.7756714858112489,0.7792701984403326,0.7794050700246329,0.7792701984403326
brightness/s5,28544.0,0.7811870574951172,0.8050798177719116,0.7762122828655925,0.7976374400497749,0.7536711072678854,0.7581273052733115,1.05072110210067,0.9243113705928208,0.7868131433943071,0.7887056700303052,0.7887959559669029,0.7887056700303052
brightness/s5,28672.0,0.8014789819717407,0.8019023537635803,0.7808062281576195,0.7984128789068304,0.768469914782634,0.7559571217118861,1.0178679758565388,0.9357395904965814,0.8038273935118915,0.8107761096897084,0.8108365490356952,0.8107761096897084
brightness/s5,28800.0,0.754804253578186,0.7587848901748657,0.7760785964159043,0.7912077900464732,0.7538414305569697,0.7299692302368823,1.0587605475023083,0.9799534267583799,0.7746695774749025,0.781645577560879,0.77936165679249,0.781645577560879
brightness/s5,28928.0,0.7887369394302368,0.7941445708274841,0.778380113327601,0.7917417501884751,0.7675508750009465,0.7515703111503096,1.0606595298552728,0.9866326008768648,0.7814936840947694,0.7890044775407536,0.7874755719024106,0.7890044775407536
brightness/s5,29056.0,0.7776724100112915,0.7840501070022583,0.7782514399973629,0.790343269609163,0.7578749659097245,0.7303900430014468,1.0767713986261174,1.0231543172793884,0.7728904000964986,0.7779182866181904,0.7768948043313657,0.7779182866181904
brightness/s5,29184.0,0.7624146938323975,0.8201215863227844,0.7753720316037328,0.7957575090116397,0.7513977044519642,0.7329987064720429,1.0851665377258124,0.9537555578171888,0.7609328298166642,0.7642986050915158,0.763613464056534,0.7642986050915158
brightness/s5,29312.0,0.7879973649978638,0.8060961961746216,0.777667546766302,0.797637270314,0.7142620996744553,0.7169247539193013,1.0812083972146915,0.9533611562531135,0.7431141257450397,0.7407184877058907,0.740259839575035,0.7407184877058907
brightness/s5,29440.0,0.7621585130691528,0.7874385118484497,0.7748477224577294,0.7957829505929908,0.7299502485424039,0.7247595460120942,1.0770345997750554,0.9206623891177881,0.7521053238458528,0.7453363430097284,0.7450293140956845,0.7453363430097284
brightness/s5,29568.0,0.7792454957962036,0.7976126670837402,0.7756473176101792,0.7961156263185816,0.7451009928259066,0.7147667208841291,1.0617520925978354,0.920864175661398,0.7542502581116866,0.7468780477999007,0.7495134251384334,0.7468780477999007
brightness/s5,29696.0,0.773696780204773,0.8051950931549072,0.7752926744455599,0.7977664384706408,0.7493031439578381,0.7295132594348301,1.085716585420004,0.9401244071497357,0.7639505860086496,0.7561745609239005,0.7579387391422571,0.7561745609239005
brightness/s5,29824.0,0.7480028867721558,0.7677390575408936,0.7703308948685773,0.7923069146652322,0.7353289641370652,0.7264716860679441,1.1179479602635805,0.984882724135113,0.7570144418735588,0.7461271854118672,0.7473081642191968,0.7461271854118672
brightness/s5,29952.0,0.7483013868331909,0.7771536707878113,0.7663255297712344,0.7895517794147919,0.7453441826041511,0.7272765005909376,1.146598433115375,0.9918252288783579,0.7632183453864319,0.7616120001517457,0.7624025727417763,0.7616120001517457
brightness/s5,30080.0,0.773450493812561,0.8010655641555786,0.7676209777787483,0.7916451948222076,0.7412014776110432,0.7205838557674872,1.1445678047841708,0.9868967149033396,0.750842446085132,0.7572567934900116,0.757786019769288,0.7572567934900116
brightness/s5,30208.0,0.7664933204650879,0.775669515132904,0.7674159491762645,0.7887405257877887,0.7309385924503676,0.7096470439435244,1.124938882228904,0.9998579930695244,0.7327437035776502,0.7468516551462061,0.7472059305893581,0.7468516551462061
brightness/s5,30336.0,0.7767168283462524,0.7858859300613403,0.7691070181162624,0.78822150838298,0.7377564131279319,0.7173050459456651,1.0979075391086581,0.9773965428897007,0.7366404131387576,0.7484089592301049,0.748646118824281,0.7484089592301049
brightness/s5,30464.0,0.7692608833312988,0.7936310768127441,0.7691349936099053,0.7892050662793006,0.7436117311021693,0.7232062704264369,1.086121576120049,0.9690506775196011,0.7488047393738789,0.761848146261475,0.7591659968988986,0.761848146261475
brightness/s5,30592.0,0.7544505000114441,0.7730199098587036,0.7664650856829124,0.7862623105664648,0.7359095059444273,0.7101112223515815,1.1217230898639123,1.0154887975085412,0.7450676354486296,0.758447932621318,0.7566524442050477,0.758447932621318
brightness/s5,30720.0,0.776947021484375,0.8104090094566345,0.7683708921922692,0.7906526194555865,0.7434084295991619,0.7129670166155215,1.0744837021224634,0.9440121606420216,0.7570287476970166,0.7739920044820392,0.7727900659554451,0.7739920044820392
brightness/s5,30848.0,0.7841354608535767,0.7921150922775269,0.7712371774034159,0.7909185236050301,0.7636659735333232,0.7422547797178284,1.0481983196036118,0.9324635543030892,0.7849221368880854,0.7967942344053319,0.7959896309288516,0.7967942344053319
brightness/s5,30976.0,0.8073572516441345,0.8013611435890198,0.7778044636290011,0.7928171817839372,0.7689623459190014,0.7499804723730916,1.0030077080711712,0.932721175180153,0.7849995296523545,0.7929469668333213,0.792408347977165,0.7929469668333213
brightness/s5,31104.0,0.7867478132247925,0.7798560857772827,0.7794305271918722,0.7904606188736364,0.7500388431358604,0.7272596550596728,0.9887298741645918,0.9511793578584687,0.7734294372052951,0.7810740025909009,0.7783890593896723,0.7787496224256116
brightness/s5,31232.0,0.7555986642837524,0.778653621673584,0.7750974612085777,0.7883138921099905,0.743052861933923,0.7141159674366404,1.050117297520069,0.9828607035393354,0.7519961521787513,0.7571135885112641,0.7553162298393673,0.7555575984832607
brightness/s5,31360.0,0.7724912166595459,0.7753180861473083,0.7746235985632992,0.7859510182985936,0.7226221637739484,0.7107408542344452,1.0470988902140586,0.9910581190805311,0.7422970109626351,0.7508880220612594,0.7468439224544524,0.7498464089020174
brightness/s5,31488.0,0.7996491193771362,0.8230810761451721,0.779173693256724,0.7927019379070623,0.7482016137660314,0.734049662751984,1.0386962775420576,0.9493324474469645,0.7696368420493672,0.7759043784046447,0.7703562621389309,0.7752071001740777
brightness/s5,31616.0,0.7963979244232178,0.7988234758377075,0.7823053716506319,0.7938149448035433,0.7699738075623845,0.76618200564389,1.017419256624231,0.9249515246048131,0.7923292083140391,0.7965248318245968,0.7928108035806066,0.7960580587942172
brightness/s5,31744.0,0.788178563117981,0.8097553253173828,0.7833732246446953,0.7967131958060595,0.752523788533497,0.7597995244392983,1.0182192547786713,0.9181650940759937,0.7778195526730345,0.7788203419652259,0.7786584718184225,0.7785078740688561
brightness/s5,31872.0,0.7893255949020386,0.7881194949150085,0.7844554737823941,0.7951507047349593,0.7421336931505227,0.7320248882610179,1.0049501165847368,0.9359463535383883,0.7652655683183123,0.7682598983403577,0.7681515389858862,0.7680507256163416
brightness/s5,32000.0,0.7787078022956848,0.7822653651237488,0.7834104426029923,0.7928079157147391,0.7468002408693581,0.7201468260259705,0.9779089350289312,0.9400280581800396,0.7674505044114321,0.7694549732691649,0.7693824351888989,0.7693149485530881
brightness/s5,32128.0,0.755624532699585,0.7695213556289673,0.778358458984191,0.7885739956991441,0.7352030538051073,0.7150363050256496,1.0415983002718507,0.9827126116939391,0.7433449657630248,0.7446868002876227,0.7446382417380231,0.7445930647338853
brightness/s5,32256.0,0.7774474620819092,0.8013205528259277,0.778192823183776,0.7908915515403774,0.7501669203158156,0.7258197579097324,1.0454127873174364,0.9341162797524813,0.7452867126182231,0.7518667836636151,0.7518342775271063,0.751804035069791
brightness/s5,32384.0,0.7554166913032532,0.7990365028381348,0.7740517082964082,0.7923724517763333,0.7516613268229839,0.7338132263693249,1.077731546045789,0.9154908766216622,0.7473613530750087,0.7517661940227507,0.7517444337164927,0.7517241887657278
brightness/s5,32512.0,0.7871623635292053,0.7907015085220337,0.7764354637932803,0.7920686439119151,0.7436224584517495,0.7236683581480603,1.0594504864649121,0.928415825954148,0.7510745421411216,0.754023237321015,0.7540086705044289,0.7539951180993714
brightness/s5,32640.0,0.7777257561683655,0.7795025110244751,0.776670062406932,0.7897838924778351,0.7470220589635677,0.7163606364462222,1.070154926930025,0.9653939377364751,0.7496862637473622,0.7568254729173736,0.7568157215773449,0.7568066493061907
brightness/s5,32768.0,0.7737365365028381,0.7853444218635559,0.776136694060733,0.7889767160025116,0.752655262611975,0.7223157979516033,1.0797573186977387,0.9740161906087333,0.7544387385416226,0.7592178785645227,0.7592113508079746,0.7592052776347226
brightness/s5,32896.0,0.757729709148407,0.7551102042198181,0.7727899695312193,0.7828191684056582,0.7473869939799171,0.7180378482155361,1.0855991292754466,0.9817750480571714,0.7387668415030695,0.7419661005266638,0.744802639797074,0.7419576651934918
brightness/s5,33024.0,0.7577548623085022,0.7777978777885437,0.7700563136725433,0.7819062064752738,0.7374036901849031,0.721114179383954,1.113647284380933,0.9934588195952054,0.7476455715846992,0.7497872243195021,0.7516860646575452,0.7497815775262218
brightness/s5,33152.0,0.791418731212616,0.7999975681304932,0.7739403895889201,0.7851955449580408,0.7402764372312162,0.7288553597528948,1.049657053232025,0.9548798127015548,0.7569466223005011,0.7612211997510715,0.7624923242748856,0.7612174196663136
brightness/s5,33280.0,0.7597953677177429,0.7922669649124146,0.7713685674305242,0.7864812576770178,0.7352263753365992,0.7064031747106155,1.080627878711131,0.9511801135492796,0.7448361686474428,0.748214191568899,0.7513894898038489,0.7482116610989371
brightness/s5,33408.0,0.8092401027679443,0.8087565898895264,0.7782543011282369,0.7905313180792921,0.7566391438203679,0.7252058442277672,0.9974939578217091,0.9039554998961282,0.7692704930615113,0.7715318141907505,0.7736574270587748,0.7715301202397842
brightness/s5,33536.0,0.7860602140426636,0.8012800216674805,0.779673558021769,0.7924856278225991,0.7536695921442131,0.7310778791937945,0.99145011996171,0.887834584795626,0.7629000821320859,0.7757774954500064,0.777200426378188,0.7757763614828306
brightness/s5,33664.0,0.8043237328529358,0.8400523662567139,0.784155407991072,0.8011341257197109,0.7679523716006715,0.7406905637578294,0.985806665184924,0.8521714962771654,0.779296749195859,0.7907580754665331,0.7917106160052332,0.7907573163645394
brightness/s5,33792.0,0.7720006704330444,0.7865334153175354,0.7819454557077943,0.7984794511011335,0.7648586123938379,0.7282721955734228,1.0033093394522918,0.898368962652871,0.7662544354121039,0.781416562915613,0.7820542140200321,0.7814160547564272
brightness/s5,33920.0,0.7847409248352051,0.7849217057228088,0.7824537228218689,0.7960144064868926,0.7545231206933956,0.7116946102598947,1.0009599676444914,0.896225896189023,0.7515835476725653,0.7617334016211954,0.7621602589720874,0.7617330614485173
brightness/s5,34048.0,0.8108208775520325,0.8153390884399414,0.7876113873182622,0.7995279850238106,0.7620671303815292,0.7111860614136485,0.9630802901059615,0.8854772645864122,0.7613906393510561,0.7681851696803044,0.7684709171631329,0.7681849419614041
brightness/s5,34176.0,0.7561816573143005,0.8018966913223267,0.7818968909539055,0.799958658896268,0.7758982443049905,0.7204014130124423,1.0167230014212272,0.8808391044038811,0.7661478660118639,0.7763780887942533,0.7737284652083781,0.7763779363543282
brightness/s5,34304.0,0.7964845895767212,0.7935546040534973,0.7845491997944174,0.7987942852884915,0.7841240313116051,0.7312191277190728,0.9784073100444655,0.8845330945629065,0.7768221251814956,0.7906435966308637,0.7865455015031291,0.7906434945843022
brightness/s5,34432.0,0.7861822843551636,0.7954095602035522,0.7848461242600075,0.7981788807275935,0.7751677399689256,0.7397520607045033,0.9734933498990397,0.8749550215060331,0.7726040672702573,0.78185645724876,0.779113104312012,0.7818563889365989
brightness/s5,34560.0,0.8108410835266113,0.8308267593383789,0.789572480490299,0.8041148586568271,0.7869924540287848,0.7552782389840063,0.9472090422966268,0.8300093857086397,0.795606854949511,0.8018006036128063,0.7999641442088674,0.8018005578831777
brightness/s5,34688.0,0.7887391448020935,0.828931450843811,0.7894209649106253,0.8086269663271877,0.7714061055895172,0.7540498955182191,0.9758966199035757,0.8249342916578073,0.7856954979414081,0.7921661065507215,0.7886123609993243,0.7921660759383256
brightness/s5,34816.0,0.7612794637680054,0.8080530762672424,0.7843043283392399,0.8085226226799249,0.7441850789483544,0.740572657330378,1.0186298677986156,0.8576141352264114,0.7612403746549921,0.7627310300050283,0.7603520763714483,0.7627310095124327
brightness/s5,34944.0,0.754654049873352,0.7863239049911499,0.7789133686181693,0.8044864921910566,0.732419350370386,0.7279350020145505,1.0451895100049806,0.8568537052500759,0.7474522342731764,0.7536154002512998,0.7520228775709694,0.753615386533116
brightness/s5,35072.0,0.7695155739784241,0.7830599546432495,0.77720467868367,0.8005907580914553,0.7364232841322418,0.7117271501089139,1.025999277974606,0.8703896088855569,0.7384804212903081,0.7506123753748368,0.7467053973822191,0.75061236619159
brightness/s5,35200.0,0.7907288074493408,0.8136553764343262,0.7796636111865193,0.8029661432447046,0.7378122811133189,0.7339351170150579,1.0152460374597403,0.8519180768120924,0.7621749101199583,0.7646144826889403,0.7648399767599979,0.7646144765414775
brightness/s5,35328.0,0.7624026536941528,0.7797574996948242,0.7765252552788163,0.798746389871999,0.716789626199825,0.7160020204811544,1.023147555004515,0.8792962726026852,0.745236923303443,0.7422212652711087,0.7446965960128911,0.7422212611558651
brightness/s5,35456.0,0.8037098050117493,0.8216227889060974,0.7814679006848042,0.8029057351509259,0.7535947084478167,0.7564249062725082,1.0066600742146952,0.8888414403473348,0.7896833949386683,0.7876646486525604,0.7893216882400345,0.7876646458977278
brightness/s5,35584.0,0.7743818163871765,0.7974685430526733,0.7801795217215991,0.8019171547694254,0.7425923254898606,0.7478443587444064,1.0049344250967451,0.8944542484791447,0.7856041734713399,0.7814118722384907,0.7853620392350642,0.7814118703943466
brightness/s5,35712.0,0.788986086845398,0.7989795207977295,0.7817807153804716,0.8013830395018443,0.7558882509477578,0.765344157506586,0.99104359680483,0.9095991339747742,0.7944953557948639,0.7945298483579979,0.7971741750251256,0.7945298471234881
brightness/s5,35840.0,0.7125334739685059,0.7556949853897095,0.7691903078510232,0.7930761205723652,0.7379293250146146,0.7434845186614336,1.094545123798756,0.9377422552821684,0.7619658993337517,0.7676708075784944,0.766600067578803,0.767670806752087
brightness/s5,35968.0,0.7997190952301025,0.80000901222229,0.7747409964654012,0.7943366463268969,0.7620642588940807,0.7479627769551745,1.0733134416810717,0.9400340495547392,0.7729895689754865,0.7796494662302317,0.7789326898668019,0.7796494656770168
brightness/s5,36096.0,0.8082227110862732,0.8301417231559753,0.7808285809419233,0.8008466602958202,0.7730554129786821,0.7669730159782573,1.0148580178690971,0.890942237611398,0.7832099593968131,0.7928335269805682,0.7900293213157928,0.7928335266102342
brightness/s5,36224.0,0.7721129655838013,0.8033130168914795,0.7792439236040829,0.8012950887677581,0.7494213921592828,0.7549054900350316,1.0283945681560422,0.8904810126548511,0.7619008819102633,0.7683431048382314,0.7664659093105719,0.768343104590322
brightness/s5,36352.0,0.7881946563720703,0.8159354329109192,0.7808713295618988,0.8039569695210601,0.7622676261562141,0.747085493329236,1.029367592737513,0.8732762256683114,0.7747538961548044,0.7795829875363366,0.7754854434227794,0.7795829873703808
brightness/s5,36480.0,0.7877529859542847,0.7981007695198059,0.7821225398150597,0.8028922058844683,0.7657018819723416,0.730228718674943,1.013923996828479,0.8909219508929007,0.769411699078836,0.774452247854903,0.7745501728697943,0.7744522477438086
brightness/s5,36608.0,0.7618487477302551,0.779248833656311,0.7784363957996407,0.7985934109338941,0.742690929254212,0.7341820348154576,1.0222200963577708,0.8982804800611874,0.7743582448378984,0.7697262981508027,0.7726327603508539,0.7697262980764339
brightness/s5,36736.0,0.7997964024543762,0.8308063745498657,0.782320033373229,0.8044503134095252,0.7590534319800922,0.7412189654549758,1.0094121526326747,0.8634384235312076,0.7789608911724775,0.7730192574397934,0.7749649056894146,0.7730192573900094
brightness/s5,36864.0,0.7962128520011902,0.8139843940734863,0.7848460003964945,0.8061837826211544,0.7829200660362601,0.7464461669574631,0.9691822839853248,0.8486845777433207,0.7866907618592617,0.7827133045671344,0.7840157633127486,0.7827133045338079
brightness/s5,36992.0,0.7753504514694214,0.8007898926734924,0.7831195369552085,0.8052030753579431,0.7926985566027855,0.773189169616153,0.9982376129496224,0.8707130303117594,0.7967723281867785,0.7964341129746931,0.794981626680435,0.7964341129523838
brightness/s5,37120.0,0.7617928385734558,0.8052970767021179,0.7792419554312535,0.8052201665114294,0.7703188684696333,0.7422795267678379,1.034569367985192,0.8631221180454509,0.7702050296126367,0.7699786210822326,0.7690062955464069,0.7699786210672981
brightness/s5,37248.0,0.8086733818054199,0.8154405355453491,0.7845931238629201,0.8070784154266875,0.7762568458350437,0.7518048898197923,0.9465114243007665,0.8129051406102279,0.7813459289142443,0.781194366179015,0.7805434705723879,0.7811943661690176
brightness/s5,37376.0,0.7736494541168213,0.816893458366394,0.7826033657272657,0.8088629686884522,0.7673186323358556,0.7543074055818443,0.9898895702918158,0.8071717130516094,0.7730497540665602,0.778113583971076,0.7776778604658133,0.7781135839643836
brightness/s5,37504.0,0.7842881083488464,0.7945500612258911,0.782909682567553,0.8062606218770774,0.7484219770182173,0.7438442136539618,1.0088514917604052,0.8602882192625025,0.7649134717305073,0.7664954570384888,0.7662037743614121,0.7664954570340087
brightness/s5,37632.0,0.7587096691131592,0.7710912227630615,0.7785096801212995,0.799866185674529,0.7249250424667404,0.7316746388923215,1.0346996402563682,0.9111987674643243,0.7457788529766205,0.7514866282654346,0.7489669894485486,0.7514866282624355
brightness/s5,37760.0,0.7774394750595093,0.7935611009597778,0.7783150973827921,0.7987198066354833,0.7239167639653385,0.7119061632254383,1.0275644271511548,0.9098681614395516,0.7327114635628617,0.7388567511528942,0.7348456706225821,0.7388567511508866
brightness/s5,37888.0,0.7835752367973328,0.7872649431228638,0.779271486367254,0.7966371041786433,0.7245331229850613,0.7051293324071115,1.030403814141773,0.9388903077749833,0.7260299880048908,0.7301437755651605,0.7274586720696623,0.7301437755638165
brightness/s5,38016.0,0.7299472093582153,0.7802262902259827,0.7703034360019743,0.793653319823614,0.7122907682792559,0.70446674318162,1.1220950193264811,0.9620004808615246,0.7339539589123648,0.7390321968659339,0.7372347308896087,0.7390321968650341
brightness/s5,38144.0,0.7537145614624023,0.8055490255355835,0.7672872769947794,0.7958161754076083,0.7275975390960308,0.7006657537000928,1.139265438472401,0.9385049346167836,0.7317687658834837,0.7398170078193441,0.736289365306267,0.7398170078187417
brightness/s5,38272.0,0.7777472138404846,0.7641307711601257,0.7691890836939984,0.7900551928171569,0.7326789311304006,0.7123258351215496,1.0729641509201313,0.9423736720122897,0.7401200003021667,0.7455076663914617,0.743146186692625,0.7455076663910585
brightness/s5,38400.0,0.7603832483291626,0.7822216749191284,0.7675880227185737,0.7886309168356971,0.7226507720790285,0.7183234929326074,1.0461636234609228,0.9122919900816976,0.7436443803675661,0.750091908906681,0.7485110836537406,0.7500919089064111
brightness/s5,38528.0,0.7516793608665466,0.8013253211975098,0.7646955387454779,0.7909389903560267,0.732724897011581,0.7264706853515802,1.0728921888553762,0.8907772408961807,0.7444540893369657,0.7430883853011665,0.7420301469087023,0.7430883853009858
brightness/s5,38656.0,0.7844117879867554,0.7814866304397583,0.768280311334801,0.7892203794621597,0.7206154269251078,0.7203026901940329,1.0530474766070657,0.9301756474845368,0.7398308366635886,0.7360756959454089,0.7353672884264866,0.7360756959452879
brightness/s5,38784.0,0.7869336009025574,0.7966450452804565,0.7716718185289384,0.79057031870185,0.7548644593465598,0.7368348587249312,1.016885173634373,0.8964933384641252,0.7672111385929807,0.7646973667072571,0.7642231434921108,0.7646973667071761
brightness/s5,38912.0,0.7766629457473755,0.7878048419952393,0.7725792962050178,0.7900675047551935,0.7408596793972837,0.721300607906772,1.036633096759069,0.906521439030088,0.744992580380425,0.7456341876304778,0.7453167324203386,0.7456341876304237
brightness/s5,39040.0,0.7827048897743225,0.7994463443756104,0.7744203132176186,0.791772748322542,0.7381994548031403,0.7227818119045333,1.049243087385873,0.9150329282906075,0.7456148678579704,0.7460443735377578,0.745831862198739,0.7460443735377216
brightness/s5,39168.0,0.7849600315093994,0.7784637212753296,0.7763366256343059,0.7893529252230488,0.7439083127194576,0.7250646840022082,1.0144273993397315,0.9194557479041502,0.7620438371611206,0.7623313574922179,0.7621890978355195,0.7623313574921937
brightness/s5,39296.0,0.7956529855728149,0.8230816125869751,0.7798486910776712,0.7954854138346716,0.739723746531207,0.7121300777204864,1.0028961449606928,0.8856978862184075,0.7523805852070311,0.7525730574947904,0.7524778258237774,0.7525730574947742
brightness/s5,39424.0,0.7680490016937256,0.7860011458396912,0.7777032930078629,0.7937610014719478,0.7666229212316342,0.7316222007880941,1.0136784725028625,0.8840745158304859,0.7712217140642109,0.7770323773312232,0.7769686272043468,0.7770323773312124
brightness/s5,39552.0,0.8014743328094482,0.8335155844688416,0.7820253002445148,0.800989107471383,0.7846298067748956,0.7531933740812861,0.9703999204606937,0.8282420172606924,0.7848674284231493,0.7967634096184221,0.7938798248227446,0.796763409618415
brightness/s5,39680.0,0.7972161173820496,0.7957899570465088,0.7847872669967938,0.800043807394133,0.7819629285022027,0.7544620933932575,0.9501298463187443,0.8336198099056193,0.7940021628287197,0.8042899684222493,0.8023596347986967,0.8042899684222446
brightness/s5,39808.0,0.781104326248169,0.8014789819717407,0.7841176414061346,0.8003047482264253,0.7739793157742016,0.7527287567343294,0.9565297840245728,0.8133467833000306,0.7872039271828619,0.7940908053074561,0.7904742183363176,0.7940908053074529
brightness/s5,39936.0,0.7915424108505249,0.7966292500495911,0.7854675994869328,0.7996364758306371,0.7797402857662009,0.7386552007890964,0.9536318358104592,0.8269222964790804,0.7927253562133206,0.7996599605777184,0.7972389395474522,0.7996599605777164
brightness/s5,40064.0,0.7516782283782959,0.7769558429718018,0.7793240774671806,0.7955127244017579,0.7515720094798534,0.7201948038340231,1.006442276310013,0.8977014056133295,0.7752438334981733,0.7752372463371502,0.7736165628375506,0.7752372463371489
brightness/s5,40192.0,0.7546764016151428,0.7845801115036011,0.7748426818577192,0.793524976602093,0.7267754774203976,0.7194589182690568,1.0657157998222784,0.9175593356572662,0.7534690125070416,0.7534646029199104,0.7523796825606743,0.7534646029199095
brightness/s5,40320.0,0.7473417520523071,0.7752683758735657,0.7698425128021897,0.7902055946514517,0.7272216005872082,0.7109601023123437,1.0815496442863375,0.9340751823995798,0.7468986777939698,0.7502531639381218,0.7495268949373108,0.7502531639381211
brightness/s5,40448.0,0.765706479549408,0.780602753162384,0.7690905067562294,0.7884596234716212,0.7280367739468088,0.7163761841925607,1.0875227716097746,0.9437918095174549,0.7396594454653848,0.7457789775122965,0.7452927974373733,0.7457789775122958
brightness/s5,40576.0,0.805686354637146,0.8165423274040222,0.7757442972800324,0.7935655696411485,0.7363304023941447,0.7135452142115487,1.0153454079024478,0.8949505291850709,0.7394621081214559,0.7492404725495537,0.7489150131605556,0.7492404725495533
brightness/s5,40704.0,0.7797161936759949,0.8001012206077576,0.7764664602611163,0.7947538698168957,0.7421405999497992,0.7121666310011192,1.0213992985132239,0.9013166483441812,0.742945708742462,0.7494915560042466,0.7469493063306198,0.7494915560042463
brightness/s5,40832.0,0.7853240370750427,0.7980941534042358,0.7780769287727394,0.795361194105503,0.7331168479002788,0.7112437777776086,1.026322290387918,0.889195912922205,0.747860350480491,0.7545666614573883,0.75286482489901,0.754566661457388
brightness/s5,40960.0,0.7591568231582642,0.7936171293258667,0.7746369095701074,0.7950440914182964,0.7317249147101039,0.7026198016527793,1.0577505693296156,0.9221366908385019,0.7439189123051221,0.7478917320499872,0.7467524860894198,0.747891732049987
brightness/s5,41088.0,0.7754340171813965,0.8153448700904846,0.7747818382267054,0.7987351420859669,0.7320844470373422,0.7262888754865713,1.0459102391393917,0.88883378187563,0.7591006768323545,0.7589192586450327,0.7609975320102728,0.7589192586450326
brightness/s5,41216.0,0.8015908002853394,0.8350563645362854,0.7796561949646388,0.8053390007132974,0.7666742992564026,0.7416169331769609,0.9788599200932997,0.8181300508466488,0.7715880563919066,0.7817971896714682,0.7808640503539841,0.7817971896714679
brightness/s5,41344.0,0.8060363531112671,0.8144516944885254,0.7844525873549348,0.8069958541269752,0.7521228780146166,0.7358654676639158,0.9621759088398948,0.8239460961438219,0.7691002691549126,0.7679282839949495,0.7673036204848984,0.7679282839949495
brightness/s5,41472.0,0.7645173668861389,0.7962542772293091,0.7808280018151537,0.8050428401455813,0.7315347365221813,0.7273665527336955,1.0117456308380932,0.8304670191088466,0.7485815851367595,0.7529623223437265,0.7525441591675766,0.7529623223437265
brightness/s5,41600.0,0.7713772654533386,0.7715904116630554,0.7791096861130055,0.7989605804214857,0.7092298649446006,0.7077309154663581,1.0276283832797248,0.8924539766024384,0.7351042016204753,0.7333880009077838,0.7331080734923445,0.7333880009077838
brightness/s5,41728.0,0.8024343848228455,0.8004531264305115,0.7833505404238854,0.7992319524231266,0.7100526368637408,0.6935533401055786,0.9780461195457046,0.8761627930141492,0.7377040523244504,0.7365551906903345,0.7363678012634702,0.7365551906903345
brightness/s5,41856.0,0.7756037712097168,0.7912611961364746,0.7819420369304002,0.7977827240073717,0.7038885420327521,0.6962009962690235,0.9980210880858784,0.8857504113619462,0.7304051920519047,0.7296361193877445,0.732351585969761,0.7296361193877445
brightness/s5,41984.0,0.7924821376800537,0.8004796504974365,0.7838584188848826,0.7982730742782925,0.7286877843359745,0.713469261965214,0.9665766751259399,0.8652422969273131,0.7454055417868122,0.7454072369455148,0.7443841195334763,0.7454072369455148
brightness/s5,42112.0,0.7541123628616333,0.7923398017883301,0.7784500450624736,0.7971942974619357,0.7039666159604456,0.7087583489188622,1.0191753336177025,0.8920745305476795,0.7306537097911717,0.7278139354759231,0.7271290386959633,0.7278139354759231
brightness/s5,42240.0,0.7670403718948364,0.7932525873184204,0.7763755590319941,0.7964776228903874,0.6925830239074057,0.6983733575407258,1.0359565274932545,0.8955470737617164,0.718195871843677,0.7124208989549567,0.7119624143336614,0.7124208989549567
brightness/s5,42368.0,0.8085153102874756,0.8312716484069824,0.7822191501693543,0.80280380934795,0.7358407019545442,0.745398693890899,0.958292305320504,0.8415534793188393,0.7553108728870894,0.7486040728541445,0.7482971533969136,0.7486040728541445
brightness/s5,42496.0,0.7864675521850586,0.8282477855682373,0.7829915868994823,0.8074299868425477,0.7358727013084138,0.7226429273153951,0.9719019028753798,0.8288479995849602,0.7378010801971424,0.7402845446378983,0.735430325827686,0.7402845446378983
brightness/s5,42624.0,0.7596638202667236,0.7804548144340515,0.7787501747844352,0.802525410041003,0.7258218083138968,0.7133498108474958,0.9831632329331216,0.8380975760391862,0.740800723107178,0.7401388274022294,0.7397302181160541,0.7401388274022294
brightness/s5,42752.0,0.7559733390808105,0.791212260723114,0.7746089319292307,0.8004684738013867,0.7325232766398811,0.7076453279227037,1.049743721158229,0.8827825346491326,0.7368686658816646,0.7387499588395088,0.7361520468380196,0.7387499588395088
brightness/s5,42880.0,0.7698310613632202,0.7775188684463501,0.7737402281899561,0.7962958182822891,0.7238378959324824,0.7095084426589999,1.0553037635135973,0.899054983653172,0.7347529912100399,0.7360123691404976,0.7342732710237982,0.7360123691404976
brightness/s5,43008.0,0.7738096714019775,0.8084564805030823,0.7737528542285055,0.7985068477769788,0.7386848724837278,0.7228940814494131,1.0270870116488617,0.845394745437904,0.7397933246943241,0.7543243958709116,0.7531602062225424,0.7543243958709116
brightness/s5,43136.0,0.7694302797317505,0.7942724823951721,0.7729669315927318,0.7977369631621047,0.7388097080262971,0.735212153697541,1.0243840701636326,0.84286611346549,0.7545310685970268,0.7670993889714366,0.766320055405173,0.7670993889714366
brightness/s5,43264.0,0.7883350253105164,0.8292859792709351,0.7757611304505108,0.8034731479091647,0.7569717880176037,0.7346771442107505,0.9975488805473579,0.8115017169861625,0.7687873269120592,0.7828826488155898,0.7823609461803223,0.7828826488155898
brightness/s5,43392.0,0.7709837555885315,0.8026476502418518,0.7748925168392418,0.8033230574241987,0.7412373126398835,0.7263127990171139,1.0136423387801345,0.8257825457409713,0.7566365576849322,0.7660722690418411,0.7657230300876536,0.7660722690418411
brightness/s5,43520.0,0.7879670858383179,0.806783139705658,0.77726971120271,0.8039521632935549,0.7492993580481864,0.7369841877717869,0.9843801396056734,0.8148262043890966,0.7699385220866074,0.7790958991106538,0.7788621110504127,0.7790958991106538
brightness/s5,43648.0,0.7964292168617249,0.8140299320220947,0.7807532576861672,0.8057844848805621,0.7536632066272982,0.7252745389216092,0.973452932819964,0.8137446641494309,0.7656716552811172,0.7746427093220078,0.7744862065709375,0.7746427093220078
brightness/s5,43776.0,0.7879601716995239,0.8193801045417786,0.7820636056885957,0.808256415728056,0.7617497498910012,0.7334482450632259,0.9479134278356911,0.7884585275836616,0.7679806122129793,0.776310408719691,0.7762056424152557,0.776310408719691
brightness/s5,43904.0,0.8254144191741943,0.8107168674468994,0.7899455717768863,0.8087037705860274,0.763030824307199,0.7440851888439777,0.8968708636229117,0.7992129803538109,0.7775324759442258,0.7831086207131815,0.7830384878978157,0.7831086207131815
brightness/s5,44032.0,0.785069465637207,0.8187763690948486,0.7890590070242173,0.8105351521330858,0.7734441881725878,0.7447491760029933,0.9491170952397725,0.8005135556456328,0.7746291781114238,0.7788784981633694,0.7788315497497773,0.7788784981633694
brightness/s5,44160.0,0.7990726232528687,0.8083912134170532,0.7908796645203356,0.8101453450938072,0.7669853656361951,0.7402866384813426,0.9434934676218372,0.8049094280692066,0.775784821710953,0.778629407861429,0.7785979795845616,0.778629407861429
brightness/s5,44288.0,0.7985974550247192,0.8102841377258301,0.7922828991574963,0.8101705801178114,0.7696348315415851,0.7476298984875103,0.9036889764746978,0.7792724243606599,0.7812071946990677,0.7831114217915349,0.7854147631929709,0.7831114217915349
brightness/s5,44416.0,0.7899290323257446,0.7902456521987915,0.791854923369905,0.8065478659507168,0.7693423252468461,0.7416985270866804,0.9249547481369029,0.8073644700590925,0.7817378741373924,0.7830126046703663,0.7845545108977737,0.7830126046703663
brightness/s5,44544.0,0.7903890609741211,0.8005847930908203,0.7915884029343079,0.805463670885281,0.7647560193801201,0.7508994272233148,0.9190161728549553,0.8000745992510088,0.7805435355795766,0.7813968675892533,0.7824290527497493,0.7813968675892533
brightness/s5,44672.0,0.8037276864051819,0.8391961455345154,0.7937955453835577,0.8115968480942327,0.782088740246196,0.7573169719428801,0.888610306849142,0.7525502974275501,0.7805188130739313,0.7839309609481777,0.7841053989481792,0.7839309609481777
brightness/s5,44800.0,0.7990487217903137,0.826539158821106,0.7947506683666041,0.8143136318627551,0.779487090578032,0.7600634274989526,0.8712481879422393,0.7234988351278592,0.7882501971817225,0.7928587424529122,0.7929755149983678,0.7928587424529122
brightness/s5,44928.0,0.7634093761444092,0.7902696132659912,0.7890522515989322,0.809941992117889,0.761733093692732,0.7407242779125218,0.9250976163178234,0.753104493070125,0.7756055038985084,0.7792070920552552,0.7792852621063453,0.7792070920552552
brightness/s5,45056.0,0.7617113590240479,0.8109531402587891,0.7840811802216804,0.8101258372344162,0.7446828974306717,0.7339765827348286,0.9661004469089216,0.7593091907656129,0.7591346761634643,0.7638700368303772,0.7615979853769748,0.7638700368303772
brightness/s5,45184.0,0.7868077158927917,0.8204803466796875,0.7845769139800642,0.8120084753153746,0.74876499745359,0.7351413487729017,0.9629394278617378,0.7724064483352197,0.7664455270185174,0.7719398593657897,0.7704188993019417,0.7719398593657897
brightness/s5,45312.0,0.8168105483055115,0.8360006809234619,0.7904375747665092,0.816370694516845,0.7646691305267834,0.7483177624016943,0.9284159757225848,0.7505861598127825,0.7834779974256191,0.7928378397407352,0.791303147466589,0.7928378397407352
brightness/s5,45440.0,0.7828958630561829,0.7877757549285889,0.7890663544555407,0.8111716145917075,0.7425161121708219,0.720723047558159,0.9662214745994606,0.8170265405202479,0.7512332048882242,0.7608563224710705,0.7621533466511875,0.7608563224710705
brightness/s5,45568.0,0.7884718179702759,0.8038455247879028,0.7889582569127653,0.809839598263743,0.7393083064945172,0.7138724533240568,0.9648805645077123,0.8248547811110734,0.7417862776524475,0.751585637356667,0.7524538932127782,0.751585637356667
brightness/s5,45696.0,0.7755111455917358,0.8076514005661011,0.786513327581669,0.809441744136899,0.7288964696368254,0.717034452225195,0.9859346856956508,0.8127446072840439,0.743726764378911,0.7502866663296696,0.7508678954564878,0.7502866663296696
brightness/s5,45824.0,0.7957948446273804,0.8199822902679443,0.7882008761354347,0.8113582070698162,0.7575670581866353,0.7302565341342214,0.9325284937632238,0.7616652940760001,0.7486414703693536,0.7581980989479605,0.7585871862146736,0.7581980989479605
brightness/s5,45952.0,0.8125047087669373,0.862626850605011,0.7926197547957079,0.8206797786216697,0.7666874521745244,0.7442729691311729,0.897567869832516,0.7161253167734375,0.7594211495860962,0.7686594711965685,0.7689199345734591,0.7686594711965685
brightness/s5,46080.0,0.7890708446502686,0.8088654279708862,0.791974498405628,0.8185317148669818,0.7490325093069129,0.7317033925588844,0.9256465061509118,0.7703307162280353,0.7470091993097007,0.75551791047043,0.7556922702516543,0.75551791047043
brightness/s5,46208.0,0.8353462219238281,0.8365982174873352,0.7998602663180279,0.8218165335252279,0.7599411839161978,0.7408510313823937,0.8688547223266851,0.7550697140580309,0.7585867367279813,0.7694479400669819,0.7695646602511073,0.7694479400669819
brightness/s5,46336.0,0.772341251373291,0.807011067867279,0.7948568090553484,0.819124630678328,0.7458077346877026,0.734319698693999,0.9037655282989416,0.7558583064082217,0.7598803774790618,0.7648267202101283,0.7643883262837989,0.7648267202101283
brightness/s5,46464.0,0.811267077922821,0.8295534253120422,0.7978404943039797,0.8210207751571851,0.7595903017330901,0.7596478974728422,0.8921514522988253,0.7360657659603537,0.7883806659157355,0.7968571432811602,0.7965636729668405,0.7968571432811602
brightness/s5,46592.0,0.7929804921150208,0.7983296513557434,0.7969568575423508,0.8168951162841955,0.7615852433089279,0.7572333032669438,0.8987347218686973,0.7634485900911941,0.7844738342080544,0.7901481702956528,0.7899517149612734,0.7901481702956528
brightness/s5,46720.0,0.7919285893440247,0.8227272033691406,0.7960426269608369,0.8179554957541856,0.7554310306448194,0.7455446079720862,0.9126658030752187,0.7473361767861908,0.7741105832301851,0.7779091057351063,0.7777775943129184,0.7779091057351063
brightness/s5,46848.0,0.7785396575927734,0.805415689945221,0.7928602688939163,0.8156755310616465,0.7644827560514906,0.7390112664937105,0.9554277138446574,0.7837617118826802,0.7707889028235123,0.7761726245003604,0.7760845879284826,0.7761726245003604
brightness/s5,46976.0,0.7958583831787109,0.8163964748382568,0.7934053805820607,0.8158066117483028,0.7842301920675266,0.7534910131073599,0.9638105282764783,0.7777919927685837,0.7822533151132602,0.785857294087018,0.7857983605141081,0.785857294087018
brightness/s5,47104.0,0.7822036147117615,0.7966742515563965,0.7913686958783699,0.8123280008043199,0.7584516161774352,0.7311592732371582,0.9573544621927951,0.7903146938477993,0.7589361035055708,0.7641895935623839,0.7641501421623367,0.7641895935623839
brightness/s5,47232.0,0.7979390025138855,0.7989406585693359,0.7925632970848272,0.8098939385797772,0.751783726532002,0.7180177779521473,0.9508629646491219,0.8126730783218836,0.750300201520258,0.7589822899053975,0.7589558802904898,0.7589822899053975
brightness/s5,47360.0,0.8169095516204834,0.8298463225364685,0.7969898888185829,0.813521644753721,0.75171059379415,0.7239416530092886,0.9018062288553326,0.7818291027504963,0.758723688620999,0.7640191362176628,0.7668423661448732,0.7640191362176628
brightness/s5,47488.0,0.7646323442459106,0.7935459613800049,0.7911066988962787,0.8098897023221363,0.7483041991514556,0.7211923462293583,0.9646899193888652,0.8394569288041143,0.7426683370107513,0.756543801930832,0.7555928236176424,0.756543801930832
brightness/s5,47616.0,0.7844215631484985,0.7830091118812561,0.7898912196694096,0.8050023222419762,0.737501158109652,0.7185771078064299,1.0028520414648843,0.8987505946261345,0.7370858289080235,0.7463743632760114,0.7457377579589175,0.7463743632760114
brightness/s5,47744.0,0.7572563886642456,0.7693307399749756,0.783957614032107,0.7985165800116125,0.7385338331147256,0.7237995515067837,1.0251595070398951,0.9084646324233865,0.7372227449714868,0.7405997803748504,0.7401736230964654,0.7405997803748504
brightness/s5,47872.0,0.7781361937522888,0.7832335829734802,0.782899173981231,0.7957378532774066,0.7418077725809321,0.7249711873723097,1.0127020479278175,0.9045071999340749,0.7396387796916564,0.7390585306641559,0.7387732518249066,0.7390585306641559
brightness/s5,48000.0,0.7953015565872192,0.805970311164856,0.7851541526368652,0.7975983001660337,0.7501977651161612,0.7249807122079097,0.9942913888603769,0.8863833423561212,0.7562354640911088,0.7558470329239391,0.755656061138987,0.7558470329239391
brightness/s5,48128.0,0.7823180556297302,0.800607442855835,0.7846384986355679,0.7981454170187249,0.7558142064000748,0.7097494850317412,0.998665329457262,0.8758490303697457,0.7546906825733868,0.7544306584036284,0.7543028177872557,0.7544306584036284
brightness/s5,48256.0,0.79070645570755,0.8259615898132324,0.7857417635577465,0.8032029029813625,0.7618983530446781,0.7215058536162895,0.9995967393400587,0.83769891953577,0.7601131842020192,0.7627800275263958,0.7626944482708076,0.7627800275263958
brightness/s5,48384.0,0.7737877368927002,0.7920515537261963,0.7835683041641016,0.8011753849349686,0.7574484842695779,0.7242105301067723,1.033739655034164,0.85693028298167,0.7557369249616823,0.7655283655341988,0.7654710769416149,0.7655283655341988
brightness/s5,48512.0,0.7823423147201538,0.8073239922523499,0.7833453969924747,0.8022933135381288,0.7709985721143455,0.7389343218070128,0.9810745439756832,0.8099381316873123,0.7670119084454237,0.7782152694898354,0.775852539109676,0.7782152694898354
brightness/s5,48640.0,0.8159869909286499,0.8456845879554749,0.7892802322535974,0.8101826361594644,0.787042432572413,0.7518899179038679,0.9282234239415217,0.7558574142231,0.7918633436700768,0.799363114286584,0.797781451800692,0.799363114286584
brightness/s5,48768.0,0.7928740978240967,0.8160019516944885,0.7899336623573245,0.8112406935294687,0.7711812978377309,0.7460998623984569,0.9278490017553227,0.7554098216922893,0.7893878581593076,0.792083985596804,0.7910251867426119,0.792083985596804
brightness/s5,48896.0,0.7808758020401001,0.7953504920005798,0.7882867786632837,0.8083515659787616,0.7670201249988116,0.7398994946634297,0.9554337955430063,0.7910474772843915,0.7730096405859825,0.7794632465565381,0.7787544638524921,0.7794632465565381
brightness/s5,49024.0,0.8192229270935059,0.818196713924408,0.7939115329233241,0.8101415928779699,0.7644928109496175,0.7323913972540314,0.9260645839219808,0.7893733258114775,0.7752171974170625,0.7790208510006577,0.7813872857194368,0.7790208510006577
brightness/s5,49152.0,0.8155791759490967,0.814948320388794,0.7978511043825554,0.8110155433344834,0.7883691544373471,0.7500925882444343,0.8939509154879086,0.786159621848538,0.7927073800891078,0.7952536275293658,0.7968377697791271,0.7952536275293658
brightness/s5,49280.0,0.8019236326217651,0.8162187933921814,0.7985915640624116,0.8119615887995194,0.7916975331357446,0.7575516499818113,0.8818152875967307,0.775977098589461,0.7935685767538655,0.7981139985940381,0.7991744574554487,0.7981139985940381
brightness/s5,49408.0,0.8168751001358032,0.8007441759109497,0.8019158433484828,0.8099220591834158,0.7737809932561597,0.7411089557729479,0.8863937193308536,0.8250168940849457,0.7778744191492818,0.7809172221993147,0.7816271161478623,0.7809172221993147
brightness/s5,49536.0,0.7705451846122742,0.7857290506362915,0.7962120872146267,0.8055233303566658,0.7351860368078423,0.7184799621289981,0.9452181798913388,0.8724036972841411,0.7534221318272051,0.7554590495714419,0.7559342678345193,0.7554590495714419
brightness/s5,49664.0,0.7891114354133606,0.8287665247917175,0.7949210596143964,0.8097493657084933,0.7504137932350019,0.7332903052268499,0.9334689237186099,0.8172276565611394,0.7659788651074677,0.7645015125230312,0.7648196338396368,0.7645015125230312
brightness/s5,49792.0,0.74040287733078,0.7577424049377441,0.785008662835557,0.8002935546592662,0.7123121260498773,0.6946509481270647,1.0131353498311504,0.9051723865139111,0.7343536204438419,0.7338811778046738,0.7340941350496742,0.7338811778046738
brightness/s5,49920.0,0.7812248468399048,0.7872796654701233,0.784320696290893,0.7979273929885129,0.727095307520992,0.6997766677544812,0.9916669202784736,0.8814319836739317,0.7338441591400924,0.7335278958857734,0.7336704540415173,0.7335278958857734
brightness/s5,50000.0,0.8152060508728027,0.8290506601333618,0.7899362153057856,0.8035861688330308,0.7098737182578541,0.7073401660174625,0.9986305531622481,0.8554185555650616,0.7371188172755989,0.7345827236921292,0.7370025353501065,0.7345827236921292
