global_idx,corruption,large_acc,large_nll,large_ent,large_acc_run,large_nll_run,large_ent_run,small_acc,small_nll,small_ent,small_acc_run,small_nll_run,small_ent_run,duo_acc,duo_nll,duo_ent,duo_acc_run,duo_nll_run,duo_ent_run,w_l
0,gaussian_noise/s5,0.328125,3.733431577682495,4.421759605407715,0.328125,3.733431577682495,4.421759605407715,0.1640625,5.464189052581787,6.558229923248291,0.1640625,5.464189052581787,6.558229923248291,0.3671875,3.408259391784668,4.144861221313477,0.3671875,3.408259391784668,4.144861221313477,0.5
1,gaussian_noise/s5,0.375,3.2249395847320557,4.185673713684082,0.3515625,3.4791855812072754,4.303716659545898,0.15625,5.437376976013184,6.5754313468933105,0.16015625,5.450783014297485,6.566830635070801,0.4140625,3.002657175064087,3.9352710247039795,0.390625,3.2054582834243774,4.040066123008728,0.5
2,gaussian_noise/s5,0.296875,3.966235637664795,4.366739749908447,0.3333333333333333,3.6415356000264487,4.324724356333415,0.1015625,5.671841621398926,6.580448150634766,0.140625,5.524469216664632,6.571369806925456,0.296875,3.7155075073242188,4.234727382659912,0.359375,3.375474691390991,4.104953209559123,0.5
3,gaussian_noise/s5,0.359375,3.4431025981903076,3.981213092803955,0.33984375,3.5919273495674133,4.23884654045105,0.1640625,5.501897811889648,6.521867752075195,0.146484375,5.518826365470886,6.558994293212891,0.3671875,3.227954387664795,3.8613200187683105,0.361328125,3.338594615459442,4.04404491186142,0.5
4,gaussian_noise/s5,0.3984375,3.275118112564087,3.9753310680389404,0.3515625,3.528565502166748,4.186143445968628,0.1484375,5.4008097648620605,6.563597202301025,0.146875,5.495223045349121,6.559914875030517,0.3984375,3.057253360748291,3.819540500640869,0.36875,3.282326364517212,3.9991440296173097,0.5
5,gaussian_noise/s5,0.3359375,3.6152138710021973,3.950355052947998,0.3489583333333333,3.5430068969726562,4.14684538046519,0.1328125,5.617684364318848,6.548070907592773,0.14453125,5.515633265177409,6.5579408804575605,0.375,3.4525225162506104,3.8255717754364014,0.3697916666666667,3.310692389806112,3.970215320587158,0.5
6,gaussian_noise/s5,0.3203125,3.3916735649108887,3.7219247817993164,0.34486607142857145,3.521387849535261,4.086142437798636,0.1328125,5.585907936096191,6.593979835510254,0.14285714285714285,5.5256725038800925,6.563089302607945,0.328125,3.228017807006836,3.7088050842285156,0.3638392857142857,3.2988817351205006,3.932871001107352,0.5
7,gaussian_noise/s5,0.359375,3.4084794521331787,3.855072498321533,0.3466796875,3.5072742998600006,4.057258695363998,0.1171875,5.452032089233398,6.521322727203369,0.1396484375,5.516467452049255,6.557868480682373,0.4140625,3.162489891052246,3.743110179901123,0.3701171875,3.281832754611969,3.9091508984565735,0.5
8,gaussian_noise/s5,0.4140625,3.182568073272705,3.447695732116699,0.3541666666666667,3.47119583023919,3.9895294772254095,0.1796875,5.315949440002441,6.532417297363281,0.1440972222222222,5.494187672932942,6.555040571424696,0.453125,2.9590795040130615,3.3621034622192383,0.3793402777777778,3.2459712823232016,3.8483678499857583,0.5
9,gaussian_noise/s5,0.359375,3.3182761669158936,3.515242099761963,0.3546875,3.4559038639068604,3.942100739479065,0.1171875,5.353780746459961,6.495182991027832,0.14140625,5.480146980285644,6.54905481338501,0.3984375,3.05861234664917,3.4926767349243164,0.38125,3.2272353887557985,3.8127987384796143,0.5
10,gaussian_noise/s5,0.390625,3.168045997619629,3.4816036224365234,0.35795454545454547,3.4297349669716577,3.90023736520247,0.109375,5.573082447052002,6.48479700088501,0.13849431818181818,5.488595659082586,6.543213194066828,0.3984375,2.999157190322876,3.5297539234161377,0.3828125,3.206501007080078,3.7870673916556616,0.5
11,gaussian_noise/s5,0.4296875,3.308208465576172,3.377558708190918,0.3639322916666667,3.4196077585220337,3.8566808104515076,0.1640625,5.344901084899902,6.528127670288086,0.140625,5.476621111234029,6.541956067085266,0.4296875,3.078014373779297,3.2740111351013184,0.38671875,3.195793787638346,3.7443127036094666,0.5
12,gaussian_noise/s5,0.328125,3.4740734100341797,3.346529483795166,0.36117788461538464,3.423797424022968,3.817438400708712,0.09375,5.592609882354736,6.473552227020264,0.13701923076923078,5.4855433243971605,6.536694233234112,0.34375,3.334965467453003,3.371086835861206,0.38341346153846156,3.206499301470243,3.715603021474985,0.5
13,gaussian_noise/s5,0.3828125,3.2897393703460693,3.1945295333862305,0.3627232142857143,3.414221848760332,3.772944910185678,0.1640625,5.364098072052002,6.437324523925781,0.13895089285714285,5.476868663515363,6.529596396854946,0.4375,3.055924415588379,3.2079193592071533,0.3872767857142857,3.1957439524786815,3.6793399027415683,0.5
14,gaussian_noise/s5,0.3203125,3.497060537338257,3.0963783264160156,0.35989583333333336,3.4197444279988605,3.7278404712677,0.1640625,5.342767238616943,6.43020486831665,0.140625,5.467928568522136,6.522970294952392,0.34375,3.289790630340576,3.0249204635620117,0.384375,3.2020137310028076,3.635711940129598,0.5
15,gaussian_noise/s5,0.3828125,3.541292667388916,3.169222116470337,0.361328125,3.427341192960739,3.692926824092865,0.1171875,5.569006443023682,6.511255741119385,0.13916015625,5.474245935678482,6.52223813533783,0.390625,3.3889880180358887,3.254225969314575,0.384765625,3.213699623942375,3.611869066953659,0.5
16,gaussian_noise/s5,0.390625,3.14985990524292,2.813082218170166,0.3630514705882353,3.411018764271456,3.6411712590385887,0.2265625,4.905946731567383,6.29452657699585,0.14430147058823528,5.44081657073077,6.508843337788301,0.421875,2.8167684078216553,2.6264970302581787,0.3869485294117647,3.1903507288764503,3.553906005971572,0.5
17,gaussian_noise/s5,0.375,3.1676199436187744,2.9681646823883057,0.3637152777777778,3.397496607568529,3.6037820047802396,0.1484375,5.462327480316162,6.439275741577148,0.14453125,5.442011621263292,6.504978471332127,0.3828125,3.0124423503875732,3.012418031692505,0.38671875,3.1804669300715127,3.523823340733846,0.5
18,gaussian_noise/s5,0.3125,3.4348506927490234,3.1386544704437256,0.36101973684210525,3.3994626120517126,3.5793016082362126,0.21875,5.030605316162109,6.343066215515137,0.1484375,5.420358657836914,6.496456773657548,0.3671875,3.078352928161621,3.0282294750213623,0.38569078947368424,3.1750925089183606,3.497739453064768,0.5
19,gaussian_noise/s5,0.328125,3.2245519161224365,3.006180763244629,0.359375,3.390717077255249,3.5506455659866334,0.203125,5.094298839569092,6.326139450073242,0.151171875,5.404055666923523,6.4879409074783325,0.3515625,2.9180471897125244,2.8871891498565674,0.383984375,3.162240242958069,3.467211937904358,0.5
20,gaussian_noise/s5,0.3125,3.2855384349823,3.0045480728149414,0.35714285714285715,3.3857085704803467,3.524640923454648,0.140625,5.3067216873168945,6.4017653465271,0.15066964285714285,5.399420715513683,6.4838373093377974,0.3515625,3.010587692260742,3.021524429321289,0.38244047619047616,3.155018692924863,3.445988723209926,0.5
21,gaussian_noise/s5,0.421875,2.9139199256896973,2.5664165019989014,0.3600852272727273,3.3642636320807715,3.481085267933932,0.25,4.8422627449035645,6.278317451477051,0.1551846590909091,5.374095353213224,6.4744954976168545,0.453125,2.5043206214904785,2.5922672748565674,0.3856534090909091,3.1254415078596636,3.407183202830228,0.5
22,gaussian_noise/s5,0.3671875,3.0225830078125,2.816969871520996,0.36039402173913043,3.3494079527647598,3.452210685481196,0.203125,4.9573140144348145,6.272581100463867,0.15726902173913043,5.355974425440249,6.465716610784116,0.40625,2.736380100250244,2.7298216819763184,0.38654891304347827,3.108525794485341,3.377732701923536,0.5
23,gaussian_noise/s5,0.3515625,3.2897708415985107,2.8568801879882812,0.3600260416666667,3.346923073132833,3.4274052480856576,0.203125,5.0801191329956055,6.234739303588867,0.1591796875,5.344480454921722,6.456092556317647,0.375,3.0737717151641846,2.7564773559570312,0.3860677083333333,3.1070777078469596,3.351847062508265,0.5
24,gaussian_noise/s5,0.359375,3.488657236099243,2.9226107597351074,0.36,3.3525924396514895,3.4072134685516358,0.171875,5.261027812957764,6.471773624420166,0.1596875,5.341142349243164,6.456719799041748,0.3671875,3.208474636077881,2.910552978515625,0.3853125,3.111133584976196,3.3341952991485595,0.5
25,gaussian_noise/s5,0.390625,3.1527678966522217,2.4702229499816895,0.36117788461538464,3.3449068803053637,3.371175371683561,0.234375,4.838057041168213,6.044305801391602,0.16256009615384615,5.3217929143172045,6.44085772220905,0.421875,2.887347459793091,2.3429927825927734,0.38671875,3.1025264263153076,3.2960721254348755,0.5
26,gaussian_noise/s5,0.3359375,3.3760251998901367,2.5687332153320312,0.3602430555555556,3.3460594106603554,3.3414552918186895,0.234375,4.810252666473389,6.139134407043457,0.1652199074074074,5.3028469792118775,6.429682784610325,0.390625,3.0257952213287354,2.4782555103302,0.38686342592592593,3.0996845298343234,3.2657826211717396,0.5
27,gaussian_noise/s5,0.359375,3.415562868118286,2.717921733856201,0.36021205357142855,3.3485416769981384,3.319186236177172,0.140625,5.250487804412842,6.190872669219971,0.16434151785714285,5.300977008683341,6.421153851917812,0.359375,3.2306008338928223,2.788560152053833,0.38588169642857145,3.104360112122127,3.2487389615603854,0.5
28,gaussian_noise/s5,0.390625,3.0160861015319824,2.629392147064209,0.36126077586206895,3.3370776916372367,3.2954002331043113,0.15625,4.968550682067871,6.149633884429932,0.1640625,5.289514031903497,6.41179109441823,0.4375,2.8039753437042236,2.500364303588867,0.3876616379310345,3.0940020166594406,3.2229329388717125,0.5
29,gaussian_noise/s5,0.4140625,2.8967368602752686,2.504490613937378,0.36302083333333335,3.3223996639251707,3.26903657913208,0.2421875,4.618150234222412,6.012739181518555,0.16666666666666666,5.267135238647461,6.398489363988241,0.4140625,2.638495445251465,2.3433055877685547,0.3885416666666667,3.0788184642791747,3.1936120271682737,0.5
30,gaussian_noise/s5,0.3828125,3.170966863632202,2.581350088119507,0.3636592741935484,3.317514734883462,3.246853143938126,0.21875,4.892997741699219,6.082298278808594,0.16834677419354838,5.255066287133001,6.388289651563091,0.3984375,2.85436749458313,2.511904239654541,0.3888608870967742,3.071578110418012,3.1716214533775084,0.5
31,gaussian_noise/s5,0.359375,3.2903435230255127,2.452249526977539,0.363525390625,3.3166656345129013,3.2220217809081078,0.1640625,4.977774143218994,6.090115547180176,0.168212890625,5.246400907635689,6.378971710801125,0.390625,2.9246721267700195,2.5058679580688477,0.388916015625,3.0669872984290123,3.1508166566491127,0.5
32,gaussian_noise/s5,0.3671875,3.0826516151428223,2.5585732460021973,0.36363636363636365,3.3095743005925957,3.201917279850353,0.203125,4.5206122398376465,6.080900192260742,0.16927083333333334,5.224407311641809,6.369939240542325,0.3984375,2.606504201889038,2.4150772094726562,0.38920454545454547,3.0530332652005283,3.12852152188619,0.5
33,gaussian_noise/s5,0.3828125,3.437344789505005,2.701949119567871,0.3642003676470588,3.3133322561488434,3.1872123339596916,0.2265625,4.694216728210449,6.079117774963379,0.17095588235294118,5.208813470952651,6.361385668025298,0.4453125,3.0354301929473877,2.554277181625366,0.3908547794117647,3.0525155277813183,3.1116319824667538,0.5
34,gaussian_noise/s5,0.3515625,3.4644076824188232,2.4810633659362793,0.3638392857142857,3.317648696899414,3.167036649159023,0.1796875,5.027407169342041,6.11801290512085,0.17120535714285715,5.203630433763776,6.354432160513742,0.34375,3.1773669719696045,2.450446605682373,0.38950892857142855,3.0560827119009835,3.092740971701486,0.5
35,gaussian_noise/s5,0.359375,3.4345200061798096,2.6089463233947754,0.3637152777777778,3.3208951221572027,3.151534140110016,0.1953125,4.909723281860352,6.162093162536621,0.171875,5.195466346210903,6.349089410569933,0.3984375,3.059354543685913,2.5564398765563965,0.3897569444444444,3.0561735961172314,3.0778437190585666,0.5
36,gaussian_noise/s5,0.3671875,3.3905701637268066,2.5239295959472656,0.3638091216216216,3.322778231388814,3.134571855132644,0.2265625,4.811585903167725,6.0892333984375,0.17335304054054054,5.185091199101628,6.342066275106894,0.375,3.0544943809509277,2.4262678623199463,0.3893581081081081,3.0561282119235478,3.0602335607683337,0.5
37,gaussian_noise/s5,0.3046875,3.6758463382720947,2.6983938217163086,0.36225328947368424,3.3320694973594263,3.1230934858322144,0.1640625,4.805612564086914,5.901674747467041,0.17310855263157895,5.17510491923282,6.33047702437953,0.328125,3.2296454906463623,2.615257740020752,0.38774671052631576,3.060694456100464,3.0485236707486605,0.5
38,gaussian_noise/s5,0.328125,3.510528087615967,2.6214404106140137,0.3613782051282051,3.3366453586480556,3.110230586467645,0.1640625,4.97376823425293,5.963861465454102,0.17287660256410256,5.169942440130772,6.321076625432724,0.3828125,3.306386947631836,2.361086845397949,0.3876201923076923,3.0669942635756273,3.0308970854832578,0.5
39,gaussian_noise/s5,0.3515625,3.474057197570801,2.6308727264404297,0.3611328125,3.3400806546211244,3.098246639966965,0.1953125,4.813384532928467,6.008232593536377,0.1734375,5.161028492450714,6.313255524635315,0.3828125,3.1169815063476562,2.443995952606201,0.3875,3.068243944644928,3.016224557161331,0.5
40,gaussian_noise/s5,0.3359375,3.836205005645752,2.501659393310547,0.36051829268292684,3.352181248548554,3.08369573151193,0.1796875,4.795297145843506,5.877176284790039,0.17358993902439024,5.152108215704197,6.302619445614699,0.3359375,3.4307267665863037,2.4017186164855957,0.3862423780487805,3.0770849890825227,3.001236607388752,0.5
41,gaussian_noise/s5,0.4375,2.985212564468384,2.1066782474517822,0.36235119047619047,3.343443898927598,3.060433410462879,0.1796875,4.82865571975708,5.852872371673584,0.17373511904761904,5.144406965800694,6.291911181949434,0.4453125,2.7858827114105225,2.0338263511657715,0.38764880952380953,3.0701516015189037,2.9782030298596336,0.5
42,gaussian_noise/s5,0.2890625,3.5321366786956787,2.748547077178955,0.3606468023255814,3.3478321031082507,3.0531802399213923,0.1171875,4.888260841369629,5.67377233505249,0.17242005813953487,5.138450079186018,6.277535859928575,0.2890625,3.3349969387054443,2.4733402729034424,0.38535610465116277,3.0763107954069624,2.966462035511815,0.5
43,gaussian_noise/s5,0.40625,3.048227548599243,2.111619472503662,0.36168323863636365,3.3410229086875916,3.0317811315709893,0.2578125,4.226280212402344,5.483799934387207,0.17436079545454544,5.117718945850026,6.259496407075361,0.4453125,2.7275826930999756,1.8487051725387573,0.38671875,3.0683851567181675,2.9410584704442457,0.5
44,gaussian_noise/s5,0.3671875,3.2353479862213135,2.5858852863311768,0.36180555555555555,3.3386745770772297,3.0218723350101047,0.2265625,4.464195251464844,5.521712303161621,0.17552083333333332,5.103196197085911,6.243101204766168,0.3828125,2.7720746994018555,2.381049394607544,0.38663194444444443,3.061800479888916,2.9286138243145414,0.5
45,gaussian_noise/s5,0.328125,3.623187303543091,2.4935083389282227,0.3610733695652174,3.3448596363482266,3.010386161182238,0.15625,4.845636367797852,5.679269790649414,0.17510190217391305,5.097597070362257,6.230844000111455,0.359375,3.3691012859344482,2.3038523197174072,0.386039402173913,3.068480932194254,2.9150320524754734,0.5
46,gaussian_noise/s5,0.390625,3.2003231048583984,2.3145294189453125,0.3617021276595745,3.3417843909973795,2.995580698581452,0.21875,4.572361946105957,5.859607696533203,0.17603058510638298,5.086421854952548,6.222945355354471,0.4375,2.9069578647613525,2.0218000411987305,0.3871343085106383,3.065044271185043,2.8960271160653295,0.5
47,gaussian_noise/s5,0.4609375,3.014302968978882,2.1365365982055664,0.36376953125,3.334961861371994,2.977683946490288,0.2578125,4.3124213218688965,5.552923679351807,0.177734375,5.070296843846639,6.208986570437749,0.4921875,2.6841373443603516,1.8643206357955933,0.3893229166666667,3.0571087102095285,2.87453323105971,0.5
48,gaussian_noise/s5,0.3828125,3.241849899291992,2.3868651390075684,0.36415816326530615,3.333061617247912,2.965626419806967,0.2265625,4.486628532409668,5.487864017486572,0.17873086734693877,5.058385245654048,6.194269783642827,0.421875,2.921724319458008,2.209994316101074,0.38998724489795916,3.0543457634594975,2.860971212387085,0.5
49,gaussian_noise/s5,0.3984375,3.2841999530792236,2.3312599658966064,0.36484375,3.3320843839645384,2.95293909072876,0.21875,4.530146598815918,5.42416524887085,0.17953125,5.0478204727172855,6.178867692947388,0.4609375,2.8411495685577393,2.2389838695526123,0.39140625,3.0500818395614626,2.8485314655303955,0.5
50,gaussian_noise/s5,0.3515625,3.647282123565674,2.3852267265319824,0.3645833333333333,3.338264731799855,2.9418074757445094,0.15625,4.94371223449707,5.596269130706787,0.1790747549019608,5.0457791347129675,6.167444191726983,0.3671875,3.4764959812164307,2.1571648120880127,0.3909313725490196,3.05844290116254,2.8349752566393684,0.5
51,gaussian_noise/s5,0.375,3.115800142288208,2.283257484436035,0.36478365384615385,3.3339865666169386,2.929143052834731,0.265625,4.362934112548828,5.66309928894043,0.18073918269230768,5.0326474996713495,6.157745251288781,0.4375,2.8481366634368896,2.0612692832946777,0.3918269230769231,3.054398550437047,2.820096295613509,0.5
52,gaussian_noise/s5,0.3125,3.57051420211792,2.3641161918640137,0.36379716981132076,3.3384493521924288,2.9184821686654723,0.15625,4.688322067260742,5.370660781860352,0.18027712264150944,5.0261507933994505,6.142894600922206,0.3671875,3.26983380317688,2.1832756996154785,0.39136202830188677,3.0584633665264778,2.8080808126701498,0.5
53,gaussian_noise/s5,0.359375,3.568547487258911,2.4540555477142334,0.3637152777777778,3.342710428767734,2.9098816756848938,0.1953125,4.758701324462891,5.2692718505859375,0.18055555555555555,5.021198025456181,6.126716401841906,0.3671875,3.2866859436035156,2.271501064300537,0.39091435185185186,3.062689710546423,2.798144150663305,0.5
54,gaussian_noise/s5,0.328125,3.5174660682678223,2.243192434310913,0.36306818181818185,3.345887804031372,2.8977600531144576,0.2109375,4.481508731842041,5.204799652099609,0.18110795454545456,5.011385492845015,6.109954279119318,0.359375,3.159576654434204,2.1070361137390137,0.39034090909090907,3.0644512913443824,2.7855785499919543,0.5
55,gaussian_noise/s5,0.3515625,3.5865797996520996,2.3283157348632812,0.3628627232142857,3.3501858753817424,2.887591404574258,0.1953125,4.513450622558594,5.129631996154785,0.18136160714285715,5.002493798732758,6.09244852406638,0.375,3.267179012298584,2.041602611541748,0.3900669642857143,3.068071429218565,2.772293265376772,0.5
56,gaussian_noise/s5,0.3515625,3.61251163482666,2.2340810298919678,0.3626644736842105,3.3547880816877935,2.8761263102815864,0.2265625,4.52919340133667,5.107422828674316,0.18215460526315788,4.994190282988966,6.075167371515642,0.40625,3.2499821186065674,2.0399558544158936,0.39035087719298245,3.071262844821863,2.7594452406230725,0.5
57,gaussian_noise/s5,0.3984375,3.279914617538452,2.1514792442321777,0.36328125,3.353497159892115,2.8636323953497,0.21875,4.141478061676025,5.03225040435791,0.1827855603448276,4.9794883481387435,6.0571860444956815,0.4140625,2.8587241172790527,1.7934682369232178,0.39075969827586204,3.0675983840021592,2.742790464697213,0.5
58,gaussian_noise/s5,0.4453125,2.8984129428863525,2.07537841796875,0.3646716101694915,3.345783868078458,2.850272158444938,0.2578125,4.124639511108398,5.005585670471191,0.1840572033898305,4.964999384799246,6.039362309342724,0.515625,2.5168581008911133,1.779670238494873,0.3928760593220339,3.0582638029324807,2.726466393066665,0.5
59,gaussian_noise/s5,0.4140625,3.1208605766296387,2.199753522872925,0.36549479166666665,3.342035146554311,2.8394301811854046,0.2421875,4.073001861572266,4.750258445739746,0.18502604166666667,4.95013275941213,6.017877244949341,0.453125,2.7265806198120117,1.929364800453186,0.3938802083333333,3.052735749880473,2.713181366523107,0.5
60,gaussian_noise/s5,0.4609375,2.952664852142334,2.0986504554748535,0.3670594262295082,3.335652026973787,2.8272862512557233,0.28125,4.169919013977051,4.8847808837890625,0.18660348360655737,4.937342370142702,5.999301894766385,0.546875,2.5050315856933594,1.88515043258667,0.3963883196721312,3.04375699309052,2.6996070889175914,0.5
61,gaussian_noise/s5,0.296875,3.6005842685699463,2.3763718605041504,0.3659274193548387,3.3399251276446926,2.8200134385016655,0.234375,4.380800247192383,4.64530086517334,0.18737399193548387,4.928365884288665,5.977463168482626,0.3515625,3.304405927658081,1.9185280799865723,0.3956653225806452,3.0479610081641906,2.687009040386446,0.5
62,gaussian_noise/s5,0.375,3.406906843185425,2.044740915298462,0.36607142857142855,3.3409883294786726,2.807707525434948,0.25,4.1763014793396,4.7368245124816895,0.18836805555555555,4.916428354051378,5.957770491403247,0.4296875,3.0802557468414307,1.6613818407058716,0.39620535714285715,3.0484736230638294,2.6707292435661194,0.5
63,gaussian_noise/s5,0.4140625,3.4247725009918213,2.2140707969665527,0.3668212890625,3.3422974571585655,2.7984319515526295,0.21875,4.426367282867432,4.830200672149658,0.1888427734375,4.908771149814129,5.940152212977409,0.4453125,3.0224719047546387,1.968388319015503,0.39697265625,3.048067346215248,2.659755166620016,0.5
64,gaussian_noise/s5,0.3359375,3.904519557952881,2.492553472518921,0.3663461538461538,3.3509470279400166,2.793726128798265,0.1640625,4.662363052368164,4.946043014526367,0.18846153846153846,4.904980256007268,5.924858225308932,0.3828125,3.4631927013397217,2.1884100437164307,0.3967548076923077,3.05445389014024,2.6525037031907304,0.5
65,gaussian_noise/s5,0.3671875,3.5350804328918457,2.0345516204833984,0.3663589015151515,3.3537369280150444,2.782223484732888,0.1953125,4.58123254776001,4.603504657745361,0.1885653409090909,4.900074987700491,5.904837716709483,0.390625,3.3343420028686523,1.8022339344024658,0.3966619318181818,3.0586946191209736,2.6396208279060596,0.5
66,gaussian_noise/s5,0.4296875,3.170168161392212,2.0438175201416016,0.3673041044776119,3.35099709567739,2.7712025001867495,0.2890625,4.112782955169678,4.510959625244141,0.19006529850746268,4.888324360349285,5.884033566090598,0.46875,2.8270390033721924,1.694593071937561,0.39773787313432835,3.05523707261726,2.625515936025933,0.5
67,gaussian_noise/s5,0.4375,3.1614794731140137,1.9923845529556274,0.36833639705882354,3.348210071816164,2.7597492950804092,0.2890625,3.986640691757202,4.073917388916016,0.19152113970588236,4.875064306399402,5.857414210543913,0.46875,2.9230306148529053,1.570129156112671,0.3987821691176471,3.053292860003079,2.609995542203679,0.5
68,gaussian_noise/s5,0.3203125,3.632297992706299,2.2533860206604004,0.3676403985507246,3.3523272880609483,2.752410696900409,0.1640625,4.625798225402832,4.625492095947266,0.1911231884057971,4.8714517545009,5.8395602668541065,0.3671875,3.4169857501983643,1.863885521888733,0.39832427536231885,3.058563771455184,2.5991823535034624,0.5
69,gaussian_noise/s5,0.390625,3.3646938800811768,1.9349615573883057,0.36796875,3.3525039536612375,2.740732852050236,0.203125,4.152288913726807,4.431692600250244,0.19129464285714284,4.861177999632699,5.819447871616909,0.421875,3.121683359146118,1.6043224334716797,0.3986607142857143,3.059465479850769,2.5849700689315798,0.5
70,gaussian_noise/s5,0.34375,3.90722393989563,2.1512162685394287,0.36762764084507044,3.3603169112138347,2.732429801578253,0.25,4.365482330322266,4.179121017456055,0.19212147887323944,4.8541963704874815,5.796344676487882,0.3828125,3.6340465545654297,1.721097469329834,0.3984375,3.0675581710439332,2.572802849218879,0.5
71,gaussian_noise/s5,0.421875,3.3137593269348145,1.8396600484848022,0.3683810763888889,3.3596702780988483,2.720030221674177,0.2734375,3.8925275802612305,4.70965576171875,0.19325086805555555,4.840839859512117,5.7812517748938665,0.4296875,2.759401321411133,1.6124110221862793,0.3988715277777778,3.063278214799033,2.5594640738434262,0.5
72,gaussian_noise/s5,0.328125,3.269421100616455,2.13407564163208,0.3678296232876712,3.3584339879963494,2.7120034466051077,0.2265625,4.214781761169434,4.184806823730469,0.1937071917808219,4.832263721178656,5.7593826659738205,0.390625,2.8702480792999268,1.839239478111267,0.3987585616438356,3.0606339663675386,2.549597983490931,0.5
73,gaussian_noise/s5,0.40625,3.068650722503662,1.875045895576477,0.36834881756756754,3.354517997922124,2.700693209429045,0.2109375,4.216153621673584,4.184863567352295,0.19394003378378377,4.823937909023182,5.738105380857313,0.4765625,2.772721290588379,1.602428913116455,0.39980996621621623,3.056743254532685,2.536798401458843,0.5
74,gaussian_noise/s5,0.390625,3.4161696434020996,2.0795509815216064,0.36864583333333334,3.355340019861857,2.6924113130569456,0.2109375,4.332196235656738,4.208799362182617,0.19416666666666665,4.817381353378296,5.71771463394165,0.4375,3.122605085372925,1.7181315422058105,0.4003125,3.057621412277222,2.5258828433354696,0.5
75,gaussian_noise/s5,0.3125,3.7836520671844482,1.9910216331481934,0.3679070723684211,3.3609757046950492,2.683182501479199,0.140625,4.917294979095459,3.987924575805664,0.19346217105263158,4.818696006348259,5.694954238439861,0.3125,3.5297951698303223,1.813197135925293,0.3991570723684211,3.0638342248766044,2.5165053998169147,0.5
76,gaussian_noise/s5,0.4453125,2.7599613666534424,2.1624464988708496,0.36891233766233766,3.3531703236815216,2.676419696250519,0.28125,4.04115104675293,3.819973945617676,0.19460227272727273,4.808598019860008,5.670603845026586,0.46875,2.470412492752075,1.701875925064087,0.40006087662337664,3.0561274491347277,2.5059257962486963,0.5
77,gaussian_noise/s5,0.3828125,3.6450955867767334,2.0667524337768555,0.3690905448717949,3.3569129552596655,2.6686034492957287,0.2421875,4.0909199714660645,3.9870455265045166,0.19521233974358973,4.7993970192395725,5.649019764019893,0.4375,3.227254629135132,1.67940354347229,0.40054086538461536,3.058321387339861,2.495329357110537,0.5
78,gaussian_noise/s5,0.3125,3.823436737060547,2.801126718521118,0.3683742088607595,3.362818319586259,2.670280959032759,0.25,4.85055685043335,4.557756423950195,0.19590585443037975,4.8000446120394935,5.63520630401901,0.3125,3.5846829414367676,2.5410871505737305,0.3994264240506329,3.0649841918221004,2.4959085696860206,0.5
79,fog/s5,0.4921875,3.0183463096618652,4.807033061981201,0.4921875,3.0183463096618652,4.807033061981201,0.6484375,2.8363404273986816,5.693160057067871,0.6484375,2.8363404273986816,5.693160057067871,0.65625,1.6986491680145264,2.5207226276397705,0.65625,1.6986491680145264,2.5207226276397705,0.5
80,fog/s5,0.4296875,2.8756630420684814,4.588451385498047,0.4609375,2.9470046758651733,4.697742223739624,0.6171875,2.6142637729644775,5.392746925354004,0.6328125,2.7253021001815796,5.5429534912109375,0.65625,1.5926010608673096,2.140953302383423,0.65625,1.645625114440918,2.3308379650115967,0.5
81,fog/s5,0.40625,3.094114065170288,4.5053391456604,0.4427083333333333,2.9960411389668784,4.633607864379883,0.5859375,2.945249319076538,5.542537689208984,0.6171875,2.7986178398132324,5.54281489054362,0.6015625,1.8393058776855469,2.459617853164673,0.6380208333333334,1.7101853688557942,2.3737645943959556,0.5
82,fog/s5,0.484375,2.9306957721710205,4.405701160430908,0.453125,2.979704797267914,4.576631188392639,0.5546875,2.97733473777771,5.5986785888671875,0.6015625,2.843297064304352,5.556780815124512,0.625,1.8410362005233765,2.2913455963134766,0.634765625,1.7428980767726898,2.3531598448753357,0.5
83,fog/s5,0.4140625,2.927100896835327,4.23216438293457,0.4453125,2.9691840171813966,4.507737827301026,0.6015625,2.68239688873291,5.492701053619385,0.6015625,2.8111170291900636,5.543964862823486,0.59375,1.6777297258377075,2.039199113845825,0.6265625,1.7298644065856934,2.2903676986694337,0.5
84,fog/s5,0.4453125,2.9882304668426514,4.308077335357666,0.4453125,2.9723584254582724,4.474461078643799,0.59375,2.768789291381836,5.516181945800781,0.6002604166666666,2.8040624062220254,5.539334376653035,0.59375,1.779820203781128,2.1567628383636475,0.62109375,1.7381903727849324,2.2681002219518027,0.5
85,fog/s5,0.4921875,2.6282448768615723,4.197720050811768,0.45200892857142855,2.923199347087315,4.434926646096366,0.625,2.786567449569702,5.641513347625732,0.6037946428571429,2.801563126700265,5.553931372506278,0.6875,1.5051831007003784,2.0794200897216797,0.6305803571428571,1.7049036196299963,2.2411459173474992,0.5
86,fog/s5,0.4375,2.78629732131958,3.9519526958465576,0.4501953125,2.9060865938663483,4.37455490231514,0.625,2.708968162536621,5.487846851348877,0.6064453125,2.7899887561798096,5.545670807361603,0.6328125,1.6002110242843628,2.104339599609375,0.630859375,1.691817045211792,2.2240451276302338,0.5
87,fog/s5,0.515625,2.550736904144287,3.8727216720581055,0.4574652777777778,2.8666032950083413,4.318795654508802,0.640625,2.6055564880371094,5.368708610534668,0.6102430555555556,2.769496281941732,5.526008341047499,0.671875,1.532599687576294,1.7947982549667358,0.6354166666666666,1.6741262276967366,2.176351030667623,0.5
88,fog/s5,0.421875,2.8309195041656494,3.7156405448913574,0.45390625,2.8630349159240724,4.258480143547058,0.5625,2.744276285171509,5.450677394866943,0.60546875,2.7669742822647097,5.5184752464294435,0.5625,1.7034528255462646,1.952760934829712,0.628125,1.6770588874816894,2.1539920210838317,0.5
89,fog/s5,0.4453125,2.457803249359131,3.7259321212768555,0.453125,2.8261956735090776,4.21006668697704,0.640625,2.445704221725464,5.318714141845703,0.6086647727272727,2.737767913124778,5.500315146012739,0.6953125,1.2698053121566772,1.761145830154419,0.6342329545454546,1.6400358351794155,2.11827873099934,0.5
90,fog/s5,0.46875,2.541757822036743,3.632145881652832,0.4544270833333333,2.8024925192197165,4.161906619866689,0.65625,2.455465793609619,5.271111011505127,0.6126302083333334,2.7142427364985147,5.481214801470439,0.625,1.4322545528411865,1.7684472799301147,0.6334635416666666,1.6227207283178966,2.0891261100769043,0.5
91,fog/s5,0.3984375,2.867023229598999,3.5664443969726562,0.4501201923076923,2.8074564200181227,4.116101833490225,0.5625,2.8094215393066406,5.247270107269287,0.6087740384615384,2.7215641828683705,5.463219055762658,0.6328125,1.832773208618164,2.02280330657959,0.6334134615384616,1.638878611417917,2.084024355961726,0.5
92,fog/s5,0.5234375,2.373741626739502,3.296689987182617,0.45535714285714285,2.7764767919267928,4.057572415896824,0.6484375,2.496074676513672,4.990392684936523,0.6116071428571429,2.705457789557321,5.429445743560791,0.6796875,1.479240894317627,1.5009231567382812,0.63671875,1.627475917339325,2.0423742703029086,0.5
93,fog/s5,0.4296875,2.65285325050354,3.2000858783721924,0.45364583333333336,2.768235222498576,4.000406646728516,0.6328125,2.2788617610931396,4.950483798980713,0.6130208333333333,2.6770180543263753,5.397514947255453,0.671875,1.420141577720642,1.609123945236206,0.6390625,1.6136536280314127,2.013490915298462,0.5
94,fog/s5,0.375,2.998448133468628,3.0217514038085938,0.44873046875,2.782623529434204,3.9392406940460205,0.5625,2.935161828994751,5.428144931793213,0.60986328125,2.693152040243149,5.3994293212890625,0.6015625,2.0684478282928467,1.6409687995910645,0.63671875,1.6420782655477524,1.9902082830667496,0.5
95,fog/s5,0.421875,2.4950828552246094,2.9355974197387695,0.44715073529411764,2.7657093721277572,3.880202854380888,0.671875,2.109387159347534,4.808775901794434,0.6135110294117647,2.6588129296022305,5.364685002495261,0.6796875,1.290773630142212,1.4245550632476807,0.6392463235294118,1.6214132869944853,1.9569345642538631,0.5
96,fog/s5,0.296875,3.27278995513916,2.883730173110962,0.4388020833333333,2.793880515628391,3.824843260977003,0.5546875,2.600576639175415,5.065412521362305,0.6102430555555556,2.6555775801340737,5.34805875354343,0.5703125,2.071136951446533,1.5853216648101807,0.6354166666666666,1.646397935019599,1.9362894031736586,0.5
97,fog/s5,0.359375,2.7716240882873535,2.6980650424957275,0.43462171052631576,2.7927091247157048,3.7655391442148307,0.6015625,2.3980093002319336,4.980236053466797,0.6097861842105263,2.6420213548760665,5.328699664065712,0.59375,1.6454482078552246,1.4624764919281006,0.6332236842105263,1.646347949379369,1.9113518815291555,0.5
98,fog/s5,0.390625,2.6828949451446533,2.7219278812408447,0.432421875,2.787218415737152,3.7133585810661316,0.59375,2.3729259967803955,4.888797760009766,0.608984375,2.628566586971283,5.306704568862915,0.6484375,1.5778515338897705,1.418373703956604,0.633984375,1.6429231286048889,1.886702972650528,0.5
99,fog/s5,0.3359375,2.99988055229187,2.5890674591064453,0.42782738095238093,2.7973451841445196,3.6598209085918607,0.5859375,2.4953322410583496,5.064209938049316,0.6078869047619048,2.6222220943087624,5.295157205490839,0.5703125,1.7499840259552002,1.664104700088501,0.6309523809523809,1.6480212665739513,1.876103054909479,0.5
100,fog/s5,0.453125,2.3762097358703613,2.4725828170776367,0.4289772727272727,2.7782026637684214,3.6058555407957598,0.671875,1.9676650762557983,4.681074619293213,0.6107954545454546,2.5924695025790823,5.267244360663674,0.6953125,1.1751999855041504,1.2515230178833008,0.6338778409090909,1.6265293901616877,1.847713053226471,0.5
101,fog/s5,0.3828125,2.384953498840332,2.4476418495178223,0.42697010869565216,2.7611048739889394,3.5554984237836753,0.609375,2.1665985584259033,4.870465278625488,0.610733695652174,2.5739533745724223,5.249993096227231,0.640625,1.2510762214660645,1.358937382698059,0.634171195652174,1.6102053393488345,1.82646193711654,0.5
102,fog/s5,0.359375,3.053269386291504,2.405395984649658,0.4241536458333333,2.7732783953348794,3.507577488819758,0.59375,2.402172565460205,4.901515007019043,0.6100260416666666,2.566795840859413,5.235473175843556,0.640625,1.8001139163970947,1.5793639421463013,0.6344401041666666,1.6181181967258453,1.8161661873261135,0.5
103,fog/s5,0.3125,3.2777609825134277,2.347327947616577,0.4196875,2.7934576988220217,3.461167507171631,0.5703125,2.5072805881500244,5.007737159729004,0.6084375,2.5644152307510377,5.226363735198975,0.578125,1.880232334136963,1.6929869651794434,0.6321875,1.62860276222229,1.8112390184402465,0.5
104,fog/s5,0.390625,2.7750654220581055,2.302929162979126,0.41856971153846156,2.792750303561871,3.4166198785488424,0.625,2.154207229614258,4.291411399841309,0.6090745192307693,2.5486379999380846,5.19040402999291,0.609375,1.747296690940857,1.1692395210266113,0.6313100961538461,1.6331679133268504,1.7865467300781837,0.5
105,fog/s5,0.3515625,3.2719643115997314,2.179594039916992,0.41608796296296297,2.810498970526236,3.3708041067476624,0.6328125,2.2886767387390137,4.562824249267578,0.6099537037037037,2.5390098050788596,5.16716033441049,0.5625,1.9217641353607178,1.52525794506073,0.6287615740740741,1.6438566622910675,1.77686936767013,0.5
106,fog/s5,0.2890625,3.1510958671569824,2.227344512939453,0.4115513392857143,2.8226631454059055,3.329966264111655,0.5703125,2.2312495708465576,4.5912652015686035,0.6085379464285714,2.528018368141992,5.146592651094709,0.5546875,1.815298318862915,1.485560655593872,0.6261160714285714,1.6499795785972051,1.7664654850959778,0.5
107,fog/s5,0.3203125,3.0626778602600098,2.192103624343872,0.4084051724137931,2.8309395148836334,3.290729621361042,0.59375,2.3709254264831543,4.711174964904785,0.6080280172413793,2.522601370153756,5.131578248122643,0.546875,1.7685219049453735,1.4024748802185059,0.6233836206896551,1.6540672450230038,1.753914084927789,0.5
108,fog/s5,0.3671875,2.7870702743530273,1.9444600343704224,0.40703125,2.8294772068659464,3.2458539684613545,0.6328125,1.9643008708953857,4.290031433105469,0.6088541666666667,2.50399135351181,5.10352668762207,0.625,1.4771915674209595,1.2564221620559692,0.6234375,1.6481713891029357,1.7373310208320618,0.5
109,fog/s5,0.3515625,2.923107385635376,1.9181768894195557,0.40524193548387094,2.8324975352133475,3.2030256755890383,0.6640625,1.9753891229629517,4.322785377502441,0.6106350806451613,2.4869396686553955,5.078341484069824,0.6796875,1.5146740674972534,1.2295118570327759,0.6252520161290323,1.6438650238898493,1.7209497574836976,0.5
110,fog/s5,0.3515625,3.2496931552886963,1.8460447788238525,0.403564453125,2.845534898340702,3.1606200225651264,0.6328125,2.071909189224243,4.099475860595703,0.611328125,2.473969966173172,5.047751933336258,0.5625,1.7656643390655518,1.299729347229004,0.623291015625,1.64767125248909,1.7077866196632385,0.5
111,fog/s5,0.359375,2.962076187133789,1.7628989219665527,0.4022253787878788,2.849066452546553,3.118264837698503,0.6875,2.046370267868042,4.486599445343018,0.6136363636363636,2.461012399557865,5.030747312487978,0.640625,1.5257914066314697,1.2298474311828613,0.6238162878787878,1.6439779238267378,1.693303613951712,0.5
112,fog/s5,0.2890625,3.2797160148620605,1.8149573802947998,0.39889705882352944,2.861732616144068,3.0799322654219234,0.578125,2.2929909229278564,4.547714710235596,0.6125919117647058,2.4560705914216885,5.016540471245261,0.5625,1.7719982862472534,1.3827874660491943,0.6220128676470589,1.6477432286038118,1.6841707860722261,0.5
113,fog/s5,0.28125,3.7683186531066895,1.669586420059204,0.39553571428571427,2.887635074343,3.0396366698401316,0.625,2.2716026306152344,4.409267425537109,0.6129464285714286,2.4508000782557895,4.999189812796456,0.5390625,2.2421882152557373,1.2380070686340332,0.6196428571428572,1.6647273710795811,1.6714232512882778,0.5
114,fog/s5,0.2890625,3.1328790187835693,1.6790140867233276,0.392578125,2.894447406133016,3.001841598086887,0.6171875,2.1584606170654297,4.007707595825195,0.6130642361111112,2.4426795376671686,4.97164864010281,0.6171875,1.776221513748169,1.203124761581421,0.6195746527777778,1.667824430598153,1.6584149599075317,0.5
115,fog/s5,0.2578125,3.7207367420196533,1.5845651626586914,0.3889358108108108,2.916779550346168,2.9635368295618005,0.625,2.1100215911865234,4.090633392333984,0.6133868243243243,2.4336887823568807,4.947837417190139,0.5859375,1.862587332725525,1.339954137802124,0.6186655405405406,1.6730882928178117,1.6498079106614396,0.5
116,fog/s5,0.2109375,3.629958391189575,1.635469913482666,0.3842516447368421,2.9355474145788896,2.928587700191297,0.5625,2.2606945037841797,4.257757186889648,0.612047697368421,2.42913630134181,4.9296774111296005,0.5546875,1.9553649425506592,1.3193200826644897,0.6169819078947368,1.6805166257055182,1.6411108625562567,0.5
117,fog/s5,0.21875,3.730306386947632,1.509488582611084,0.38000801282051283,2.955925849767832,2.892200543330266,0.5625,2.0794553756713867,3.9411399364471436,0.6107772435897436,2.4201701237605167,4.904330296394153,0.5703125,1.8919882774353027,1.2205219268798828,0.6157852564102564,1.6859389757498717,1.6303265308722472,0.5
118,fog/s5,0.2265625,3.7799794673919678,1.346815824508667,0.376171875,2.976527190208435,2.853565925359726,0.59375,2.1991424560546875,3.9128568172454834,0.6103515625,2.4146444320678713,4.879543459415435,0.53125,2.104926824569702,1.09321928024292,0.613671875,1.6964136719703675,1.616898849606514,0.5
119,fog/s5,0.125,4.107273101806641,1.5481427907943726,0.3700457317073171,3.004106358784001,2.8217263367117904,0.546875,2.30484938621521,3.7780816555023193,0.6088033536585366,2.411966504120245,4.852678537368774,0.5078125,2.369138717651367,1.2170253992080688,0.6110899390243902,1.7128215999138066,1.607145838621186,0.5
120,fog/s5,0.1796875,3.3323750495910645,1.216713786125183,0.36551339285714285,3.011922279993693,2.783511752174014,0.6796875,1.745849609375,3.456538200378418,0.6104910714285714,2.3961065780548823,4.819437100773766,0.6328125,1.597273588180542,0.9088913202285767,0.6116071428571429,1.7100704567773002,1.5905207310404097,0.5
121,fog/s5,0.09375,4.254014015197754,1.1863611936569214,0.35919331395348836,3.040808134300764,2.7463687159294308,0.5703125,2.2396888732910156,3.918360948562622,0.6095566860465116,2.392468957013862,4.798481841420019,0.546875,2.170779228210449,1.1529185771942139,0.6101017441860465,1.7207846142524896,1.5803439367649168,0.5
122,fog/s5,0.171875,3.4599010944366455,1.2147071361541748,0.35493607954545453,3.0503329743038523,2.711558225479993,0.65625,1.9521485567092896,3.464418888092041,0.6106178977272727,2.382461675188758,4.768162228844383,0.6171875,1.7730659246444702,0.9468606114387512,0.6102627840909091,1.7219728258523075,1.5659465884620494,0.5
123,fog/s5,0.1640625,4.06753396987915,1.1824040412902832,0.3506944444444444,3.0729374408721926,2.677577021386888,0.640625,1.7221590280532837,3.280160903930664,0.6112847222222222,2.367788283030192,4.735095532735189,0.59375,1.7520599365234375,1.0389454364776611,0.6098958333333333,1.7226414283116658,1.554235451751285,0.5
124,fog/s5,0.0703125,4.437978744506836,1.002636432647705,0.3445991847826087,3.1026122518207715,2.6411652694577756,0.5625,2.256675958633423,3.893087387084961,0.6102241847826086,2.3653727977172188,4.716791007829749,0.53125,2.2129921913146973,1.2107791900634766,0.6081861413043478,1.733301227507384,1.546769011279811,0.5
125,fog/s5,0.1015625,4.4241838455200195,1.0439398288726807,0.3394281914893617,3.130730796367564,2.607181749445327,0.609375,1.9767338037490845,3.639911413192749,0.6102061170212766,2.3571038829519395,4.6938786760289615,0.5390625,2.14982008934021,1.0436768531799316,0.6067154255319149,1.7421633309506355,1.5360649228096008,0.5
126,fog/s5,0.1015625,4.082775592803955,0.8976011276245117,0.33447265625,3.150565062959989,2.5715654864907265,0.640625,1.7110729217529297,3.1216354370117188,0.61083984375,2.3436449045936265,4.661123608549436,0.6328125,1.6907460689544678,0.9271517395973206,0.6072591145833334,1.741092137992382,1.5233792314926784,0.5
127,fog/s5,0.0625,4.535396575927734,0.8208253383636475,0.328922193877551,3.1788269305715757,2.535836095712623,0.6328125,1.884067177772522,3.4660837650299072,0.6112882653061225,2.3342657673115634,4.636735040314344,0.59375,1.7830482721328735,1.1508777141571045,0.6069834183673469,1.7419483856279023,1.5157771597103196,0.5
128,fog/s5,0.0625,4.279513359069824,0.7968257069587708,0.32359375,3.2008406591415404,2.5010558879375457,0.6171875,1.8059691190719604,3.1191418170928955,0.61140625,2.323699834346771,4.606383175849914,0.5859375,1.737168788909912,0.9855331778526306,0.6065625,1.7418527936935424,1.505172280073166,0.5
129,fog/s5,0.0703125,5.172674655914307,0.7034091353416443,0.31862745098039214,3.239504070842967,2.46580791239645,0.46875,2.291656732559204,3.5658185482025146,0.608609068627451,2.3230715382332896,4.585979947856829,0.4765625,2.407536745071411,1.1704604625701904,0.6040134803921569,1.7549054201911478,1.4986093032593821,0.5
130,fog/s5,0.046875,4.341809272766113,0.6639748811721802,0.3134014423076923,3.2607022478030276,2.4311572771805983,0.65625,1.5999696254730225,3.3051273822784424,0.6095252403846154,2.309165732218669,4.561348167749552,0.609375,1.4908103942871094,0.895126461982727,0.6041165865384616,1.7498266696929932,1.4870038640040617,0.5
131,fog/s5,0.03125,4.845406532287598,0.653592586517334,0.30807783018867924,3.2906023286423594,2.3976183207529895,0.6171875,1.7953399419784546,3.045750141143799,0.6096698113207547,2.2994709059877216,4.532751978568311,0.5859375,1.994227647781372,0.9382492303848267,0.6037735849056604,1.7544380089022078,1.4766500029923781,0.5
132,fog/s5,0.015625,4.899644374847412,0.6336314082145691,0.30266203703703703,3.3203994035720825,2.3649518964467227,0.5859375,1.8228800296783447,3.041130781173706,0.6092303240740741,2.2906451490190296,4.5051293638017444,0.578125,2.0229523181915283,0.9440554976463318,0.6032986111111112,1.7594104961112693,1.4667871417822662,0.5
133,fog/s5,0.0234375,4.521852970123291,0.5825381278991699,0.2975852272727273,3.3422440138730134,2.3325443733822215,0.6015625,1.7716920375823975,3.012590169906616,0.6090909090909091,2.2812096379019997,4.477992287549106,0.6171875,1.7583262920379639,0.8375154137611389,0.6035511363636363,1.7593907833099365,1.4553458376364274,0.5
134,fog/s5,0.0234375,5.27597713470459,0.530322253704071,0.29268973214285715,3.3767749624592915,2.300361835530826,0.578125,1.9669281244277954,3.0478343963623047,0.6085379464285714,2.275597468018532,4.452453753777912,0.546875,2.159691572189331,0.9621589183807373,0.6025390625,1.7665390116827828,1.4465389283640044,0.5
135,fog/s5,0.0,5.6338276863098145,0.45766061544418335,0.2875548245614035,3.416372378667196,2.2680337439503586,0.5390625,2.38213849067688,3.390549659729004,0.6073190789473685,2.277466608766924,4.43382385739109,0.4453125,2.4922356605529785,1.1056360006332397,0.5997807017543859,1.7792705318384003,1.440558175245921,0.5
136,fog/s5,0.0078125,5.014116287231445,0.4789532423019409,0.28273168103448276,3.4439196874355447,2.237187528404696,0.6953125,1.5868324041366577,2.7529819011688232,0.6088362068965517,2.265559122480195,4.4048438236631196,0.6328125,1.6399370431900024,0.9423463940620422,0.6003502155172413,1.7768682303099796,1.431968316949647,0.5
137,fog/s5,0.0390625,4.80314826965332,0.5048231482505798,0.2786016949152542,3.466957460015507,2.207825420266491,0.671875,1.4829213619232178,2.6651978492736816,0.6099046610169492,2.252294075691094,4.3753582986734685,0.6328125,1.5382882356643677,0.8770419359207153,0.6009004237288136,1.7728245015871726,1.4225627850678007,0.5
138,fog/s5,0.0078125,5.35719108581543,0.4469032287597656,0.2740885416666667,3.498461353778839,2.178476717074712,0.6875,1.576107144355774,2.8384647369384766,0.6111979166666667,2.241024293502172,4.349743405977885,0.578125,1.769792079925537,0.9001626968383789,0.6005208333333333,1.7727739612261455,1.4138561169306436,0.5
139,fog/s5,0.0,5.445713996887207,0.4067736864089966,0.2695952868852459,3.5303835282560256,2.1494324050965856,0.625,1.6421905755996704,2.9553380012512207,0.6114241803278688,2.231207347307049,4.326884300982366,0.5703125,1.838537335395813,0.9562418460845947,0.6000256147540983,1.7738520493272876,1.4063542436380856,0.5
140,fog/s5,0.015625,5.568844318389893,0.43292301893234253,0.2654989919354839,3.5632619280968942,2.121746769835872,0.5859375,1.8882960081100464,2.4805192947387695,0.6110131048387096,2.2256765192554844,4.297104220236501,0.5625,2.0531067848205566,0.9125194549560547,0.5994203629032258,1.7783561579642757,1.3983891664012786,0.5
141,fog/s5,0.046875,5.667716026306152,0.3954678177833557,0.2620287698412698,3.5966659614018033,2.0943455166286893,0.5859375,1.7935335636138916,2.85701322555542,0.6106150793650794,2.2188171072611733,4.2742456330193415,0.53125,2.0277862548828125,1.0041124820709229,0.5983382936507936,1.7823153658518716,1.3921308063325428,0.5
142,fog/s5,0.0,6.063992977142334,0.33130788803100586,0.2579345703125,3.635217946022749,2.0667980536818504,0.59375,1.7622874975204468,2.735835552215576,0.6103515625,2.2116838321089745,4.2502079755067825,0.515625,2.0537302494049072,0.9790125489234924,0.5970458984375,1.7865562234073877,1.3856758335605264,0.5
143,fog/s5,0.0078125,6.265659332275391,0.31586846709251404,0.25408653846153845,3.6756862750420205,2.0398606754266297,0.6328125,1.8158680200576782,2.7044358253479004,0.6106971153846154,2.205594358077416,4.226426865504338,0.53125,2.195155620574951,0.9513229131698608,0.5960336538461538,1.7928423679791965,1.3789934809391315,0.5
144,fog/s5,0.015625,5.936517238616943,0.29745861887931824,0.25047348484848486,3.7099412896416406,2.013460644266822,0.59375,1.6780012845993042,2.4324231147766113,0.6104403409090909,2.197600523630778,4.1992449904933125,0.5546875,1.8704668283462524,0.92982017993927,0.595407196969697,1.794018496166576,1.372187824863376,0.5
145,fog/s5,0.0234375,5.646200656890869,0.3439839482307434,0.2470848880597015,3.7388406831826737,1.988543081639418,0.65625,1.5472770929336548,2.3897008895874023,0.6111240671641791,2.187894203769627,4.172236869584268,0.59375,1.8147541284561157,0.7954190373420715,0.5953824626865671,1.7943279832156735,1.3635793354973864,0.5
146,fog/s5,0.0078125,6.148575305938721,0.287991464138031,0.24356617647058823,3.774277957046733,1.9635349696173388,0.640625,1.7583181858062744,2.5369081497192383,0.6115579044117647,2.181576909387813,4.148187917821548,0.5390625,2.1530685424804688,0.8075953722000122,0.5945542279411765,1.7996035796754501,1.3554031007430132,0.5
147,fog/s5,0.0,6.282744407653809,0.2774319052696228,0.24003623188405798,3.8106325432874155,1.9390986933224443,0.625,1.7083849906921387,2.4183077812194824,0.6117527173913043,2.174719055493673,4.123117191204126,0.5625,2.1415815353393555,0.8684573173522949,0.5940896739130435,1.8045597819314487,1.3483459154764812,0.5
148,fog/s5,0.0078125,6.603704929351807,0.2551383972167969,0.23671875,3.8505335773740494,1.9150421176637922,0.5703125,1.976933240890503,2.7291555404663086,0.6111607142857143,2.1718935438564846,4.103203453336444,0.453125,2.434675455093384,0.9681951403617859,0.5920758928571429,1.8135614344051907,1.3429151901176997,0.5
149,fog/s5,0.0078125,6.548806190490723,0.22748398780822754,0.23349471830985916,3.888537416995411,1.8912736932996292,0.5859375,1.919782042503357,2.6022026538848877,0.6108054577464789,2.1683426776402435,4.082062597006139,0.453125,2.2983009815216064,0.9492664337158203,0.590118838028169,1.8203887519702104,1.337370841435983,0.5
150,fog/s5,0.0,6.145554542541504,0.2396649420261383,0.2302517361111111,3.91988487707244,1.8683346828652754,0.71875,1.3981682062149048,1.982717752456665,0.6123046875,2.157645809981558,4.05290502972073,0.6328125,1.7131977081298828,0.793697714805603,0.5907118055555556,1.8188999874724283,1.329819825788339,0.5
151,fog/s5,0.0078125,6.491208076477051,0.20700669288635254,0.22720462328767124,3.955108482543736,1.8455767651943311,0.65625,1.6453680992126465,2.2253434658050537,0.6129066780821918,2.150628307094313,4.027869939804077,0.5703125,1.9333209991455078,0.8613816499710083,0.5904323630136986,1.8204673985912376,1.3234028644757727,0.5
152,fog/s5,0.0078125,6.461602210998535,0.21448546648025513,0.22423986486486486,3.988980019414747,1.8235349908873841,0.609375,1.5500879287719727,2.3077893257141113,0.6128589527027027,2.1425128965764433,4.004625607181239,0.5234375,1.9559245109558105,0.8081784844398499,0.589527027027027,1.8222979001096777,1.3164403728536658,0.5
153,fog/s5,0.0078125,6.88424015045166,0.1932583749294281,0.22135416666666666,4.027583487828573,1.801797969341278,0.578125,2.0529680252075195,2.2319788932800293,0.6123958333333334,2.1413189649581907,3.980990317662557,0.5,2.5927894115448,0.8593152761459351,0.5883333333333334,1.832571120262146,1.3103453715642293,0.5
154,fog/s5,0.0078125,7.020572662353516,0.19628030061721802,0.21854440789473684,4.06696492433548,1.7806727368580668,0.59375,1.7696877717971802,2.119025230407715,0.6121504934210527,2.1364290808376514,3.956490777040783,0.484375,2.3700788021087646,0.8791475296020508,0.5869654605263158,1.8396435897601278,1.3046717157489376,0.5
155,fog/s5,0.0078125,6.762868881225586,0.17518557608127594,0.21580762987012986,4.101976664035352,1.759822254250576,0.671875,1.5498552322387695,2.107147693634033,0.6129261363636364,2.1288112386480553,3.9324733343991367,0.546875,1.953869342803955,0.859450101852417,0.5864448051948052,1.8411270410983593,1.2988896168671644,0.5
156,fog/s5,0.0,6.791784763336182,0.1574505865573883,0.2130408653846154,4.136461383257156,1.739279027741689,0.65625,1.3476343154907227,1.9083929061889648,0.6134815705128205,2.118796149889628,3.906523585319519,0.53125,1.7055542469024658,0.8165839910507202,0.5857371794871795,1.8393889283522582,1.2927062114079793,0.5
157,fog/s5,0.0,7.949213027954102,0.11541210860013962,0.21034414556962025,4.184724062303953,1.718723750284201,0.625,2.2424299716949463,4.321032524108887,0.6136273734177216,2.1203611349757714,3.9117705339117896,0.25,3.2751288414001465,0.930438756942749,0.5814873417721519,1.8575628513022313,1.288120547427407,0.5
158,brightness/s5,0.71875,1.3544942140579224,2.219430685043335,0.71875,1.3544942140579224,2.219430685043335,0.7109375,1.6262457370758057,3.8334720134735107,0.7109375,1.6262457370758057,3.8334720134735107,0.7578125,1.072776436805725,0.6620032787322998,0.7578125,1.072776436805725,0.6620032787322998,0.5
159,brightness/s5,0.6640625,1.314215898513794,2.092864513397217,0.69140625,1.3343550562858582,2.156147599220276,0.6953125,1.8548779487609863,4.304325103759766,0.703125,1.740561842918396,4.068898558616638,0.734375,1.0486259460449219,0.6620245575904846,0.74609375,1.0607011914253235,0.6620139181613922,0.5
160,brightness/s5,0.6640625,1.5368515253067017,2.2654197216033936,0.6822916666666666,1.401853879292806,2.1925716400146484,0.6875,1.894913673400879,4.441642761230469,0.6979166666666666,1.7920124530792236,4.193146626154582,0.7421875,1.1116787195205688,0.9650864601135254,0.7447916666666666,1.0776937007904053,0.7630380988121033,0.5
161,brightness/s5,0.7265625,1.3468177318572998,1.9500343799591064,0.693359375,1.3880948424339294,2.131937325000763,0.734375,1.5857625007629395,3.8893182277679443,0.70703125,1.7404499650001526,4.117189526557922,0.7890625,1.076021432876587,0.5625901222229004,0.755859375,1.0772756338119507,0.7129261046648026,0.5
162,brightness/s5,0.734375,1.2483044862747192,2.0133509635925293,0.7015625,1.3601367712020873,2.1082200527191164,0.734375,1.5468848943710327,3.812746047973633,0.7125,1.7017369508743285,4.056300830841065,0.78125,0.9341609477996826,0.6189924478530884,0.7609375,1.0486526966094971,0.6941393733024597,0.5
163,brightness/s5,0.640625,1.6234924793243408,2.0385990142822266,0.69140625,1.404029389222463,2.096616546312968,0.71875,1.5494234561920166,3.652158737182617,0.7135416666666666,1.6763513684272766,3.9889438152313232,0.6953125,1.2278941869735718,0.7350081205368042,0.75,1.0785262783368428,0.7009508311748505,0.5
164,brightness/s5,0.7578125,1.2098013162612915,1.7933125495910645,0.7008928571428571,1.3762825216565813,2.0532874039241245,0.7578125,1.4566528797149658,3.513420820236206,0.7198660714285714,1.6449658700398035,3.9210119588034495,0.8046875,0.9824732542037964,0.5104252696037292,0.7578125,1.0648044177464075,0.6737328938075474,0.5
165,brightness/s5,0.640625,1.3516782522201538,2.0040853023529053,0.693359375,1.373206987977028,2.047137141227722,0.7109375,1.6936678886413574,3.97573184967041,0.71875,1.6510536223649979,3.9278519451618195,0.734375,1.036212682723999,0.6623309850692749,0.7548828125,1.0612304508686066,0.6723076552152634,0.5
166,brightness/s5,0.671875,1.4439672231674194,1.9462871551513672,0.6909722222222222,1.3810692363315158,2.0359315872192383,0.7109375,1.6084551811218262,3.82857084274292,0.7178819444444444,1.6463204622268677,3.9168207115597196,0.7578125,1.076863169670105,0.7270969152450562,0.7552083333333334,1.0629674196243286,0.6783953507741293,0.5
167,brightness/s5,0.6796875,1.2899858951568604,1.8611078262329102,0.68984375,1.3719609022140502,2.0184492111206054,0.71875,1.557159662246704,3.4876646995544434,0.71796875,1.6374043822288513,3.8739051103591917,0.7421875,1.0205353498458862,0.6541696786880493,0.75390625,1.0587242126464844,0.6759727835655213,0.5
168,brightness/s5,0.734375,0.9888663291931152,1.6491508483886719,0.6938920454545454,1.3371341228485107,1.9848766326904297,0.765625,1.223473310470581,2.8163702487945557,0.7223011363636364,1.5997742847962813,3.7777655774896797,0.7578125,0.8090158700942993,0.40663301944732666,0.7542613636363636,1.0360234542326494,0.6514873504638672,0.5
169,brightness/s5,0.71875,1.2660062313079834,1.8522536754608154,0.6959635416666666,1.3312067985534668,1.973824719587962,0.765625,1.2455112934112549,2.8841376304626465,0.7259114583333334,1.5702523688475292,3.7032965819040933,0.75,0.95306396484375,0.5603705048561096,0.75390625,1.029110163450241,0.643894279996554,0.5
170,brightness/s5,0.6640625,1.642046332359314,1.8867239952087402,0.6935096153846154,1.3551175319231474,1.9671246638664832,0.6796875,1.6747015714645386,3.2387382984161377,0.7223557692307693,1.5782869228949914,3.667561329328097,0.6796875,1.4028581380844116,0.6870089769363403,0.7481971153846154,1.0578600076528697,0.6472107951457684,0.5
171,brightness/s5,0.765625,1.1788833141326904,1.7076605558395386,0.6986607142857143,1.3425293735095434,1.94859151329313,0.7578125,1.3070793151855469,2.7235968112945557,0.7248883928571429,1.5589149509157454,3.600135292325701,0.78125,1.0619195699691772,0.487311452627182,0.7505580357142857,1.0581499763897486,0.6357894135372979,0.5
172,brightness/s5,0.7578125,1.1908400058746338,1.7679529190063477,0.7026041666666667,1.3324167490005494,1.936548940340678,0.7421875,1.2972346544265747,2.9147846698760986,0.7260416666666667,1.5414695978164672,3.554445250829061,0.8046875,0.9526065587997437,0.5361225605010986,0.7541666666666667,1.051113748550415,0.629144956668218,0.5
173,brightness/s5,0.7109375,1.4743132591247559,1.8400682210922241,0.703125,1.3412852808833122,1.9305188953876495,0.703125,1.5666366815567017,2.8050119876861572,0.724609375,1.543042540550232,3.5076056718826294,0.7578125,1.3158804178237915,0.6548881530761719,0.75439453125,1.067661665380001,0.6307539064437151,0.5
174,brightness/s5,0.703125,1.36903977394104,1.6492937803268433,0.703125,1.342917898122002,1.9139762415605432,0.78125,1.144290804862976,2.3420324325561523,0.7279411764705882,1.5195865560980404,3.4390425401575424,0.765625,1.0795682668685913,0.5109089612960815,0.7550551470588235,1.0683620537028593,0.623704203787972,0.5
175,brightness/s5,0.6328125,1.5901333093643188,1.7990319728851318,0.69921875,1.3566520876354642,1.9075904488563538,0.6640625,1.482715129852295,2.8104188442230225,0.7243923611111112,1.5175381435288324,3.4041190014945135,0.6875,1.2763473987579346,0.6335335969924927,0.7513020833333334,1.0799167950948079,0.6242502811882231,0.5
176,brightness/s5,0.6875,1.2205742597579956,1.6682124137878418,0.6986019736842105,1.3494900966945447,1.8949916049053794,0.71875,1.3040952682495117,2.745103120803833,0.7240953947368421,1.5063043079878156,3.3694339551423726,0.75,0.995337724685669,0.5452367663383484,0.751233552631579,1.0754652650732743,0.6200916751434928,0.5
177,brightness/s5,0.703125,1.3374418020248413,1.7376744747161865,0.698828125,1.3488876819610596,1.8871257483959198,0.7421875,1.3918603658676147,2.7561187744140625,0.725,1.5005821108818054,3.338768196105957,0.7578125,1.1503220796585083,0.5570854544639587,0.7515625,1.079208105802536,0.6169413641095162,0.5
178,brightness/s5,0.671875,1.1847037076950073,1.7153518199920654,0.6975446428571429,1.3410693974721999,1.8789460375195457,0.7421875,1.1788294315338135,2.558518409729004,0.7258184523809523,1.4852605547223772,3.301613444373721,0.734375,0.855360746383667,0.565219521522522,0.7507440476190477,1.068548707734971,0.6144784192244211,0.5
179,brightness/s5,0.765625,0.9926826357841492,1.4277575016021729,0.7006392045454546,1.3252336355772885,1.8584374677051196,0.75,1.1415085792541504,2.6185190677642822,0.7269176136363636,1.469635464928367,3.270563699982383,0.8125,0.8133617043495178,0.3970489501953125,0.7535511363636364,1.0569492984901776,0.6045952615412798,0.5
180,brightness/s5,0.7109375,1.064234972000122,1.5398833751678467,0.7010869565217391,1.3138858675956726,1.8445872897687166,0.6875,1.1373310089111328,2.1663103103637695,0.725203804347826,1.4551874451015308,3.2225526830424434,0.7265625,0.8938473463058472,0.48020607233047485,0.7523777173913043,1.0498579092647717,0.5991870359234188,0.5
181,brightness/s5,0.7109375,1.3539588451385498,1.7139825820922852,0.7014973958333334,1.3155555749932926,1.8391454269488652,0.734375,1.3600069284439087,2.2695093154907227,0.7255859375,1.4512215902407963,3.1828425427277884,0.7734375,1.161175012588501,0.5916113257408142,0.7532552083333334,1.0544961219032605,0.598871381332477,0.5
182,brightness/s5,0.734375,1.116345763206482,1.445183515548706,0.7028125,1.3075871825218202,1.8233869504928588,0.65625,1.478554368019104,3.0291523933410645,0.7228125,1.4523149013519288,3.176694936752319,0.7421875,0.9441386461257935,0.5377247333526611,0.7528125,1.0500818228721618,0.5964255154132843,0.5
183,brightness/s5,0.71875,1.2861990928649902,1.3613516092300415,0.7034254807692307,1.3067645636888652,1.805616360444289,0.7109375,1.1921762228012085,1.781716227531433,0.7223557692307693,1.4423095675615163,3.123041909474593,0.734375,1.2726805210113525,0.40319621562957764,0.7521033653846154,1.0586433112621307,0.5889936192677572,0.5
184,brightness/s5,0.6953125,1.1843442916870117,1.37147855758667,0.703125,1.3022304795406483,1.7895371825606734,0.7109375,1.3108282089233398,2.317330837249756,0.7219328703703703,1.4374398876119543,3.093200758651451,0.75,1.0589044094085693,0.4577684998512268,0.7520254629629629,1.0586529815638508,0.5841334296597375,0.5
185,brightness/s5,0.703125,1.2325572967529297,1.4983296394348145,0.703125,1.299742151583944,1.7791369131633215,0.6953125,1.2175021171569824,2.058162212371826,0.7209821428571429,1.4295849672385625,3.0562350962843214,0.7734375,1.1039601564407349,0.48041680455207825,0.7527901785714286,1.0602710949523109,0.5804292644773211,0.5
186,brightness/s5,0.7421875,0.9850296378135681,1.3385076522827148,0.7044719827586207,1.2888899959366897,1.7639428007191624,0.7265625,1.2692848443984985,2.5930709838867188,0.7211745689655172,1.4240573767958016,3.0402639199947488,0.796875,0.863539457321167,0.4562206268310547,0.7543103448275862,1.053487245378823,0.5761462080067602,0.5
187,brightness/s5,0.6875,1.2953187227249146,1.3787860870361328,0.70390625,1.2891042868296305,1.7511042435963948,0.7265625,1.1889182329177856,2.117741107940674,0.7213541666666666,1.4162194053332011,3.0095131595929465,0.71875,1.141196608543396,0.4520501494407654,0.753125,1.0564108908176422,0.572009672721227,0.5
188,brightness/s5,0.78125,1.162578821182251,1.3710012435913086,0.7064012096774194,1.285022820195844,1.7388428564994567,0.7734375,1.1408743858337402,1.8633081912994385,0.7230342741935484,1.4073373079299927,2.9725388057770266,0.796875,1.0421967506408691,0.46250486373901367,0.7545362903225806,1.0559523701667786,0.5684772595282523,0.5
189,brightness/s5,0.6953125,1.3194326162338257,1.3283500671386719,0.7060546875,1.286098126322031,1.726014956831932,0.75,1.1731886863708496,1.786010503768921,0.723876953125,1.4000201635062695,2.9354597963392735,0.75,1.1830945014953613,0.37135207653045654,0.75439453125,1.0599255617707968,0.5623170975595713,0.5
190,brightness/s5,0.7578125,1.047682762145996,1.2056293487548828,0.7076231060606061,1.2788734183166965,1.7102456959811123,0.78125,0.9607506990432739,1.9602500200271606,0.7256155303030303,1.3867089676134514,2.905907984935876,0.796875,0.8338821530342102,0.38572007417678833,0.7556818181818182,1.0530757615060518,0.5569656726085779,0.5
191,brightness/s5,0.7109375,1.2577030658721924,1.4753097295761108,0.7077205882352942,1.2782507608918583,1.7033358146162594,0.6875,1.1899152994155884,2.161842107772827,0.7244944852941176,1.3809209185488083,2.8840236944310806,0.75,0.9972063899040222,0.4883540868759155,0.7555147058823529,1.0514325446942274,0.5549476847929113,0.5
192,brightness/s5,0.671875,1.2296326160430908,1.4907764196395874,0.7066964285714286,1.2768616710390364,1.6972626890454974,0.765625,1.191788673400879,2.271148443222046,0.7256696428571429,1.3755171401160105,2.8665129729679655,0.7578125,0.8803892135620117,0.5942170023918152,0.7555803571428571,1.046545592376164,0.5560696652957371,0.5
193,brightness/s5,0.6875,1.2495566606521606,1.3562171459197998,0.7061631944444444,1.2761031985282898,1.6877892017364502,0.7734375,1.200613021850586,1.8645439147949219,0.7269965277777778,1.3706586923864152,2.838680499129825,0.734375,1.1385592222213745,0.4398738145828247,0.7549913194444444,1.049101526538531,0.552842002775934,0.5
194,brightness/s5,0.7578125,1.0385854244232178,1.4201207160949707,0.7075591216216216,1.2696837992281527,1.6805549183407344,0.7421875,1.2462204694747925,2.2108652591705322,0.7274070945945946,1.3672954971725877,2.821712519671466,0.765625,0.8815719485282898,0.5229477882385254,0.7552787162162162,1.0445737001058217,0.5520340510316797,0.5
195,brightness/s5,0.671875,1.2937952280044556,1.3222899436950684,0.7066200657894737,1.2703183105117397,1.6711268926921643,0.7265625,1.2149815559387207,1.7248528003692627,0.7273848684210527,1.36328723556117,2.7928477902161446,0.7578125,1.196053385734558,0.4585859179496765,0.7553453947368421,1.0485600076223676,0.5495748896347848,0.5
196,brightness/s5,0.71875,1.1042001247406006,1.2416563034057617,0.7069310897435898,1.2660588698509412,1.6601148263002052,0.7421875,1.1221894025802612,1.8590989112854004,0.7277644230769231,1.357105239843711,2.7689055112692027,0.7578125,0.9709500670433044,0.4251866340637207,0.7554086538461539,1.0465700091459813,0.5463854471842448,0.5
197,brightness/s5,0.7265625,1.4632309675216675,1.364990234375,0.707421875,1.2709881722927094,1.6527367115020752,0.703125,1.326180338859558,1.7704973220825195,0.7271484375,1.356332117319107,2.7439453065395356,0.7265625,1.3825544118881226,0.46823641657829285,0.7546875,1.0549696192145348,0.544431721419096,0.5
198,brightness/s5,0.640625,1.7546662092208862,1.4729130268096924,0.7057926829268293,1.2827851975836404,1.6483507679729927,0.625,1.5089036226272583,1.8742995262145996,0.7246570121951219,1.360053373546135,2.7227344338486836,0.6640625,1.6802198886871338,0.5739889144897461,0.7524771341463414,1.070219625787037,0.5451526285671606,0.5
199,brightness/s5,0.7265625,1.0774494409561157,1.2176873683929443,0.7062872023809523,1.2778962509972709,1.638096877506801,0.703125,1.1463372707366943,1.3864424228668213,0.7241443452380952,1.354964894907815,2.690917957396734,0.78125,1.0806784629821777,0.4119712710380554,0.7531622023809523,1.0704686457202548,0.5419816438640866,0.5
200,brightness/s5,0.6796875,1.6170483827590942,1.3347786664962769,0.7056686046511628,1.2857835098754529,1.6310429656228354,0.7109375,1.3819420337677002,1.706303596496582,0.7238372093023255,1.355592270230138,2.6680199490037073,0.71875,1.632191777229309,0.4545862674713135,0.7523619186046512,1.0835319743600003,0.5399491932503012,0.5
201,brightness/s5,0.7578125,1.1384859085083008,1.1822351217269897,0.7068536931818182,1.2824358371171085,1.6208427873524753,0.734375,1.064807653427124,1.4648137092590332,0.7240767045454546,1.3489835289391605,2.640674352645874,0.78125,1.0226004123687744,0.38911980390548706,0.7530184659090909,1.082147166132927,0.5365212525833737,0.5
202,brightness/s5,0.7421875,1.0756607055664062,1.1546558141708374,0.7076388888888889,1.2778408341937595,1.6104830768373277,0.75,1.0284589529037476,1.4716037511825562,0.7246527777777778,1.341860760582818,2.614695005946689,0.78125,0.9386029839515686,0.41024959087371826,0.7536458333333333,1.0789572954177857,0.5337152156564925,0.5
203,brightness/s5,0.6953125,1.359783411026001,1.526984453201294,0.7073709239130435,1.2796221945596777,1.6086678893669792,0.671875,1.444832444190979,1.8562744855880737,0.7235054347826086,1.344099275443865,2.5982076033301977,0.734375,1.2849944829940796,0.5813454389572144,0.7532269021739131,1.0834363647129224,0.5347506552934647,0.5
204,brightness/s5,0.6640625,1.4348396062850952,1.394018530845642,0.7064494680851063,1.2829246926814952,1.6041008817388656,0.765625,1.0310529470443726,1.6552515029907227,0.7244015957446809,1.3374387152651523,2.5781447075782937,0.7421875,1.0826680660247803,0.46020516753196716,0.7529920212765957,1.0834200179323237,0.5331645810857732,0.5
205,brightness/s5,0.75,1.1101980209350586,1.2215533256530762,0.7073567708333334,1.2793262203534443,1.5961311409870784,0.7421875,0.9695774912834167,1.3642455339431763,0.7247721354166666,1.3297749397655327,2.5528551414608955,0.765625,0.8258544206619263,0.4542994797229767,0.7532552083333334,1.0780540679891903,0.531521558140715,0.5
206,brightness/s5,0.765625,1.127036213874817,1.2400529384613037,0.7085459183673469,1.276218261037554,1.5888642388947156,0.7890625,0.8858816623687744,1.3452873229980469,0.7260841836734694,1.3207158932880478,2.5282109002677764,0.8046875,0.8781216740608215,0.3776041269302368,0.7543048469387755,1.0739738150518767,0.528380386075195,0.5
207,brightness/s5,0.734375,1.141713261604309,1.428690791130066,0.7090625,1.273528161048889,1.5856607699394225,0.7265625,1.1469511985778809,1.6021864414215088,0.72609375,1.3172405993938445,2.5096904110908507,0.7578125,0.9234895706176758,0.5203489065170288,0.754375,1.0709641301631927,0.5282197564840316,0.5
208,brightness/s5,0.6171875,1.6482361555099487,1.3982425928115845,0.7072610294117647,1.280875376626557,1.5819859037212296,0.640625,1.4642620086669922,1.4870655536651611,0.7244178921568627,1.3201233721246906,2.4896389432981905,0.703125,1.5498721599578857,0.5119361877441406,0.7533700980392157,1.0803544836885788,0.5279004708224652,0.5
209,brightness/s5,0.7265625,1.1600679159164429,1.1028732061386108,0.7076322115384616,1.2785521562282856,1.572772197998487,0.7734375,0.9996258020401001,1.3937492370605469,0.7253605769230769,1.3139599573153715,2.4685641412551584,0.7734375,1.1027048826217651,0.3257409334182739,0.7537560096153846,1.0807842990526786,0.5240127874108461,0.5
210,brightness/s5,0.6875,1.3941407203674316,1.158656358718872,0.707252358490566,1.2807330725327977,1.5649586915969849,0.7109375,1.1460132598876953,1.2470815181732178,0.7250884433962265,1.3107911517035287,2.4455172993102163,0.71875,1.2556484937667847,0.4188823699951172,0.7530955188679245,1.0840836234812468,0.5220291946294173,0.5
211,brightness/s5,0.703125,1.1800916194915771,1.2109302282333374,0.7071759259259259,1.2788693419209234,1.5584026089421026,0.7109375,1.1429457664489746,1.2413344383239746,0.7248263888888888,1.3076829038284443,2.42321761669936,0.7578125,1.113715648651123,0.37562042474746704,0.7531828703703703,1.0846323646880962,0.5193179211130848,0.5
212,brightness/s5,0.71875,1.149192452430725,1.0796699523925781,0.7073863636363636,1.2765115802938287,1.5496983788230203,0.7265625,1.1287063360214233,1.2526129484176636,0.7248579545454545,1.3044287844137712,2.4019338954578746,0.75,1.2173036336898804,0.34383124113082886,0.753125,1.0870445695790378,0.5161272542043166,0.5
213,brightness/s5,0.6875,1.1339105367660522,1.2630584239959717,0.70703125,1.2739651330879755,1.5445798082011086,0.703125,1.2761967182159424,1.3043928146362305,0.7244698660714286,1.3039246403745242,2.3823349475860596,0.734375,1.1482139825820923,0.4188554286956787,0.7527901785714286,1.088136880525521,0.5143902573202338,0.5
214,brightness/s5,0.6640625,1.354832410812378,1.3189756870269775,0.7062774122807017,1.2753838572585792,1.540621841162966,0.5703125,1.541731834411621,1.5233731269836426,0.721765350877193,1.3080966964102627,2.3672654419614556,0.65625,1.4996403455734253,0.47701287269592285,0.7510964912280702,1.0953562395614491,0.5137345137303335,0.5
215,brightness/s5,0.703125,1.0617873668670654,1.0995995998382568,0.7062230603448276,1.2717011591483807,1.5330180094159882,0.7578125,0.9496645331382751,1.17496657371521,0.7223868534482759,1.301916831526263,2.3467085649227273,0.7578125,0.9042585492134094,0.36983808875083923,0.7512122844827587,1.0920614517968277,0.5112535408858595,0.5
216,brightness/s5,0.8359375,0.8093895316123962,0.9677758812904358,0.7084216101694916,1.2638653688511605,1.5234376343630127,0.8046875,0.7980714440345764,0.9187781810760498,0.723781779661017,1.2933770791958954,2.322506355027021,0.8359375,0.6939886808395386,0.2882213592529297,0.7526483050847458,1.0853144556789074,0.5074733344175048,0.5
217,brightness/s5,0.71875,1.1704261302947998,1.1048340797424316,0.70859375,1.2623080482085547,1.5164609084526697,0.734375,0.9832975268363953,1.3343935012817383,0.7239583333333334,1.2882090866565705,2.3060378074645995,0.78125,1.0004267692565918,0.3558526933193207,0.753125,1.0838996609052023,0.504946323732535,0.5
218,brightness/s5,0.7265625,1.192029595375061,1.1941065788269043,0.7088883196721312,1.261155942424399,1.51117641124569,0.765625,0.9829800724983215,1.3181734085083008,0.7246413934426229,1.2832053323261072,2.289843309121054,0.75,1.0251734256744385,0.4076118469238281,0.7530737704918032,1.0829369357374847,0.5033506765717366,0.5
219,brightness/s5,0.7421875,1.2235642671585083,1.090559482574463,0.7094254032258065,1.2605496250814008,1.5043922672348637,0.734375,1.1101735830307007,1.3013496398925781,0.7247983870967742,1.2804144976600524,2.2738998628431752,0.7421875,1.174858808517456,0.381775438785553,0.752898185483871,1.0844195465887747,0.5013897856397014,0.5
220,brightness/s5,0.7578125,1.192888855934143,1.1095150709152222,0.7101934523809523,1.2594756446187458,1.4981243752297901,0.734375,1.0608586072921753,1.1413662433624268,0.7249503968253969,1.276929483527229,2.255923138724433,0.7578125,1.104451298713684,0.4180709719657898,0.7529761904761905,1.0847375109082176,0.5000672647877346,0.5
221,brightness/s5,0.7265625,1.3009099960327148,1.3027050495147705,0.71044921875,1.260123056359589,1.495070948265493,0.6875,1.2420775890350342,1.4203503131866455,0.724365234375,1.2763849226757884,2.242867313325405,0.7578125,1.2176433801651,0.45142292976379395,0.7530517578125,1.0868141651153564,0.49930719705298543,0.5
222,brightness/s5,0.7109375,1.32298743724823,1.2421072721481323,0.7104567307692308,1.2610902006809528,1.4911791994021488,0.734375,1.230065941810608,1.4462451934814453,0.7245192307692307,1.2756723229701703,2.2306115884047286,0.75,1.2617543935775757,0.3975117802619934,0.7530048076923077,1.0895055532455444,0.4977411137177394,0.5
223,brightness/s5,0.734375,1.1140565872192383,1.1883611679077148,0.7108191287878788,1.2588624186588055,1.486591047409809,0.7109375,1.1379108428955078,1.164711594581604,0.724313446969697,1.2735850278175238,2.2144615884983176,0.765625,0.9907280802726746,0.4518430829048157,0.7531960227272727,1.0880089248671676,0.4970456890084527,0.5
224,brightness/s5,0.7734375,0.8016728162765503,0.9367647767066956,0.7117537313432836,1.2520386932501153,1.4783846851605087,0.75,0.960902750492096,0.922118067741394,0.7246968283582089,1.2689181281559503,2.195172879233289,0.796875,0.9037246108055115,0.24153995513916016,0.753847947761194,1.0852584127169937,0.4932321705924931,0.5
225,brightness/s5,0.7109375,1.3175817728042603,0.9671749472618103,0.7117417279411765,1.253002562067088,1.4708668948972927,0.765625,1.0650782585144043,1.2295764684677124,0.7252987132352942,1.2659204830141628,2.1809729320161484,0.8046875,1.269107460975647,0.3391454219818115,0.7545955882352942,1.0879620751913857,0.49096618899527716,0.5
226,brightness/s5,0.7109375,1.2608450651168823,1.2229409217834473,0.7117300724637681,1.2531162215315776,1.4672737648521645,0.65625,1.350353479385376,1.2548878192901611,0.7242980072463768,1.2671441496282383,2.167551408643308,0.734375,1.2406195402145386,0.4493563175201416,0.754302536231884,1.0901745022207066,0.4903631473796955,0.5
227,brightness/s5,0.703125,1.1998708248138428,1.0904239416122437,0.7116071428571429,1.2523555730070386,1.461890195948737,0.7109375,1.1645522117614746,1.4187066555023193,0.7241071428571428,1.265678550515856,2.1568536264555793,0.7265625,1.1121889352798462,0.42602455615997314,0.75390625,1.0904889941215514,0.4894440246479852,0.5
228,brightness/s5,0.6875,1.5072522163391113,1.2135920524597168,0.7112676056338029,1.255945666575096,1.4583930389981874,0.6640625,1.3328537940979004,1.193198561668396,0.7232614436619719,1.2666246807071524,2.1432810199092813,0.7265625,1.494718074798584,0.4156314432621002,0.7535211267605634,1.0961823614550308,0.4884044108256488,0.5
229,brightness/s5,0.734375,1.0986888408660889,1.0409674644470215,0.7115885416666666,1.2537615439958043,1.4525954615738657,0.765625,0.8679296374320984,0.9879575371742249,0.7238498263888888,1.2610872495505545,2.12723486042685,0.7578125,0.9491321444511414,0.3676462471485138,0.7535807291666666,1.0941399973299768,0.4867272141079108,0.5
230,brightness/s5,0.7421875,1.1284781694412231,1.1279003620147705,0.712007705479452,1.2520453333854675,1.4481475834977138,0.71875,1.18651282787323,1.1248281002044678,0.7237799657534246,1.260065682130317,2.113503260971749,0.7578125,1.1047724485397339,0.43768057227134705,0.753638698630137,1.0942856473465488,0.4860553423019305,0.5
231,brightness/s5,0.7734375,1.0548036098480225,0.9770870804786682,0.7128378378378378,1.2493799046890155,1.4417819010244834,0.7265625,1.032006859779358,1.0985585451126099,0.7238175675675675,1.2569838061526015,2.099787791838517,0.765625,1.0253156423568726,0.3466601073741913,0.7538006756756757,1.0933536202520937,0.48417162291101506,0.5
232,brightness/s5,0.6328125,1.5241992473602295,1.1757454872131348,0.7117708333333334,1.2530441625912985,1.438234748840332,0.640625,1.461295485496521,1.3632457256317139,0.7227083333333333,1.2597079618771871,2.0899672309557595,0.6796875,1.5143073797225952,0.5408765077590942,0.7528125,1.0989663370450338,0.4849276880423228,0.5
233,brightness/s5,0.7265625,1.206313967704773,1.0060372352600098,0.7119654605263158,1.2524292916059494,1.4325479394511174,0.6796875,1.287198543548584,1.13983154296875,0.7221422697368421,1.2600696800570739,2.0774654455875097,0.734375,1.2186256647109985,0.33778125047683716,0.7525699013157895,1.1005408018827438,0.4829915507059348,0.5
234,brightness/s5,0.75,1.0807186365127563,1.0091438293457031,0.7124594155844156,1.2501992830982456,1.4270491847744236,0.7578125,0.954545795917511,0.9743664264678955,0.7226055194805194,1.2561018374059107,2.0631394843002417,0.7890625,1.0402613878250122,0.33624595403671265,0.7530438311688312,1.0997579523495264,0.48108576373620465,0.5
235,brightness/s5,0.734375,0.924896240234375,0.9136958122253418,0.7127403846153846,1.2460287312666576,1.4204677312802045,0.7421875,0.9753125905990601,0.7621903419494629,0.7228565705128205,1.2525019752673614,2.0464606491418986,0.7578125,0.9803932309150696,0.25793537497520447,0.753104967948718,1.0982276354080591,0.47822486131619185,0.5
236,brightness/s5,0.6875,1.1466695070266724,1.2629449367523193,0.7124208860759493,1.244771019567417,1.418473771855801,0.625,1.2498202323913574,2.164947032928467,0.7216178797468354,1.252468029155007,2.0479604767847666,0.8125,0.7761703133583069,0.49738311767578125,0.7538568037974683,1.094150960445404,0.47846737089036384,0.5
