global_idx,corruption,n,model_acc,model_nll,model_ent,model_acc_run,model_nll_run,model_ent_run
0,brightness/s5,64,0.75,1.5540491342544556,3.8087127208709717,0.75,1.5540491342544556,3.8087127208709717
1,brightness/s5,64,0.765625,1.616072177886963,3.7046761512756348,0.7578125,1.5850606560707092,3.7566944360733032
2,brightness/s5,64,0.671875,1.7951284646987915,3.468597888946533,0.7291666666666666,1.6550832589467366,3.6606622536977134
3,brightness/s5,64,0.75,1.406923770904541,3.706151008605957,0.734375,1.5930433869361877,3.672034442424774
4,brightness/s5,64,0.65625,1.772335410118103,3.6459848880767822,0.71875,1.6289017915725708,3.666824531555176
5,brightness/s5,64,0.75,1.4628512859344482,3.6218414306640625,0.7239583333333334,1.6012267072995503,3.6593273480733237
6,brightness/s5,64,0.765625,1.394444465637207,3.127027988433838,0.7299107142857143,1.5716863870620728,3.5832845824105397
7,brightness/s5,64,0.765625,1.2542515993118286,3.267458915710449,0.734375,1.5320070385932922,3.5438063740730286
8,brightness/s5,64,0.71875,1.446742057800293,3.39324951171875,0.7326388888888888,1.5225331518385146,3.527077833811442
9,brightness/s5,64,0.71875,1.7255710363388062,3.4073996543884277,0.73125,1.5428369402885438,3.5151100158691406
10,brightness/s5,64,0.734375,1.276470422744751,2.8243656158447266,0.7315340909090909,1.518621802330017,3.4523150704123755
11,brightness/s5,64,0.71875,1.3493585586547852,3.168715476989746,0.73046875,1.5045165320237477,3.4286817709604898
12,brightness/s5,64,0.65625,1.82191801071167,3.780306816101074,0.7247596153846154,1.5289320303843572,3.4557298513559194
13,brightness/s5,64,0.703125,1.4753832817077637,3.444467544555664,0.7232142857142857,1.5251071197646004,3.454925400870187
14,brightness/s5,64,0.734375,1.280225396156311,2.8573811054229736,0.7239583333333334,1.5087816715240479,3.4150891145070394
15,brightness/s5,64,0.734375,1.223270297050476,3.0251872539520264,0.724609375,1.4909372106194496,3.390720248222351
16,brightness/s5,64,0.765625,1.2641187906265259,1.9350217580795288,0.7270220588235294,1.4775949506198658,3.3050909252727734
17,brightness/s5,64,0.65625,1.4927030801773071,3.0617775917053223,0.7230902777777778,1.4784342911508348,3.2915735178523593
18,brightness/s5,64,0.71875,1.4887322187423706,2.979785203933716,0.7228618421052632,1.478976287339863,3.2751636065934835
19,brightness/s5,64,0.6875,1.4100754261016846,2.808002471923828,0.72109375,1.475531244277954,3.2518055498600007
20,brightness/s5,64,0.796875,1.0768004655838013,2.29125714302063,0.7247023809523809,1.4565440643401373,3.206065149534316
21,brightness/s5,64,0.71875,1.279199242591858,3.03444766998291,0.7244318181818182,1.4484829360788518,3.198264355009252
22,brightness/s5,64,0.75,1.076134204864502,1.800205945968628,0.7255434782608695,1.4322938608086628,3.1374792067900947
23,brightness/s5,64,0.640625,1.6327842473983765,2.6537282466888428,0.7220052083333334,1.4406476269165676,3.117322916785876
24,brightness/s5,64,0.765625,1.2421367168426514,2.421325922012329,0.72375,1.4327071905136108,3.089483036994934
25,brightness/s5,64,0.765625,1.0611045360565186,2.2079882621765137,0.7253605769230769,1.4184147807267995,3.0555793918096104
26,brightness/s5,64,0.71875,1.3930896520614624,2.3039331436157227,0.7251157407407407,1.4174768129984539,3.027740641876503
27,brightness/s5,64,0.65625,1.4994040727615356,2.3614344596862793,0.72265625,1.420402786561421,3.003943992512567
28,brightness/s5,64,0.71875,1.4296971559524536,2.183642625808716,0.7225215517241379,1.4207232820576634,2.975657738488296
29,brightness/s5,64,0.703125,1.1576356887817383,2.6786890029907227,0.721875,1.4119536956151326,2.9657587806383767
30,brightness/s5,64,0.734375,1.2018544673919678,2.114194393157959,0.7222782258064516,1.405176301156321,2.9382889616873955
31,brightness/s5,64,0.6875,1.2614210844039917,1.9239954948425293,0.72119140625,1.4006839506328106,2.9065922908484936
32,brightness/s5,64,0.734375,1.269558072090149,2.185117244720459,0.7215909090909091,1.3967104391618208,2.8847294106627954
33,brightness/s5,64,0.625,1.4092590808868408,1.9185748100280762,0.71875,1.3970795168596155,2.8563130988794216
34,brightness/s5,64,0.765625,1.1433664560317993,1.8660249710083008,0.7200892857142858,1.389830572264535,2.828019152368818
35,brightness/s5,64,0.71875,1.3743761777877808,3.0219061374664307,0.7200520833333334,1.3894012835290697,2.8334049019548626
36,brightness/s5,64,0.578125,1.6178721189498901,2.115520477294922,0.7162162162162162,1.3955761709728756,2.814002620207297
37,brightness/s5,64,0.75,1.0215086936950684,1.3916479349136353,0.7171052631578947,1.3857322899918807,2.7765722337522005
38,brightness/s5,64,0.65625,1.8181157112121582,1.8819770812988281,0.7155448717948718,1.3968190443821442,2.753633896509806
39,brightness/s5,64,0.703125,1.1322901248931885,2.2084624767303467,0.715234375,1.3902058213949204,2.74000461101532
40,brightness/s5,64,0.640625,1.3861353397369385,1.481679916381836,0.7134146341463414,1.3901065413544818,2.709313764804747
41,brightness/s5,64,0.703125,1.045599341392517,1.5270596742630005,0.7131696428571429,1.381903988974435,2.6811648578870866
42,brightness/s5,64,0.703125,1.4328432083129883,2.095564842224121,0.7129360465116279,1.3830886219823084,2.6675462528716687
43,brightness/s5,64,0.671875,1.1967214345932007,1.9235303401947021,0.7120028409090909,1.3788530040871014,2.6506368003108283
44,brightness/s5,64,0.703125,1.1360772848129272,1.4049962759017944,0.7118055555555556,1.3734579881032307,2.6229558997684057
45,brightness/s5,64,0.703125,1.2496867179870605,1.7231574058532715,0.7116168478260869,1.3707673083180967,2.6033950629441636
46,brightness/s5,64,0.734375,1.0308706760406494,1.5370252132415771,0.7121010638297872,1.363535465078151,2.5807063427377255
47,brightness/s5,64,0.65625,1.4332581758499146,1.8890050649642944,0.7109375,1.3649880215525627,2.566295899450779
48,brightness/s5,64,0.6875,1.0853620767593384,1.4481444358825684,0.7104591836734694,1.359281369618007,2.543476481826938
49,brightness/s5,64,0.625,1.651222825050354,1.6765387058258057,0.70875,1.3651201987266541,2.5261377263069154
50,brightness/s5,64,0.734375,1.2348277568817139,1.4125601053237915,0.7092524509803921,1.3625654449649887,2.504302870993521
51,brightness/s5,64,0.71875,1.0444716215133667,1.744502305984497,0.7094350961538461,1.3564482560524573,2.4896913216664243
52,brightness/s5,64,0.703125,1.215867519378662,1.9209498167037964,0.7093160377358491,1.353795789322763,2.4789603498746766
53,brightness/s5,64,0.765625,1.037768006324768,1.241539716720581,0.7103587962962963,1.3479434229709484,2.4560451529644154
54,brightness/s5,64,0.703125,1.2640315294265747,1.4572138786315918,0.7102272727272727,1.3464177521792324,2.4378845843401824
55,brightness/s5,64,0.734375,0.9929589033126831,1.3754103183746338,0.7106584821428571,1.3401059870209013,2.4189118295907974
56,brightness/s5,64,0.6875,1.213199257850647,1.42970871925354,0.7102521929824561,1.3378795531758092,2.401557389058565
57,brightness/s5,64,0.671875,1.3738398551940918,1.3251545429229736,0.7095905172413793,1.3384995583830208,2.3829987192976065
58,brightness/s5,64,0.71875,1.3304312229156494,1.6825603246688843,0.7097457627118644,1.3383628069344213,2.3711268821005094
59,brightness/s5,64,0.703125,1.0694100856781006,1.3046057224273682,0.7096354166666666,1.3338802615801493,2.35335152943929
60,brightness/s5,64,0.578125,1.8434795141220093,1.68027925491333,0.7074795081967213,1.342234347687393,2.34231755772575
61,brightness/s5,64,0.703125,0.9615278244018555,0.9558447599411011,0.7074092741935484,1.3360939198924648,2.3199550932453525
62,brightness/s5,64,0.765625,1.0193125009536743,1.0671920776367188,0.7083333333333334,1.331065643401373,2.3000699660134694
63,brightness/s5,64,0.671875,1.156449556350708,1.368384599685669,0.707763671875,1.3283372670412064,2.2855123821645975
64,brightness/s5,64,0.78125,1.033026099205017,0.8474316596984863,0.7088942307692307,1.323794018305265,2.2633880633574264
65,brightness/s5,64,0.8125,0.8629266023635864,1.103718638420105,0.7104640151515151,1.316811178669785,2.2458173144947398
66,brightness/s5,64,0.703125,1.2886245250701904,0.9938465356826782,0.7103544776119403,1.316390482347403,2.2271311834676943
67,brightness/s5,64,0.796875,1.1395262479782104,1.392627239227295,0.7116268382352942,1.3137895377243267,2.2148590666406296
68,brightness/s5,64,0.640625,1.3089889287948608,1.5598523616790771,0.7105978260869565,1.3137199636818706,2.2053662158440854
69,brightness/s5,64,0.6875,1.5262669324874878,1.3645849227905273,0.7102678571428571,1.3167563489505223,2.1933550545147487
70,brightness/s5,64,0.734375,1.111215353012085,1.127913475036621,0.7106073943661971,1.3138614053457556,2.178348835085479
71,brightness/s5,64,0.734375,0.9975799918174744,1.189838171005249,0.7109375,1.3094686079356406,2.164619520306587
72,brightness/s5,64,0.734375,1.1068644523620605,0.8611339330673218,0.7112585616438356,1.3066932085442216,2.146763553358104
73,brightness/s5,64,0.671875,1.376219630241394,1.6113197803497314,0.7107263513513513,1.3076327547833726,2.139527826695829
74,brightness/s5,64,0.78125,0.9329425096511841,1.0457590818405151,0.7116666666666667,1.3026368848482768,2.1249442434310915
75,brightness/s5,64,0.734375,0.9740641713142395,1.1391282081604004,0.7119654605263158,1.2983135596701973,2.1119729798091087
76,brightness/s5,64,0.765625,1.03935706615448,1.2537552118301392,0.7126623376623377,1.2949504883258374,2.1008272945106805
77,brightness/s5,64,0.796875,0.8082146644592285,0.9502832293510437,0.7137419871794872,1.2887102854557526,2.0860767295727363
78,brightness/s5,64,0.796875,0.8230550289154053,0.9806789755821228,0.7147943037974683,1.2828159151197989,2.0720843529399438
79,brightness/s5,64,0.625,1.5507073402404785,1.5247371196746826,0.713671875,1.2861645579338075,2.065242512524128
80,brightness/s5,64,0.78125,1.1780067682266235,0.9163491725921631,0.7145061728395061,1.2848292765793976,2.051058644129906
81,brightness/s5,64,0.625,1.4448186159133911,1.3650693893432617,0.7134146341463414,1.2867803660834707,2.042692921510557
82,brightness/s5,64,0.71875,1.3556715250015259,0.9640023112297058,0.7134789156626506,1.287610380046339,2.0296966490975343
83,brightness/s5,64,0.734375,0.9485079646110535,1.0928865671157837,0.7137276785714286,1.283573446529252,2.018544148121561
84,brightness/s5,64,0.78125,0.8510706424713135,0.7928225994110107,0.7145220588235294,1.2784851782462177,2.0041238946073197
85,brightness/s5,64,0.734375,0.9223167896270752,1.0899486541748047,0.7147529069767442,1.2743436853552974,1.9934939499511275
86,brightness/s5,64,0.609375,1.326947569847107,1.338620901107788,0.7135416666666666,1.2749483277057778,1.985966673527641
87,brightness/s5,64,0.78125,0.845317542552948,1.244925618171692,0.7143110795454546,1.2700661596926777,1.9775457524440505
88,brightness/s5,64,0.75,1.2084369659423828,1.0627148151397705,0.7147120786516854,1.2693736968415508,1.9672667531484969
89,brightness/s5,64,0.71875,1.0080523490905762,1.2140872478485107,0.7147569444444445,1.2664701263109843,1.958898091978497
90,brightness/s5,64,0.75,0.8245310187339783,0.8236240744590759,0.7151442307692307,1.2616136526013468,1.9464225533244375
91,brightness/s5,64,0.640625,1.8039408922195435,1.1101621389389038,0.7143342391304348,1.2675085139015447,1.9373327662115511
92,brightness/s5,64,0.59375,1.6965547800064087,1.1075100898742676,0.7130376344086021,1.2721219146123497,1.9284099417348062
93,brightness/s5,64,0.59375,1.633986234664917,0.9751073122024536,0.7117686170212766,1.2759715350384409,1.9182684243993555
94,brightness/s5,64,0.765625,0.982231855392456,0.9276570677757263,0.7123355263157894,1.2728795384105882,1.9078409364348963
95,brightness/s5,64,0.6875,1.1837191581726074,0.9585849642753601,0.7120768229166666,1.271950784449776,1.897952853391568
96,brightness/s5,64,0.625,1.3437812328338623,1.5730153322219849,0.7111791237113402,1.2726913045362098,1.8946029820393042
97,brightness/s5,64,0.71875,1.227994680404663,0.9678655862808228,0.7112563775510204,1.2722352165348676,1.8851464780009524
98,brightness/s5,64,0.671875,1.4167571067810059,1.1731986999511719,0.7108585858585859,1.2736950336080608,1.8779550863034797
99,brightness/s5,64,0.65625,1.603468656539917,1.3710436820983887,0.7103125,1.2769927698373795,1.8728859722614288
100,brightness/s5,64,0.671875,1.3587568998336792,1.033205270767212,0.7099319306930693,1.2778023156789269,1.864572301949605
101,brightness/s5,64,0.71875,1.1685494184494019,1.1455352306365967,0.7100183823529411,1.2767312088433433,1.8575229188975166
102,brightness/s5,64,0.71875,1.1257848739624023,0.7801556587219238,0.7101031553398058,1.275265710446441,1.8470630425851322
103,brightness/s5,64,0.65625,1.3411953449249268,1.0993409156799316,0.7095853365384616,1.2758996492395034,1.8398734067495053
104,brightness/s5,64,0.71875,1.2135920524597168,0.9110444784164429,0.709672619047619,1.2753062435558864,1.8310274169558571
105,brightness/s5,64,0.671875,1.2918146848678589,1.0459603071212769,0.7093160377358491,1.2754619835682635,1.8236211234668516
106,brightness/s5,64,0.65625,1.1539039611816406,1.3603383302688599,0.708820093457944,1.2743259272842764,1.8192913777360291
107,brightness/s5,64,0.640625,1.4134066104888916,1.0134328603744507,0.7081886574074074,1.2756137113880228,1.8118297247974962
108,brightness/s5,64,0.734375,1.1097944974899292,0.8804726004600525,0.7084288990825688,1.2740924341962971,1.8032851640237582
109,brightness/s5,64,0.75,1.2012888193130493,0.8863352537155151,0.7088068181818182,1.273430583151904,1.7949492557482285
110,brightness/s5,64,0.65625,1.6504713296890259,1.1287307739257812,0.7083333333333334,1.2768273466342204,1.788947287443522
111,brightness/s5,64,0.734375,1.3635977506637573,1.1489949226379395,0.7085658482142857,1.2776020823844842,1.783233427043472
112,brightness/s5,64,0.734375,1.2267656326293945,0.815186619758606,0.7087942477876106,1.2771522022981558,1.7746666411382963
113,brightness/s5,64,0.734375,1.2023605108261108,0.868304431438446,0.7090186403508771,1.2764961348291028,1.7667160954391747
114,brightness/s5,64,0.703125,1.2570712566375732,0.9793703556060791,0.7089673913043478,1.2763272228448288,1.7598696107449738
115,brightness/s5,64,0.78125,0.7923105359077454,0.7324289679527283,0.7095905172413793,1.2721546651988194,1.751012363824351
116,brightness/s5,64,0.65625,1.3849633932113647,0.9397644400596619,0.7091346153846154,1.2731188423613198,1.7440786208861914
117,brightness/s5,64,0.671875,1.4258402585983276,1.0463900566101074,0.7088188559322034,1.274413091651464,1.738166005934699
118,brightness/s5,64,0.75,1.277549147605896,0.8365118503570557,0.7091649159663865,1.2744394450628458,1.730589080257576
119,brightness/s5,64,0.828125,0.7429356575012207,1.0841829776763916,0.71015625,1.2700102468331655,1.7252023627360662
120,brightness/s5,64,0.609375,1.4387608766555786,1.1070659160614014,0.709323347107438,1.2714048801374829,1.720093797061069
121,brightness/s5,64,0.703125,1.1443848609924316,0.9993645548820496,0.7092725409836066,1.2703637324395727,1.7141861803218967
122,brightness/s5,64,0.65625,1.3956679105758667,0.8506491184234619,0.7088414634146342,1.2713824655951522,1.707165553802397
123,brightness/s5,64,0.703125,1.191150188446045,0.9440248012542725,0.7087953629032258,1.2707354311020143,1.7010111928947511
124,brightness/s5,64,0.6875,0.8326417207717896,0.9277733564376831,0.708625,1.2672306814193726,1.6948252902030945
125,brightness/s5,64,0.640625,1.4638782739639282,0.9570046663284302,0.7080853174603174,1.2687913765982977,1.688969570965994
126,brightness/s5,64,0.6875,1.2453503608703613,0.9431899189949036,0.7079232283464567,1.268606801671306,1.6830972902418122
127,brightness/s5,64,0.75,1.4833259582519531,0.754560112953186,0.708251953125,1.2702842950820923,1.6758430935442448
128,brightness/s5,64,0.734375,0.8244706988334656,0.8420529365539551,0.7084544573643411,1.2668283757313277,1.6693796039551727
129,brightness/s5,64,0.671875,1.3891270160675049,0.9383644461631775,0.708173076923077,1.2677691345031445,1.663756410433696
130,brightness/s5,64,0.828125,0.5501750707626343,0.7850933074951172,0.7090887404580153,1.2622913172226826,1.657049058502867
131,brightness/s5,64,0.75,0.9499611854553223,0.798405110836029,0.7093986742424242,1.2599251798608087,1.6505441801114515
132,brightness/s5,64,0.703125,1.2811272144317627,0.8026392459869385,0.7093515037593985,1.2600845936545753,1.6441689550428462
133,brightness/s5,64,0.734375,1.0586286783218384,0.9895951747894287,0.7095382462686567,1.2585811913013458,1.6392840760857312
134,brightness/s5,64,0.65625,1.1399836540222168,1.043128490447998,0.7091435185185185,1.257702691025204,1.634868108784711
135,brightness/s5,64,0.6875,1.0099174976348877,0.7831224203109741,0.708984375,1.2558807410738047,1.628605272840051
136,brightness/s5,64,0.71875,1.135274052619934,0.9935990571975708,0.7090556569343066,1.2550004002821706,1.6239701909740476
137,brightness/s5,64,0.75,1.1271098852157593,0.7633211612701416,0.7093523550724637,1.2540736574193705,1.61773360380228
138,brightness/s5,64,0.65625,1.3820767402648926,0.7788736820220947,0.7089703237410072,1.2549945429074678,1.6116986403362357
139,brightness/s5,64,0.75,0.8320364356040955,0.7385526895523071,0.7092633928571429,1.2519734135695866,1.605461883544922
140,brightness/s5,64,0.65625,1.3681098222732544,0.8266023993492126,0.7088874113475178,1.2527970760426623,1.5999380574158744
141,brightness/s5,64,0.75,1.1050819158554077,0.825825572013855,0.7091769366197183,1.2517568284357097,1.5944865610398038
142,brightness/s5,64,0.71875,1.1691619157791138,0.859639048576355,0.7092438811188811,1.2511792416339154,1.589347767246353
143,brightness/s5,64,0.703125,1.43558931350708,0.9868879318237305,0.7092013888888888,1.2524598671330347,1.5851640183892515
144,brightness/s5,64,0.75,1.0095947980880737,0.9726594686508179,0.7094827586206897,1.2507849356223797,1.5809398490807105
145,brightness/s5,64,0.6875,1.197036862373352,0.6922595500946045,0.709332191780822,1.2504167981343726,1.574852997717792
146,brightness/s5,64,0.796875,1.1749125719070435,0.6179036498069763,0.7099277210884354,1.24990316394235,1.5683431382081947
147,brightness/s5,64,0.71875,1.22231924533844,0.8631594777107239,0.709987331081081,1.2497167861139453,1.5635783837453738
148,brightness/s5,64,0.65625,1.577519416809082,0.8661730289459229,0.709626677852349,1.2519168037696173,1.558897810894371
149,brightness/s5,64,0.71875,1.3589099645614624,0.7984156608581543,0.7096875,1.2526300915082296,1.5538279298941295
150,brightness/s5,64,0.78125,1.1242598295211792,0.8961065411567688,0.7101614238410596,1.251779957322885,1.5494721591077893
151,brightness/s5,64,0.765625,1.015749216079712,0.6261702179908752,0.7105263157894737,1.2502271234989166,1.5433978042320202
152,brightness/s5,64,0.671875,1.6004638671875,1.1073856353759766,0.7102736928104575,1.2525162525426328,1.540548051494399
153,brightness/s5,64,0.796875,0.6488354206085205,0.6748072504997253,0.710836038961039,1.2485962471404632,1.5349263579814465
154,brightness/s5,64,0.75,0.8295707106590271,0.7308119535446167,0.7110887096774193,1.2458928565825185,1.529738523114112
155,brightness/s5,64,0.71875,1.096693992614746,0.8056578636169434,0.7111378205128205,1.2449364536083662,1.5250969804250276
156,brightness/s5,64,0.671875,1.6020420789718628,0.6998022794723511,0.7108877388535032,1.2472110117317006,1.5198403262788323
157,brightness/s5,64,0.734375,1.1230872869491577,0.8531953692436218,0.7110363924050633,1.2464254185368744,1.5156210543988626
158,brightness/s5,64,0.765625,1.0406032800674438,0.7462838888168335,0.7113797169811321,1.245130939678576,1.5107824558731895
159,brightness/s5,64,0.671875,1.1782779693603516,0.7531911134719849,0.7111328125,1.244713108614087,1.506047509983182
160,brightness/s5,64,0.71875,1.0244617462158203,0.7666764259338379,0.7111801242236024,1.243345087729626,1.501455143001509
161,brightness/s5,64,0.671875,1.0017666816711426,0.6413633227348328,0.7109375,1.2418538630008698,1.4961459342344308
162,brightness/s5,64,0.71875,1.2070467472076416,0.9076459407806396,0.7109854294478528,1.2416403224131813,1.4925355048267388
163,brightness/s5,64,0.859375,0.7576022148132324,0.41839781403541565,0.711890243902439,1.2386888705375718,1.485985884760938
164,brightness/s5,64,0.71875,1.0937073230743408,0.970682680606842,0.7119318181818182,1.23781019449234,1.482862835038792
165,brightness/s5,64,0.703125,1.5986840724945068,0.777664303779602,0.711878765060241,1.2399841335164494,1.4786146511155438
166,brightness/s5,64,0.765625,1.2219160795211792,0.6628196835517883,0.7122005988023952,1.239875941576358,1.4737296513097728
167,brightness/s5,64,0.75,0.7994830012321472,0.5521154403686523,0.7124255952380952,1.2372545550266902,1.4682438524351233
168,brightness/s5,64,0.71875,1.1027780771255493,0.8441634774208069,0.7124630177514792,1.2364588362225415,1.464551069151015
169,brightness/s5,64,0.640625,1.240388035774231,0.577639639377594,0.7120404411764706,1.2364819491610808,1.4593339430935242
170,brightness/s5,64,0.640625,1.2824385166168213,0.7254559993743896,0.7116228070175439,1.2367507010175471,1.4550422592121257
171,brightness/s5,64,0.671875,1.44474196434021,0.8633816242218018,0.7113917151162791,1.2379599525484928,1.4516023717993913
172,brightness/s5,64,0.75,0.7769349217414856,0.6219100952148438,0.7116148843930635,1.235295067977354,1.4468064626861858
173,brightness/s5,64,0.6875,1.04172682762146,0.6995614767074585,0.7114762931034483,1.2341826068258834,1.442511951272515
174,brightness/s5,64,0.640625,1.8482524156570435,0.8045172691345215,0.7110714285714286,1.2376915771620614,1.4388662673745836
175,brightness/s5,64,0.59375,1.7974083423614502,0.9970566034317017,0.7104048295454546,1.2408717860552398,1.43635598519309
176,brightness/s5,64,0.765625,0.9437876343727112,1.0472257137298584,0.7107168079096046,1.2391933445203103,1.4341575090831282
177,brightness/s5,64,0.796875,0.8784970641136169,0.7309129238128662,0.7112008426966292,1.2371669609225198,1.430206696806329
178,brightness/s5,64,0.640625,1.5551468133926392,0.7139267325401306,0.71080656424581,1.238943384679336,1.426205132760149
179,brightness/s5,64,0.703125,1.2793471813201904,0.8287369012832642,0.7107638888888889,1.2391678502162298,1.4228858648074998
180,brightness/s5,64,0.75,0.775885283946991,0.7204788327217102,0.7109806629834254,1.236608278026897,1.4190051629727716
181,brightness/s5,64,0.75,0.9653462171554565,0.7178701162338257,0.711195054945055,1.235117827142988,1.4151527726060742
182,brightness/s5,64,0.625,1.4292011260986328,0.8853629231452942,0.710724043715847,1.2361783916181555,1.4122577461062884
183,brightness/s5,64,0.765625,1.0698281526565552,0.6477582454681396,0.7110224184782609,1.2352743142324945,1.4081028575158638
184,brightness/s5,64,0.75,1.2854337692260742,0.6689538359642029,0.7112331081081081,1.235545446421649,1.4041074573993684
185,brightness/s5,64,0.609375,1.4953887462615967,0.7967814207077026,0.7106854838709677,1.2369424534100357,1.4008422636537141
186,brightness/s5,64,0.75,0.9421682357788086,0.6106953620910645,0.7108957219251337,1.2353661206954303,1.396616879153379
187,brightness/s5,64,0.703125,1.1063361167907715,0.6259620189666748,0.7108543882978723,1.2346797908874267,1.3925176511736626
188,brightness/s5,64,0.71875,1.435685157775879,0.4931616187095642,0.7108961640211641,1.235743311347154,1.3877591536473977
189,brightness/s5,64,0.625,1.4865257740020752,0.7684798240661621,0.7104440789473684,1.237063219045338,1.3844997887548647
190,brightness/s5,64,0.671875,1.076345682144165,0.8284150958061218,0.7102421465968587,1.236221765972557,1.3815883505718871
191,brightness/s5,64,0.671875,1.6292930841445923,0.8027824759483337,0.7100423177083334,1.2382690124213696,1.378573736641556
192,brightness/s5,64,0.640625,1.6741589307785034,0.713022768497467,0.7096826424870466,1.240527509407676,1.3751252860294105
193,brightness/s5,64,0.71875,1.036149263381958,0.6749134063720703,0.709729381443299,1.2394740132941413,1.371515946443548
194,brightness/s5,64,0.734375,0.9531071782112122,0.843278706073761,0.7098557692307692,1.2380054654219212,1.3688070375185746
195,brightness/s5,64,0.75,0.9579287171363831,0.541114091873169,0.7100605867346939,1.2365765024204642,1.3645841143265063
196,brightness/s5,64,0.71875,1.0969254970550537,0.6493592858314514,0.710104695431472,1.2358676140683555,1.3609535314407446
197,brightness/s5,64,0.703125,1.5725078582763672,0.7320865988731384,0.7100694444444444,1.2375678173219316,1.3577774358217163
198,brightness/s5,64,0.75,1.2410695552825928,0.7738494277000427,0.7102701005025126,1.2375854139951006,1.354843124223115
199,brightness/s5,64,0.625,1.5229846239089966,0.7487436532974243,0.70984375,1.23901241004467,1.3518126268684865
200,brightness/s5,64,0.703125,1.5453060865402222,0.7663135528564453,0.7098103233830846,1.240536259181464,1.3488996961520086
201,brightness/s5,64,0.71875,1.103819727897644,0.6582900881767273,0.7098545792079208,1.2398594446701579,1.3454808367065865
202,brightness/s5,64,0.796875,0.7564695477485657,0.5568985939025879,0.7102832512315271,1.2374782136508398,1.341596195116419
203,brightness/s5,64,0.78125,0.9264564514160156,0.6534920334815979,0.7106311274509803,1.2359535971692963,1.338223135500562
204,brightness/s5,64,0.6875,1.4914939403533936,0.7931117415428162,0.7105182926829269,1.237200135428731,1.3355640555300363
205,brightness/s5,64,0.765625,1.0805723667144775,0.8067880868911743,0.7107858009708737,1.23643980645439,1.3329971818958672
206,brightness/s5,64,0.6875,1.3443748950958252,0.8383495211601257,0.7106733091787439,1.2369612320033825,1.3306075796700907
207,brightness/s5,64,0.6875,1.5492627620697021,0.685530424118042,0.7105618990384616,1.238462681667163,1.327506247191475
208,brightness/s5,64,0.625,1.250383734703064,0.8171290159225464,0.7101525119617225,1.238519720198435,1.325064250869614
209,brightness/s5,64,0.65625,1.3314568996429443,0.7396133542060852,0.7098958333333333,1.2389622781957899,1.3222763894569307
210,brightness/s5,64,0.734375,1.0943447351455688,0.7888805270195007,0.7100118483412322,1.2382768869964997,1.3197484469809238
211,brightness/s5,64,0.71875,1.297727108001709,0.6963807344436646,0.7100530660377359,1.238557312567279,1.3168080332425405
212,brightness/s5,64,0.65625,1.2441332340240479,0.6897568702697754,0.7098004694835681,1.2385834906022872,1.3138641310689594
213,brightness/s5,64,0.703125,1.5508830547332764,0.7132402658462524,0.7097692757009346,1.2400428343599088,1.3110574774931525
214,brightness/s5,64,0.75,1.3862886428833008,0.7670000791549683,0.7099563953488373,1.2407230474228084,1.308526977965998
215,brightness/s5,64,0.703125,1.5764684677124023,0.6440055966377258,0.7099247685185185,1.2422774243685935,1.3054504900894783
216,brightness/s5,64,0.671875,1.4148390293121338,0.7913089990615845,0.7097494239631337,1.2430726391379185,1.3030811744626216
217,brightness/s5,64,0.78125,1.0272266864776611,0.56269770860672,0.7100774082568807,1.2420825200890182,1.29968492003209
218,brightness/s5,64,0.625,1.3835042715072632,0.6216132044792175,0.7096889269406392,1.2427282815110194,1.296588702152853
219,brightness/s5,64,0.703125,1.317385196685791,0.650082528591156,0.709659090909091,1.24306763112545,1.2936500377275728
220,brightness/s5,64,0.671875,1.7559999227523804,0.6874227523803711,0.7094881221719457,1.2453885917210472,1.2909069278391239
221,brightness/s5,64,0.703125,1.3563294410705566,0.5710000991821289,0.7094594594594594,1.2458883252766755,1.2876641042866148
222,brightness/s5,64,0.6875,1.089990496635437,0.6686917543411255,0.7093609865470852,1.2451892318746969,1.2848884435245274
223,brightness/s5,64,0.859375,0.7370270490646362,0.4816228151321411,0.7100306919642857,1.2429206507014376,1.2813024362549186
224,brightness/s5,64,0.734375,1.162795066833496,0.6735436320304871,0.7101388888888889,1.242564536995358,1.278601286013921
225,brightness/s5,64,0.765625,1.0050889253616333,0.9047971963882446,0.7103844026548672,1.2415137599527308,1.2769472856173474
226,brightness/s5,64,0.78125,0.9530128240585327,0.6642612814903259,0.7106965859030837,1.2402428307197166,1.2742482283304442
227,brightness/s5,64,0.671875,1.2075289487838745,0.861831545829773,0.7105263157894737,1.2400993487814016,1.2724393832317569
228,brightness/s5,64,0.640625,1.2902085781097412,0.6350683569908142,0.7102210698689956,1.240318166376722,1.269656103641185
229,brightness/s5,64,0.5625,1.6898870468139648,0.788043737411499,0.709578804347826,1.2422728136829708,1.2675621368314909
230,brightness/s5,64,0.671875,1.2350387573242188,0.6617140173912048,0.7094155844155844,1.2422414974216776,1.2649394176997149
231,brightness/s5,64,0.75,0.8995000123977661,0.5517770648002625,0.7095905172413793,1.2407641634345055,1.2618654420406654
232,brightness/s5,64,0.71875,1.3582123517990112,0.6142030954360962,0.7096298283261803,1.2412682329124647,1.2590857753170406
233,brightness/s5,64,0.765625,0.7959273457527161,0.657294511795044,0.7098691239316239,1.2393650667280214,1.2565140177806218
234,brightness/s5,64,0.71875,1.2471710443496704,0.6439386606216431,0.709906914893617,1.239398283654071,1.253907314133137
235,brightness/s5,64,0.765625,1.2697762250900269,0.6940039992332458,0.7101430084745762,1.2395270037449013,1.2515348424598323
236,brightness/s5,64,0.71875,1.520498275756836,0.6007078886032104,0.7101793248945147,1.2407125365382006,1.2487887371692978
237,brightness/s5,64,0.75,1.1542205810546875,0.5277304649353027,0.7103466386554622,1.2403491249605387,1.2457590805632728
238,brightness/s5,64,0.71875,1.49630606174469,0.7882684469223022,0.7103817991631799,1.2414200744868322,1.2438448938116369
239,brightness/s5,64,0.828125,0.9636767506599426,0.4723140597343445,0.7108723958333333,1.2402628106375535,1.2406301820029815
240,brightness/s5,64,0.796875,0.8434756994247437,0.5105705261230469,0.7112292531120332,1.2386163910889527,1.2376008888250565
241,brightness/s5,64,0.734375,0.832766056060791,0.6190968751907349,0.7113248966942148,1.2369393235888362,1.2350450871158238
242,brightness/s5,64,0.703125,1.1936075687408447,0.6803106665611267,0.7112911522633745,1.236761003610038,1.2327622294180678
243,brightness/s5,64,0.734375,1.161219835281372,0.5816537141799927,0.7113857581967213,1.2364514086578713,1.2300937518966002
244,brightness/s5,64,0.78125,0.6831807494163513,0.47797584533691406,0.711670918367347,1.2341931610691304,1.2270238828902342
245,brightness/s5,64,0.734375,1.2760320901870728,0.571394145488739,0.7117632113821138,1.2343632380167644,1.2243587213560818
246,brightness/s5,64,0.765625,0.9425967931747437,0.6742035150527954,0.7119812753036437,1.2331819973493878,1.222131372342708
247,brightness/s5,64,0.765625,0.7929196357727051,0.5741286873817444,0.7121975806451613,1.2314067458914173,1.2195184582904461
248,brightness/s5,64,0.75,1.3027114868164062,0.48358628153800964,0.7123493975903614,1.2316931103128028,1.216562907379794
249,brightness/s5,64,0.703125,1.175265908241272,0.6961630582809448,0.7123125,1.2314674015045166,1.2144813079833985
250,brightness/s5,64,0.625,1.611079454421997,0.7336733937263489,0.711964641434263,1.2329798001217178,1.2125657386038884
251,brightness/s5,64,0.765625,1.082139492034912,0.5836113095283508,0.7121775793650794,1.2323812274705797,1.2100698876948583
252,brightness/s5,64,0.703125,1.7157723903656006,0.48815587162971497,0.7121417984189723,1.2342918644780698,1.207216472611597
253,brightness/s5,64,0.734375,0.9197578430175781,0.5623382329940796,0.7122293307086615,1.233053541558934,1.2046775819044413
254,brightness/s5,64,0.8125,1.0363088846206665,0.5353330373764038,0.7126225490196079,1.2322819938846663,1.2020527013376647
255,brightness/s5,64,0.71875,1.0701953172683716,0.7150307297706604,0.712646484375,1.231648842804134,1.2001502717612311
256,brightness/s5,64,0.75,0.8417679667472839,0.6123034954071045,0.7127918287937743,1.230131796593796,1.1978629302189971
257,brightness/s5,64,0.703125,1.4988006353378296,0.8402348756790161,0.7127543604651163,1.231173148681951,1.1964767749688423
258,brightness/s5,64,0.671875,1.284379243850708,0.6410025358200073,0.712596525096525,1.2313785776208266,1.1943320867868004
259,brightness/s5,64,0.78125,0.8564615249633789,0.4442498981952667,0.7128605769230769,1.2299365889567595,1.1914471552922175
260,brightness/s5,64,0.71875,0.9527085423469543,0.5793578028678894,0.7128831417624522,1.2288744125329671,1.1891019853595572
261,brightness/s5,64,0.671875,1.5265238285064697,0.687774658203125,0.7127266221374046,1.2300104790061486,1.1871885222788074
262,brightness/s5,64,0.734375,1.0376930236816406,0.5847223401069641,0.7128089353612167,1.229279233928869,1.1848977763389907
263,brightness/s5,64,0.78125,1.3121451139450073,0.8003696799278259,0.7130681818181818,1.229593119838021,1.1834412305192514
264,brightness/s5,64,0.75,1.144997000694275,0.6104379892349243,0.7132075471698113,1.2292738891997428,1.1812789541370463
265,brightness/s5,64,0.78125,1.5318602323532104,0.4906923174858093,0.7134633458646616,1.230411431843177,1.1786827637736959
266,brightness/s5,64,0.765625,1.2025668621063232,0.8022082448005676,0.7136587078651685,1.2303071450651362,1.177272746848703
267,brightness/s5,64,0.78125,0.8443490862846375,0.6772353053092957,0.7139109141791045,1.2288670030547613,1.1754069354996752
268,brightness/s5,64,0.828125,0.8555846810340881,0.6107389330863953,0.7143355018587361,1.227479336430149,1.1733077979442355
269,brightness/s5,64,0.71875,1.4523463249206543,0.6048784255981445,0.7143518518518519,1.228312177128262,1.1712025039725833
270,brightness/s5,64,0.71875,0.9168815016746521,0.6554104685783386,0.7143680811808119,1.2271629864439313,1.1692992123290622
271,brightness/s5,64,0.765625,1.0742239952087402,0.6943358182907104,0.7145565257352942,1.2266007107408607,1.1675530233803917
272,brightness/s5,64,0.8125,0.5548659563064575,0.46665266156196594,0.714915293040293,1.2241401438748007,1.1649856227876503
273,brightness/s5,64,0.65625,1.6997523307800293,0.8096058368682861,0.7147011861313869,1.2258759547759146,1.1636886162696964
274,brightness/s5,64,0.6875,1.4053010940551758,0.653525710105896,0.7146022727272727,1.2265284098278393,1.1618334784291007
275,brightness/s5,64,0.71875,1.3740919828414917,0.5095176100730896,0.7146173007246377,1.2270630604547004,1.1594700151379558
276,brightness/s5,64,0.703125,1.5581721067428589,0.7737635374069214,0.7145758122743683,1.228258399971986,1.158077572980082
277,brightness/s5,64,0.734375,0.9991294741630554,0.47815239429473877,0.7146470323741008,1.227434195202889,1.155631798956034
278,brightness/s5,64,0.703125,1.3341034650802612,0.7400736808776855,0.714605734767025,1.227816522335066,1.1541423433356814
279,brightness/s5,64,0.734375,1.3927719593048096,0.8623743057250977,0.7146763392857143,1.2284056488956725,1.1531003146299295
280,brightness/s5,64,0.78125,1.482365608215332,0.651739239692688,0.714913256227758,1.2293094209928954,1.1513161115162738
281,brightness/s5,64,0.671875,1.4591636657714844,0.6607178449630737,0.7147606382978723,1.2301245069672875,1.1495764013511915
282,brightness/s5,64,0.6875,1.602046251296997,0.7496969699859619,0.7146643109540636,1.2314387180779933,1.1481633998269327
283,brightness/s5,64,0.6875,1.15665864944458,0.6377081274986267,0.714568661971831,1.2311754079771713,1.1463660221074667
284,brightness/s5,64,0.796875,0.9520899653434753,0.42356234788894653,0.7148574561403509,1.2301961608100356,1.143829868864595
285,brightness/s5,64,0.609375,1.6383684873580933,0.6931318044662476,0.7144886363636364,1.2316233367769869,1.1422540015065588
286,brightness/s5,64,0.640625,1.7216733694076538,0.5283166170120239,0.7142312717770035,1.2333308281798812,1.140114846856752
287,brightness/s5,64,0.734375,1.522533893585205,0.5401298999786377,0.7143012152777778,1.2343350054903164,1.138031565791203
288,brightness/s5,64,0.71875,1.3032928705215454,0.653221845626831,0.7143166089965398,1.234573614019836,1.1363540235068972
289,brightness/s5,64,0.765625,1.050574779510498,0.582443356513977,0.7144935344827587,1.2339391352801488,1.134443986724163
290,brightness/s5,64,0.75,1.1973319053649902,0.5838253498077393,0.7146155498281787,1.2338133372392033,1.1325518264598453
291,brightness/s5,64,0.75,1.1794636249542236,0.640784502029419,0.7147367294520548,1.2336272080875423,1.1308676917871383
292,brightness/s5,64,0.796875,0.988323986530304,0.6889687180519104,0.7150170648464164,1.2327899957272788,1.1293595041634688
293,brightness/s5,64,0.71875,1.1416919231414795,0.49534714221954346,0.7150297619047619,1.232480138337531,1.1272029995310062
294,brightness/s5,64,0.625,1.5776877403259277,0.789225161075592,0.7147245762711865,1.2336503335985087,1.126057311943022
295,brightness/s5,64,0.6875,1.6457325220108032,0.5189576148986816,0.7146326013513513,1.2350425031539556,1.1240062994530071
296,brightness/s5,64,0.71875,1.4715722799301147,0.6644761562347412,0.7146464646464646,1.2358388997087575,1.1224590599135518
297,brightness/s5,64,0.796875,0.827201247215271,0.6292662620544434,0.714922399328859,1.2344676324185109,1.1208040505247627
298,brightness/s5,64,0.765625,0.6634989976882935,0.6124881505966187,0.7150919732441472,1.2325580383224233,1.1191039973477457
299,brightness/s5,64,0.78125,1.0619285106658936,0.5858377814292908,0.7153125,1.2319892732302349,1.1173264432946841
300,brightness/s5,64,0.703125,1.2085199356079102,0.6327719688415527,0.7152720099667774,1.231911302008898,1.1157166277649395
301,brightness/s5,64,0.78125,0.9687666296958923,0.6010460257530212,0.7154904801324503,1.2310399620343517,1.1140124204735093
302,brightness/s5,64,0.6875,1.4262514114379883,0.48415279388427734,0.715398102310231,1.2316842242436048,1.1119336758313005
303,brightness/s5,64,0.734375,1.329817295074463,0.4227082431316376,0.7154605263157895,1.2320070303976536,1.1096664869079464
304,brightness/s5,64,0.765625,1.3205665349960327,0.5652755498886108,0.715625,1.2322973894291236,1.1078815985898502
305,brightness/s5,64,0.671875,1.3775546550750732,0.5021832585334778,0.7154820261437909,1.232772086375679,1.1059021922497967
306,brightness/s5,64,0.703125,1.107124924659729,0.6724686026573181,0.7154417752442996,1.232362812233282,1.1044903564530786
307,brightness/s5,64,0.75,1.5987637042999268,0.5218510627746582,0.7155539772727273,1.2335524255192125,1.1025986704346422
308,brightness/s5,64,0.703125,1.6909195184707642,0.5619006156921387,0.7155137540453075,1.2350325779235864,1.1008488385422717
309,brightness/s5,64,0.6875,1.4688811302185059,0.6654912829399109,0.7154233870967742,1.2357869280922797,1.0994444593306512
310,brightness/s5,64,0.734375,1.1223864555358887,0.5275603532791138,0.7154843247588425,1.2354222963477255,1.097605603684183
311,brightness/s5,64,0.640625,1.7383148670196533,0.46418309211730957,0.7152443910256411,1.2370341315101354,1.095575403326597
312,brightness/s5,64,0.640625,1.440443515777588,0.5763449668884277,0.7150059904153354,1.2376840017474116,1.0939165201430885
313,brightness/s5,64,0.703125,1.829012155532837,0.5814677476882935,0.714968152866242,1.239567212428257,1.0922845176830414
314,brightness/s5,64,0.671875,1.3417384624481201,0.6251469850540161,0.7148313492063492,1.2398915656029232,1.0908015413889809
315,brightness/s5,64,0.6875,1.3831754922866821,0.6470577716827393,0.7147448575949367,1.2403449957506567,1.0893972889532018
316,brightness/s5,64,0.859375,0.46661344170570374,0.3326895236968994,0.7152011041009464,1.2379042022047735,1.0870101982110683
317,brightness/s5,64,0.71875,1.1016353368759155,0.4306698441505432,0.7152122641509434,1.2374756837603431,1.0849462348335195
318,brightness/s5,64,0.71875,1.37470281124115,0.4933582842350006,0.7152233542319749,1.237905862843355,1.0830917271513925
319,brightness/s5,64,0.6875,1.4978811740875244,0.6297519207000732,0.71513671875,1.238718285690993,1.081675040256232
320,brightness/s5,64,0.78125,1.1519601345062256,0.5197851657867432,0.7153426791277259,1.2384480110767102,1.079924604510221
321,brightness/s5,64,0.703125,1.2968910932540894,0.6145862340927124,0.7153047360248447,1.2386295113319195,1.0784794542915332
322,brightness/s5,64,0.734375,1.0509506464004517,0.49190789461135864,0.7153637770897833,1.2380484622144847,1.0766634432708515
323,brightness/s5,64,0.65625,1.4875760078430176,0.8426598906517029,0.7151813271604939,1.2388186089602518,1.0759412100837555
324,brightness/s5,64,0.703125,1.3008495569229126,0.6635149121284485,0.7151442307692307,1.2390094734155215,1.0746722060900469
325,brightness/s5,64,0.6875,1.4267834424972534,0.8907201290130615,0.7150594325153374,1.239585467185711,1.0741079359149641
326,brightness/s5,64,0.765625,0.9927858710289001,0.3985942602157593,0.7152140672782875,1.2388307283595432,1.07204214485778
327,brightness/s5,64,0.6875,1.5137436389923096,0.6489113569259644,0.7151295731707317,1.2396688774773261,1.070752111967744
328,brightness/s5,64,0.78125,0.9075530767440796,0.5496803522109985,0.715330547112462,1.23865940695838,1.0691683072268419
329,brightness/s5,64,0.75,1.2484960556030273,0.3665441572666168,0.7154356060606061,1.2386892149845758,1.0670391431360533
330,brightness/s5,64,0.71875,1.1956589221954346,0.5456765294075012,0.7154456193353474,1.2385592141000166,1.0654640294994113
331,brightness/s5,64,0.71875,1.30002760887146,0.5740525126457214,0.7154555722891566,1.2387443598674004,1.063983874328165
332,brightness/s5,64,0.71875,1.4263232946395874,0.5597527027130127,0.7154654654654654,1.2393076599718214,1.062469666605597
333,brightness/s5,64,0.609375,1.6914595365524292,0.6840293407440186,0.7151478293413174,1.2406614081052962,1.061336611737748
334,brightness/s5,64,0.734375,1.2416455745697021,0.4660030007362366,0.715205223880597,1.240664345915638,1.059559496481027
335,brightness/s5,64,0.765625,0.9134125709533691,0.46651071310043335,0.7153552827380952,1.2396903822996788,1.0577944703400135
336,brightness/s5,64,0.671875,1.5609118938446045,0.6423035860061646,0.7152262611275965,1.2406435618591591,1.0565615597040081
337,brightness/s5,64,0.6875,1.1345187425613403,0.47573041915893555,0.7151442307692307,1.2403295831038401,1.0548431243769516
338,brightness/s5,64,0.65625,1.3971880674362183,0.5309348702430725,0.7149705014749262,1.240792292497151,1.0532976722998606
339,brightness/s5,64,0.75,1.1778963804244995,0.5771471261978149,0.7150735294117647,1.2406073045204669,1.0518972295172073
340,brightness/s5,64,0.734375,0.9395117163658142,0.5967058539390564,0.7151301319648093,1.2397243262560835,1.0505623574480634
341,brightness/s5,64,0.765625,1.259758472442627,0.5358084440231323,0.7152777777777778,1.239782905630898,1.049057229046236
342,brightness/s5,64,0.6875,1.5344393253326416,0.5044074058532715,0.7151967930029155,1.2406419622481044,1.0474693286870729
343,brightness/s5,64,0.765625,1.2572777271270752,0.7076730728149414,0.715343386627907,1.2406903220297292,1.046481548873491
344,brightness/s5,64,0.78125,0.8147799968719482,0.5141410231590271,0.715534420289855,1.2394557993481126,1.0449385328569274
345,brightness/s5,64,0.78125,1.0731998682022095,0.516377329826355,0.7157243497109826,1.2389752908765925,1.043410899322157
346,brightness/s5,64,0.515625,1.9763460159301758,0.701115608215332,0.7151476945244957,1.2411002785568621,1.0424244575610422
347,brightness/s5,64,0.703125,1.2902860641479492,0.44462472200393677,0.7151131465517241,1.2412416170212044,1.0407066422289815
348,brightness/s5,64,0.625,1.6858173608779907,0.589136004447937,0.7148549426934098,1.2425154730207941,1.039412743553391
349,brightness/s5,64,0.734375,0.9805132746696472,0.558943510055542,0.7149107142857143,1.2417668953112193,1.0380399743148259
350,brightness/s5,64,0.65625,1.8012773990631104,0.6283526420593262,0.7147435897435898,1.2433609423304555,1.0368727739380297
351,brightness/s5,64,0.640625,1.5206735134124756,0.6571505069732666,0.7145330255681818,1.2441487621346659,1.0357940174977889
352,brightness/s5,64,0.78125,0.8576131463050842,0.40838947892189026,0.7147220254957507,1.2430537603901062,1.0340166675301516
353,brightness/s5,64,0.765625,0.7511265277862549,0.5350125432014465,0.7148658192090396,1.2416641354392477,1.0326070513597316
354,brightness/s5,64,0.6875,1.2705496549606323,0.5384032130241394,0.7147887323943662,1.2417455030998714,1.0312149278714624
355,brightness/s5,64,0.75,0.9529402852058411,0.5367459654808044,0.7148876404494382,1.2409342524878095,1.029825970111938
356,brightness/s5,64,0.703125,1.760995626449585,0.5260170102119446,0.7148546918767507,1.2423910070367221,1.0284147405323862
357,brightness/s5,64,0.734375,1.3626465797424316,0.5719512104988098,0.7149092178770949,1.2427269164576877,1.0271397027389964
358,brightness/s5,64,0.59375,1.674188256263733,0.6569912433624268,0.7145717270194986,1.2439287586298493,1.0261086485346047
359,brightness/s5,64,0.640625,1.308402180671692,0.7079411745071411,0.7143663194444444,1.2441078514688544,1.0252248499956396
360,brightness/s5,64,0.671875,1.4100511074066162,0.5876518487930298,0.7142486149584487,1.2445675280781003,1.0240127364189011
361,brightness/s5,64,0.625,1.4250606298446655,0.4354240298271179,0.7140020718232044,1.2450661278067372,1.0223868007653325
362,brightness/s5,64,0.671875,1.3426047563552856,0.6460866928100586,0.7138860192837465,1.245334829262794,1.0213501613494778
363,brightness/s5,64,0.703125,1.2512749433517456,0.5403928756713867,0.7138564560439561,1.2453511482575437,1.0200288501250876
364,brightness/s5,64,0.703125,1.229620099067688,0.5244309902191162,0.7138270547945206,1.24530804949264,1.0186710477691807
365,brightness/s5,64,0.6875,1.2891409397125244,0.6252347230911255,0.7137551229508197,1.2454278114877764,1.0175960851334482
366,brightness/s5,64,0.75,1.0752336978912354,0.4510645866394043,0.7138538828337875,1.2449640673090392,1.0160524025762439
367,brightness/s5,64,0.671875,1.4235138893127441,0.5816792249679565,0.7137398097826086,1.245449257042745,1.0148720406805691
368,brightness/s5,64,0.671875,1.6337629556655884,0.5486752986907959,0.7136263550135501,1.2465015976894191,1.0136086348757187
369,brightness/s5,64,0.703125,1.2551801204681396,0.37423065304756165,0.713597972972973,1.2465250531563887,1.0118805862761833
370,brightness/s5,64,0.75,0.9376887083053589,0.44723618030548096,0.7136960916442049,1.2456926101783536,1.0103586336994428
371,brightness/s5,64,0.671875,1.7662460803985596,0.7144378423690796,0.7135836693548387,1.2470919474638917,1.009563147701243
372,brightness/s5,64,0.71875,1.0455892086029053,0.4756334125995636,0.7135975201072386,1.2465517256438892,1.0081317006902464
373,brightness/s5,64,0.8125,1.0309569835662842,0.5565447807312012,0.7138619652406417,1.24597526911427,1.006924249032602
374,brightness/s5,64,0.75,0.9684136509895325,0.6184830069541931,0.7139583333333334,1.2452351047992707,1.005888405720393
375,brightness/s5,64,0.796875,1.1363420486450195,0.5653766989707947,0.7141788563829787,1.244945495607371,1.004716832032229
376,brightness/s5,64,0.765625,0.7539086937904358,0.3887796401977539,0.7143153183023873,1.243643010721915,1.0030830463774958
377,brightness/s5,64,0.75,1.0090439319610596,0.507244348526001,0.7144097222222222,1.2430223782384207,1.0017713037905869
378,brightness/s5,64,0.765625,1.0373868942260742,0.5697974562644958,0.7145448548812665,1.2424798044019765,1.0006315311058216
379,brightness/s5,64,0.734375,1.1801103353500366,0.5538984537124634,0.7145970394736842,1.2423156742202608,0.9994559177442601
380,brightness/s5,64,0.65625,2.0665016174316406,0.7254800796508789,0.7144438976377953,1.2444788919189784,0.998736821056351
381,brightness/s5,64,0.78125,1.2100157737731934,0.5945128202438354,0.7146187827225131,1.2443886743322092,0.9976786430437528
382,brightness/s5,64,0.6875,1.5176056623458862,0.49874716997146606,0.7145479765013055,1.2451020346142294,0.9963759499025718
383,brightness/s5,64,0.796875,0.9019749760627747,0.582061767578125,0.7147623697916666,1.2442084745659183,0.9952970067194352
384,brightness/s5,64,0.6875,1.5128766298294067,0.525471568107605,0.7146915584415584,1.244906313930239,0.9940766809048591
385,brightness/s5,64,0.71875,1.6290227174758911,0.487573504447937,0.7147020725388601,1.2459014341466785,0.992764496509893
386,brightness/s5,64,0.78125,1.2391562461853027,0.44143882393836975,0.7148740310077519,1.2458840047204218,0.9913398823688813
387,brightness/s5,64,0.734375,1.1226261854171753,0.5801466703414917,0.7149242912371134,1.245566329928403,0.990280106049223
388,brightness/s5,64,0.71875,1.4986778497695923,0.6664466857910156,0.7149341259640103,1.2462170022159125,0.9894476293904616
389,brightness/s5,64,0.75,1.0357539653778076,0.5121532678604126,0.7150240384615385,1.245677353403507,0.9882237976942307
390,brightness/s5,40,0.5,1.9090492725372314,0.961277186870575,0.714474104859335,1.2473739567772506,0.9881548805309989
