corruption,batch_in_corruption,r_l,r_s,pred_l,pred_s,anchor,tau,acc_l,acc_s,duo_acc,true_better,anchor_correct
contrast/s5,1,0.1889098733663559,0.2374948263168335,0.1889098733663559,0.2374948263168335,small,1.416974663734436,0.171875,0.1953125,0.296875,small,True
contrast/s5,2,0.18851298093795776,0.22661179304122925,0.18851298093795776,0.22661179304122925,small,1.4814448356628418,0.171875,0.203125,0.3828125,small,True
contrast/s5,3,0.1863662600517273,0.2563907504081726,0.1863662600517273,0.2563907504081726,small,1.4644801616668701,0.140625,0.2421875,0.3046875,small,True
contrast/s5,4,0.20392802357673645,0.2378203272819519,0.20392802357673645,0.2378203272819519,small,1.4414914846420288,0.1875,0.171875,0.2890625,large,False
contrast/s5,5,0.2196541279554367,0.2508203983306885,0.2196541279554367,0.2508203983306885,small,1.4645916223526,0.1953125,0.2109375,0.3203125,small,True
contrast/s5,6,0.23415379226207733,0.2385275959968567,0.23415379226207733,0.2385275959968567,small,1.4518285989761353,0.1484375,0.1875,0.296875,small,True
contrast/s5,7,0.18774333596229553,0.2539271116256714,0.18774333596229553,0.2539271116256714,small,1.4817395210266113,0.1328125,0.2578125,0.328125,small,True
contrast/s5,8,0.20402219891548157,0.23670069873332977,0.20402219891548157,0.23670069873332977,small,1.459052324295044,0.171875,0.2265625,0.296875,small,True
contrast/s5,9,0.21711385250091553,0.24854275584220886,0.21711385250091553,0.24854275584220886,small,1.441549301147461,0.2109375,0.1875,0.3515625,large,False
contrast/s5,10,0.1907694786787033,0.25355061888694763,0.1907694786787033,0.25355061888694763,small,1.4461662769317627,0.15625,0.203125,0.2890625,small,True
contrast/s5,11,0.19950303435325623,0.2628769874572754,0.19950303435325623,0.2628769874572754,small,1.4582065343856812,0.1640625,0.2109375,0.296875,small,True
contrast/s5,12,0.23652908205986023,0.2500617504119873,0.23652908205986023,0.2500617504119873,small,1.440030574798584,0.2421875,0.21875,0.3125,large,False
contrast/s5,13,0.16889896988868713,0.25110337138175964,0.16889896988868713,0.25110337138175964,small,1.4747289419174194,0.1796875,0.1953125,0.3203125,small,True
contrast/s5,14,0.22034184634685516,0.296316921710968,0.22034184634685516,0.296316921710968,small,1.4664289951324463,0.2109375,0.21875,0.34375,small,True
contrast/s5,15,0.23678097128868103,0.2705342173576355,0.23678097128868103,0.2705342173576355,small,1.4626291990280151,0.1796875,0.21875,0.3359375,small,True
contrast/s5,16,0.2311483770608902,0.24662110209465027,0.2311483770608902,0.24662110209465027,small,1.4757401943206787,0.1640625,0.171875,0.2578125,small,True
contrast/s5,17,0.1877564936876297,0.2368777096271515,0.1877564936876297,0.2368777096271515,small,1.4781495332717896,0.1484375,0.2421875,0.3671875,small,True
contrast/s5,18,0.2074151337146759,0.2643352150917053,0.2074151337146759,0.2643352150917053,small,1.4525781869888306,0.1640625,0.234375,0.3359375,small,True
contrast/s5,19,0.20919907093048096,0.26453959941864014,0.20919907093048096,0.26453959941864014,small,1.4742459058761597,0.1171875,0.1953125,0.2890625,small,True
contrast/s5,20,0.18169227242469788,0.2421625703573227,0.18169227242469788,0.2421625703573227,small,1.4731816053390503,0.1328125,0.1875,0.2890625,small,True
contrast/s5,21,0.2241058498620987,0.24488233029842377,0.2241058498620987,0.24488233029842377,small,1.4142338037490845,0.203125,0.25,0.3671875,small,True
contrast/s5,22,0.2318372279405594,0.23772022128105164,0.2318372279405594,0.23772022128105164,small,1.4429514408111572,0.2578125,0.2421875,0.3359375,large,False
contrast/s5,23,0.20834007859230042,0.26342907547950745,0.20834007859230042,0.26342907547950745,small,1.469995379447937,0.1796875,0.2421875,0.3046875,small,True
contrast/s5,24,0.19444996118545532,0.2609960734844208,0.19444996118545532,0.2609960734844208,small,1.4157497882843018,0.15625,0.265625,0.3203125,small,True
contrast/s5,25,0.21550710499286652,0.2008652240037918,0.21550710499286652,0.2008652240037918,large,1.5024954080581665,0.1875,0.2109375,0.3203125,small,False
contrast/s5,26,0.23332557082176208,0.29576951265335083,0.23332557082176208,0.29576951265335083,small,1.433910608291626,0.25,0.2890625,0.375,small,True
contrast/s5,27,0.2190990447998047,0.2759132385253906,0.2190990447998047,0.2759132385253906,small,1.4692175388336182,0.1875,0.234375,0.3046875,small,True
contrast/s5,28,0.1851898580789566,0.2489931434392929,0.1851898580789566,0.2489931434392929,small,1.457351803779602,0.1875,0.21875,0.28125,small,True
contrast/s5,29,0.24461740255355835,0.26809585094451904,0.24461740255355835,0.26809585094451904,small,1.444016933441162,0.2109375,0.2109375,0.296875,tie,False
contrast/s5,30,0.24373921751976013,0.2806895077228546,0.24373921751976013,0.2806895077228546,small,1.4472159147262573,0.2109375,0.265625,0.390625,small,True
contrast/s5,31,0.24332377314567566,0.2674860954284668,0.24332377314567566,0.2674860954284668,small,1.4480912685394287,0.2265625,0.296875,0.4375,small,True
contrast/s5,32,0.20377033948898315,0.24031300842761993,0.20377033948898315,0.24031300842761993,small,1.476859450340271,0.21875,0.1875,0.3046875,large,False
contrast/s5,33,0.21282942593097687,0.23196092247962952,0.21282942593097687,0.23196092247962952,small,1.4736729860305786,0.203125,0.1875,0.34375,large,False
contrast/s5,34,0.18926048278808594,0.22890309989452362,0.18926048278808594,0.22890309989452362,small,1.4705263376235962,0.171875,0.1640625,0.2421875,large,False
contrast/s5,35,0.18302081525325775,0.22525756061077118,0.18302081525325775,0.22525756061077118,small,1.4613122940063477,0.109375,0.1953125,0.3125,small,True
contrast/s5,36,0.2136915922164917,0.23165751993656158,0.2136915922164917,0.23165751993656158,small,1.436833381652832,0.125,0.234375,0.3359375,small,True
contrast/s5,37,0.2051272988319397,0.260062038898468,0.2051272988319397,0.260062038898468,small,1.4679765701293945,0.171875,0.28125,0.375,small,True
contrast/s5,38,0.19300828874111176,0.23297104239463806,0.19300828874111176,0.23297104239463806,small,1.4351619482040405,0.1640625,0.203125,0.2421875,small,True
contrast/s5,39,0.21080052852630615,0.20915982127189636,0.21080052852630615,0.20915982127189636,large,1.482134222984314,0.203125,0.1875,0.296875,large,True
contrast/s5,40,0.2038462907075882,0.2290685474872589,0.2038462907075882,0.2290685474872589,small,1.4796664714813232,0.1796875,0.1953125,0.3671875,small,True
contrast/s5,41,0.17985384166240692,0.2255212515592575,0.17985384166240692,0.2255212515592575,small,1.4810242652893066,0.1484375,0.1796875,0.2578125,small,True
contrast/s5,42,0.22929130494594574,0.27258461713790894,0.22929130494594574,0.27258461713790894,small,1.4677852392196655,0.2734375,0.2890625,0.4140625,small,True
contrast/s5,43,0.20425695180892944,0.2522110342979431,0.20425695180892944,0.2522110342979431,small,1.4584839344024658,0.15625,0.2421875,0.3203125,small,True
contrast/s5,44,0.2374379187822342,0.2521911561489105,0.2374379187822342,0.2521911561489105,small,1.45807683467865,0.234375,0.203125,0.3359375,large,False
contrast/s5,45,0.22609423100948334,0.30327388644218445,0.22609423100948334,0.30327388644218445,small,1.4538211822509766,0.171875,0.296875,0.390625,small,True
contrast/s5,46,0.2116663157939911,0.2417679727077484,0.2116663157939911,0.2417679727077484,small,1.4715855121612549,0.1640625,0.1953125,0.2421875,small,True
contrast/s5,47,0.21546170115470886,0.25675168633461,0.21546170115470886,0.25675168633461,small,1.4274369478225708,0.171875,0.21875,0.328125,small,True
contrast/s5,48,0.2278406023979187,0.2674575448036194,0.2278406023979187,0.2674575448036194,small,1.4198485612869263,0.2265625,0.265625,0.3359375,small,True
contrast/s5,49,0.2032206952571869,0.25722914934158325,0.2032206952571869,0.25722914934158325,small,1.4552130699157715,0.203125,0.265625,0.375,small,True
contrast/s5,50,0.22476010024547577,0.25854751467704773,0.22476010024547577,0.25854751467704773,small,1.467839241027832,0.203125,0.2265625,0.34375,small,True
contrast/s5,51,0.1883184015750885,0.27012038230895996,0.1883184015750885,0.27012038230895996,small,1.462311863899231,0.140625,0.1640625,0.2421875,small,True
contrast/s5,52,0.23318368196487427,0.24508047103881836,0.23318368196487427,0.24508047103881836,small,1.4481110572814941,0.21875,0.25,0.421875,small,True
contrast/s5,53,0.19735008478164673,0.2498103380203247,0.19735008478164673,0.2498103380203247,small,1.4580085277557373,0.1640625,0.203125,0.296875,small,True
contrast/s5,54,0.21831513941287994,0.245736226439476,0.21831513941287994,0.245736226439476,small,1.4211409091949463,0.171875,0.234375,0.3046875,small,True
contrast/s5,55,0.20904624462127686,0.24727314710617065,0.20904624462127686,0.24727314710617065,small,1.458339810371399,0.21875,0.1875,0.3046875,large,False
contrast/s5,56,0.2258734107017517,0.2383611798286438,0.2258734107017517,0.2383611798286438,small,1.4547052383422852,0.1953125,0.25,0.3203125,small,True
contrast/s5,57,0.21577675640583038,0.2381662130355835,0.21577675640583038,0.2381662130355835,small,1.4638153314590454,0.15625,0.15625,0.28125,tie,False
contrast/s5,58,0.20004695653915405,0.26173460483551025,0.20004695653915405,0.26173460483551025,small,1.4826048612594604,0.1640625,0.2421875,0.3515625,small,True
contrast/s5,59,0.22129741311073303,0.26591765880584717,0.22129741311073303,0.26591765880584717,small,1.4681230783462524,0.2265625,0.2734375,0.359375,small,True
contrast/s5,60,0.20740583539009094,0.22308269143104553,0.20740583539009094,0.22308269143104553,small,1.471082091331482,0.2109375,0.171875,0.265625,large,False
contrast/s5,61,0.26303860545158386,0.23903976380825043,0.26303860545158386,0.23903976380825043,large,1.4574335813522339,0.2421875,0.2421875,0.34375,tie,False
contrast/s5,62,0.2380073368549347,0.22191661596298218,0.2380073368549347,0.22191661596298218,large,1.4537264108657837,0.2109375,0.21875,0.3671875,small,False
contrast/s5,63,0.21475496888160706,0.23769965767860413,0.21475496888160706,0.23769965767860413,small,1.4528493881225586,0.1796875,0.203125,0.2734375,small,True
contrast/s5,64,0.18809710443019867,0.22061879932880402,0.18809710443019867,0.22061879932880402,small,1.4499527215957642,0.1171875,0.21875,0.3046875,small,True
contrast/s5,65,0.22204574942588806,0.23700213432312012,0.22204574942588806,0.23700213432312012,small,1.406236171722412,0.1953125,0.2109375,0.328125,small,True
contrast/s5,66,0.21912738680839539,0.25507640838623047,0.21912738680839539,0.25507640838623047,small,1.4383008480072021,0.21875,0.2421875,0.328125,small,True
contrast/s5,67,0.1963425874710083,0.22965654730796814,0.1963425874710083,0.22965654730796814,small,1.4608887434005737,0.1171875,0.21875,0.375,small,True
contrast/s5,68,0.23585398495197296,0.2646578550338745,0.23585398495197296,0.2646578550338745,small,1.4548102617263794,0.1875,0.2578125,0.3984375,small,True
contrast/s5,69,0.21000893414020538,0.272316038608551,0.21000893414020538,0.272316038608551,small,1.462934970855713,0.25,0.2109375,0.3125,large,False
contrast/s5,70,0.21680745482444763,0.2467990666627884,0.21680745482444763,0.2467990666627884,small,1.461456060409546,0.203125,0.25,0.359375,small,True
contrast/s5,71,0.19145214557647705,0.2544819712638855,0.19145214557647705,0.2544819712638855,small,1.454948902130127,0.140625,0.2265625,0.3046875,small,True
contrast/s5,72,0.1959286630153656,0.2575714588165283,0.1959286630153656,0.2575714588165283,small,1.483147382736206,0.171875,0.2734375,0.359375,small,True
contrast/s5,73,0.20263554155826569,0.25297096371650696,0.20263554155826569,0.25297096371650696,small,1.4207587242126465,0.203125,0.2421875,0.34375,small,True
contrast/s5,74,0.21709854900836945,0.26837852597236633,0.21709854900836945,0.26837852597236633,small,1.4745075702667236,0.21875,0.3046875,0.3828125,small,True
contrast/s5,75,0.17781849205493927,0.244353786110878,0.17781849205493927,0.244353786110878,small,1.490041971206665,0.203125,0.234375,0.3671875,small,True
contrast/s5,76,0.191611185669899,0.26314544677734375,0.191611185669899,0.26314544677734375,small,1.4798238277435303,0.1171875,0.1875,0.203125,small,True
contrast/s5,77,0.20884910225868225,0.24067683517932892,0.20884910225868225,0.24067683517932892,small,1.467745065689087,0.2265625,0.2265625,0.3359375,tie,False
contrast/s5,78,0.23395223915576935,0.25753921270370483,0.23395223915576935,0.25753921270370483,small,1.463128924369812,0.21875,0.25,0.3203125,small,True
contrast/s5,79,0.25750410556793213,0.1729026734828949,0.25750410556793213,0.1729026734828949,large,1.5283608436584473,0.3125,0.1875,0.3125,large,True
defocus_blur/s5,80,0.6352276802062988,0.19844436645507812,0.6352276802062988,0.19844436645507812,large,1.4988682270050049,0.34375,0.1171875,0.3359375,large,True
defocus_blur/s5,81,0.677433967590332,0.18760442733764648,0.677433967590332,0.18760442733764648,large,1.3444639444351196,0.328125,0.203125,0.375,large,True
defocus_blur/s5,82,0.6245593428611755,0.16387948393821716,0.6245593428611755,0.16387948393821716,large,1.5269626379013062,0.2578125,0.1484375,0.2734375,large,True
defocus_blur/s5,83,0.6262766718864441,0.19644290208816528,0.6262766718864441,0.19644290208816528,large,1.459509253501892,0.34375,0.15625,0.40625,large,True
defocus_blur/s5,84,0.653217077255249,0.19844505190849304,0.653217077255249,0.19844505190849304,large,1.6106715202331543,0.3046875,0.140625,0.328125,large,True
defocus_blur/s5,85,0.6145960688591003,0.17350360751152039,0.6145960688591003,0.17350360751152039,large,1.5088921785354614,0.2578125,0.109375,0.2421875,large,True
defocus_blur/s5,86,0.670211672782898,0.20487357676029205,0.670211672782898,0.20487357676029205,large,0.9464908838272095,0.3515625,0.1953125,0.3984375,large,True
defocus_blur/s5,87,0.6433479189872742,0.18236346542835236,0.6433479189872742,0.18236346542835236,large,1.6174501180648804,0.25,0.109375,0.28125,large,True
defocus_blur/s5,88,0.6406075954437256,0.20869749784469604,0.6406075954437256,0.20869749784469604,large,1.49576997756958,0.3125,0.1875,0.3359375,large,True
defocus_blur/s5,89,0.6436070799827576,0.19325494766235352,0.6436070799827576,0.19325494766235352,large,1.553842544555664,0.328125,0.140625,0.3515625,large,True
defocus_blur/s5,90,0.6321413516998291,0.20660831034183502,0.6321413516998291,0.20660831034183502,large,1.4609084129333496,0.3125,0.1484375,0.28125,large,True
defocus_blur/s5,91,0.6620496511459351,0.2003975510597229,0.6620496511459351,0.2003975510597229,large,1.5319982767105103,0.34375,0.1328125,0.3515625,large,True
defocus_blur/s5,92,0.6039167642593384,0.1818263977766037,0.6039167642593384,0.1818263977766037,large,1.324851393699646,0.2578125,0.09375,0.2578125,large,True
defocus_blur/s5,93,0.7049108147621155,0.194657564163208,0.7049108147621155,0.194657564163208,large,1.6335951089859009,0.4140625,0.2265625,0.421875,large,True
defocus_blur/s5,94,0.6275254487991333,0.1885753870010376,0.6275254487991333,0.1885753870010376,large,1.5037446022033691,0.234375,0.15625,0.25,large,True
defocus_blur/s5,95,0.6487146615982056,0.16158318519592285,0.6487146615982056,0.16158318519592285,large,1.5299324989318848,0.2265625,0.125,0.28125,large,True
defocus_blur/s5,96,0.6451178193092346,0.20852762460708618,0.6451178193092346,0.20852762460708618,large,1.524495005607605,0.3046875,0.1328125,0.328125,large,True
defocus_blur/s5,97,0.6470437049865723,0.20453792810440063,0.6470437049865723,0.20453792810440063,large,1.486435055732727,0.3125,0.109375,0.328125,large,True
defocus_blur/s5,98,0.6418277025222778,0.1595032960176468,0.6418277025222778,0.1595032960176468,large,1.5999503135681152,0.3203125,0.109375,0.3671875,large,True
defocus_blur/s5,99,0.5800204277038574,0.18416768312454224,0.5800204277038574,0.18416768312454224,large,1.5459051132202148,0.2109375,0.1484375,0.234375,large,True
defocus_blur/s5,100,0.6773148775100708,0.2147188037633896,0.6773148775100708,0.2147188037633896,large,1.5735193490982056,0.359375,0.1640625,0.375,large,True
defocus_blur/s5,101,0.6597659587860107,0.2233114391565323,0.6597659587860107,0.2233114391565323,large,1.4402729272842407,0.34375,0.2109375,0.3828125,large,True
defocus_blur/s5,102,0.6656759977340698,0.18086567521095276,0.6656759977340698,0.18086567521095276,large,1.5150322914123535,0.3125,0.140625,0.3515625,large,True
defocus_blur/s5,103,0.6208385229110718,0.18551884591579437,0.6208385229110718,0.18551884591579437,large,1.5382611751556396,0.296875,0.125,0.2890625,large,True
defocus_blur/s5,104,0.6359216570854187,0.18667465448379517,0.6359216570854187,0.18667465448379517,large,1.5369629859924316,0.328125,0.1171875,0.375,large,True
defocus_blur/s5,105,0.6679577231407166,0.19190087914466858,0.6679577231407166,0.19190087914466858,large,1.4695814847946167,0.265625,0.1640625,0.2734375,large,True
defocus_blur/s5,106,0.6345973610877991,0.22783446311950684,0.6345973610877991,0.22783446311950684,large,0.8170713186264038,0.34375,0.125,0.3671875,large,True
defocus_blur/s5,107,0.6796417236328125,0.19260671734809875,0.6796417236328125,0.19260671734809875,large,1.525452971458435,0.3203125,0.1171875,0.3203125,large,True
defocus_blur/s5,108,0.6848157644271851,0.19711506366729736,0.6848157644271851,0.19711506366729736,large,1.4281424283981323,0.3359375,0.171875,0.3515625,large,True
defocus_blur/s5,109,0.6756916046142578,0.18759599328041077,0.6756916046142578,0.18759599328041077,large,1.543565273284912,0.3359375,0.1328125,0.3515625,large,True
defocus_blur/s5,110,0.6781495809555054,0.19441907107830048,0.6781495809555054,0.19441907107830048,large,1.5412468910217285,0.34375,0.1953125,0.375,large,True
defocus_blur/s5,111,0.6705571413040161,0.21485374867916107,0.6705571413040161,0.21485374867916107,large,1.4921156167984009,0.3671875,0.1640625,0.390625,large,True
defocus_blur/s5,112,0.7066484093666077,0.19812366366386414,0.7066484093666077,0.19812366366386414,large,1.6132909059524536,0.421875,0.1640625,0.453125,large,True
defocus_blur/s5,113,0.6475939750671387,0.1936504989862442,0.6475939750671387,0.1936504989862442,large,1.5296846628189087,0.3046875,0.1171875,0.3203125,large,True
defocus_blur/s5,114,0.6149427890777588,0.19774115085601807,0.6149427890777588,0.19774115085601807,large,1.484043002128601,0.2734375,0.109375,0.265625,large,True
defocus_blur/s5,115,0.6796902418136597,0.17577150464057922,0.6796902418136597,0.17577150464057922,large,1.5307832956314087,0.390625,0.1640625,0.40625,large,True
defocus_blur/s5,116,0.6569538116455078,0.19964295625686646,0.6569538116455078,0.19964295625686646,large,0.8625765442848206,0.34375,0.1328125,0.3671875,large,True
defocus_blur/s5,117,0.6419355869293213,0.182226300239563,0.6419355869293213,0.182226300239563,large,1.49663245677948,0.3046875,0.1328125,0.3203125,large,True
defocus_blur/s5,118,0.6713967323303223,0.18319140374660492,0.6713967323303223,0.18319140374660492,large,1.5214027166366577,0.2578125,0.1484375,0.3125,large,True
defocus_blur/s5,119,0.6256929636001587,0.19128285348415375,0.6256929636001587,0.19128285348415375,large,1.517381191253662,0.234375,0.1171875,0.2734375,large,True
defocus_blur/s5,120,0.6539103984832764,0.18509584665298462,0.6539103984832764,0.18509584665298462,large,0.8029008507728577,0.28125,0.140625,0.3359375,large,True
defocus_blur/s5,121,0.6433249711990356,0.18982796370983124,0.6433249711990356,0.18982796370983124,large,1.5896666049957275,0.3203125,0.15625,0.3828125,large,True
defocus_blur/s5,122,0.650480329990387,0.17904117703437805,0.650480329990387,0.17904117703437805,large,1.540731430053711,0.328125,0.09375,0.3515625,large,True
defocus_blur/s5,123,0.6781185269355774,0.23538094758987427,0.6781185269355774,0.23538094758987427,large,0.8009251356124878,0.3359375,0.2578125,0.3515625,large,True
defocus_blur/s5,124,0.6598864793777466,0.2171168327331543,0.6598864793777466,0.2171168327331543,large,1.502776861190796,0.390625,0.1640625,0.421875,large,True
defocus_blur/s5,125,0.6066673994064331,0.19597482681274414,0.6066673994064331,0.19597482681274414,large,1.469393253326416,0.25,0.109375,0.265625,large,True
defocus_blur/s5,126,0.6381103992462158,0.21435809135437012,0.6381103992462158,0.21435809135437012,large,1.5665500164031982,0.2734375,0.1328125,0.3046875,large,True
defocus_blur/s5,127,0.6822987794876099,0.17796581983566284,0.6822987794876099,0.17796581983566284,large,1.4995619058609009,0.3515625,0.1171875,0.390625,large,True
defocus_blur/s5,128,0.6283395290374756,0.1936534345149994,0.6283395290374756,0.1936534345149994,large,1.450606346130371,0.2890625,0.1796875,0.3125,large,True
defocus_blur/s5,129,0.6622525453567505,0.19096419215202332,0.6622525453567505,0.19096419215202332,large,1.458045244216919,0.2578125,0.140625,0.28125,large,True
defocus_blur/s5,130,0.6150126457214355,0.17616742849349976,0.6150126457214355,0.17616742849349976,large,1.5862268209457397,0.1875,0.078125,0.21875,large,True
defocus_blur/s5,131,0.6518781185150146,0.17540481686592102,0.6518781185150146,0.17540481686592102,large,1.5211689472198486,0.328125,0.140625,0.375,large,True
defocus_blur/s5,132,0.648921012878418,0.20644447207450867,0.648921012878418,0.20644447207450867,large,1.5353119373321533,0.296875,0.171875,0.3125,large,True
defocus_blur/s5,133,0.6375584006309509,0.1896083801984787,0.6375584006309509,0.1896083801984787,large,1.5110251903533936,0.2265625,0.125,0.25,large,True
defocus_blur/s5,134,0.6411880254745483,0.1844804584980011,0.6411880254745483,0.1844804584980011,large,1.5554629564285278,0.3046875,0.1484375,0.34375,large,True
defocus_blur/s5,135,0.6336421966552734,0.17831650376319885,0.6336421966552734,0.17831650376319885,large,1.518821120262146,0.296875,0.15625,0.328125,large,True
defocus_blur/s5,136,0.6164739727973938,0.1816081404685974,0.6164739727973938,0.1816081404685974,large,1.5071005821228027,0.2578125,0.1328125,0.2734375,large,True
defocus_blur/s5,137,0.6355009078979492,0.20388591289520264,0.6355009078979492,0.20388591289520264,large,0.853649914264679,0.2890625,0.1875,0.3515625,large,True
defocus_blur/s5,138,0.6706032156944275,0.19777685403823853,0.6706032156944275,0.19777685403823853,large,1.508837342262268,0.3984375,0.203125,0.375,large,True
defocus_blur/s5,139,0.6227957010269165,0.22103701531887054,0.6227957010269165,0.22103701531887054,large,0.9548718333244324,0.3046875,0.203125,0.359375,large,True
defocus_blur/s5,140,0.6412495374679565,0.20672383904457092,0.6412495374679565,0.20672383904457092,large,1.505069613456726,0.3046875,0.171875,0.3046875,large,True
defocus_blur/s5,141,0.663629412651062,0.2188797891139984,0.663629412651062,0.2188797891139984,large,0.8619247674942017,0.3046875,0.1640625,0.296875,large,True
defocus_blur/s5,142,0.6626697182655334,0.18109330534934998,0.6626697182655334,0.18109330534934998,large,1.4974480867385864,0.2890625,0.1015625,0.3046875,large,True
defocus_blur/s5,143,0.6232782602310181,0.17570434510707855,0.6232782602310181,0.17570434510707855,large,1.5342414379119873,0.2890625,0.125,0.3125,large,True
defocus_blur/s5,144,0.6619072556495667,0.21164672076702118,0.6619072556495667,0.21164672076702118,large,1.3553062677383423,0.3828125,0.125,0.421875,large,True
defocus_blur/s5,145,0.6705622673034668,0.2058674544095993,0.6705622673034668,0.2058674544095993,large,0.7193292379379272,0.34375,0.1796875,0.3125,large,True
defocus_blur/s5,146,0.6288856267929077,0.18630532920360565,0.6288856267929077,0.18630532920360565,large,1.4927242994308472,0.328125,0.140625,0.359375,large,True
defocus_blur/s5,147,0.6762235760688782,0.20027172565460205,0.6762235760688782,0.20027172565460205,large,1.4491186141967773,0.3046875,0.1484375,0.34375,large,True
defocus_blur/s5,148,0.651831865310669,0.18153253197669983,0.651831865310669,0.18153253197669983,large,1.5137919187545776,0.2421875,0.0859375,0.2578125,large,True
defocus_blur/s5,149,0.6667457222938538,0.19797301292419434,0.6667457222938538,0.19797301292419434,large,0.7951411008834839,0.3203125,0.171875,0.3671875,large,True
defocus_blur/s5,150,0.6403204798698425,0.17626258730888367,0.6403204798698425,0.17626258730888367,large,1.5706288814544678,0.328125,0.1328125,0.328125,large,True
defocus_blur/s5,151,0.6705347895622253,0.20190057158470154,0.6705347895622253,0.20190057158470154,large,1.5367212295532227,0.34375,0.203125,0.3359375,large,True
defocus_blur/s5,152,0.673678457736969,0.2369173914194107,0.673678457736969,0.2369173914194107,large,0.9142852425575256,0.3046875,0.1953125,0.375,large,True
defocus_blur/s5,153,0.6524362564086914,0.1682814359664917,0.6524362564086914,0.1682814359664917,large,1.5790064334869385,0.3984375,0.140625,0.40625,large,True
defocus_blur/s5,154,0.661495566368103,0.21350745856761932,0.661495566368103,0.21350745856761932,large,0.8230246305465698,0.328125,0.125,0.390625,large,True
defocus_blur/s5,155,0.6461783647537231,0.19468912482261658,0.6461783647537231,0.19468912482261658,large,1.4758191108703613,0.328125,0.140625,0.34375,large,True
defocus_blur/s5,156,0.6878352761268616,0.19186991453170776,0.6878352761268616,0.19186991453170776,large,0.750212550163269,0.3125,0.1328125,0.359375,large,True
defocus_blur/s5,157,0.683075487613678,0.18061742186546326,0.683075487613678,0.18061742186546326,large,1.5200623273849487,0.2421875,0.1484375,0.2890625,large,True
defocus_blur/s5,158,0.6138567924499512,0.19086724519729614,0.6138567924499512,0.19086724519729614,large,1.5922081470489502,0.4375,0.125,0.5,large,True
elastic_transform/s5,159,0.711349368095398,0.5180429220199585,0.711349368095398,0.5180429220199585,large,0.8304904699325562,0.390625,0.4921875,0.515625,small,False
elastic_transform/s5,160,0.7271575927734375,0.45544952154159546,0.7271575927734375,0.45544952154159546,large,0.8010793328285217,0.359375,0.453125,0.484375,small,False
elastic_transform/s5,161,0.7124545574188232,0.4786830544471741,0.7124545574188232,0.4786830544471741,large,0.8403741717338562,0.359375,0.40625,0.46875,small,False
elastic_transform/s5,162,0.7230802774429321,0.4955108165740967,0.7230802774429321,0.4955108165740967,large,0.8183067440986633,0.390625,0.5,0.4765625,small,False
elastic_transform/s5,163,0.7509300708770752,0.47796955704689026,0.7509300708770752,0.47796955704689026,large,0.7652854919433594,0.40625,0.484375,0.484375,small,False
elastic_transform/s5,164,0.7110178470611572,0.45115622878074646,0.7110178470611572,0.45115622878074646,large,0.9592251777648926,0.3515625,0.4296875,0.4375,small,False
elastic_transform/s5,165,0.7270100116729736,0.4998043477535248,0.7270100116729736,0.4998043477535248,large,0.8078317642211914,0.3984375,0.5703125,0.53125,small,False
elastic_transform/s5,166,0.7157535552978516,0.4578208327293396,0.7157535552978516,0.4578208327293396,large,0.8777148723602295,0.4140625,0.484375,0.5546875,small,False
elastic_transform/s5,167,0.7250808477401733,0.47028684616088867,0.7250808477401733,0.47028684616088867,large,0.9655382633209229,0.4140625,0.4765625,0.4765625,small,False
elastic_transform/s5,168,0.7579606771469116,0.532339870929718,0.7579606771469116,0.532339870929718,large,0.9526620507240295,0.3828125,0.5234375,0.5078125,small,False
elastic_transform/s5,169,0.7317585945129395,0.48387259244918823,0.7317585945129395,0.48387259244918823,large,0.9197595119476318,0.4140625,0.53125,0.5703125,small,False
elastic_transform/s5,170,0.7102403044700623,0.5088819265365601,0.7102403044700623,0.5088819265365601,large,0.8967582583427429,0.4453125,0.53125,0.5234375,small,False
elastic_transform/s5,171,0.6452571153640747,0.4276462197303772,0.6452571153640747,0.4276462197303772,large,0.808345377445221,0.3125,0.3828125,0.421875,small,False
elastic_transform/s5,172,0.7440510988235474,0.5187885761260986,0.7440510988235474,0.5187885761260986,large,0.9862557053565979,0.46875,0.546875,0.5390625,small,False
elastic_transform/s5,173,0.7291492223739624,0.43610063195228577,0.7291492223739624,0.43610063195228577,large,0.9105858206748962,0.3984375,0.421875,0.46875,small,False
elastic_transform/s5,174,0.6946897506713867,0.4043642580509186,0.6946897506713867,0.4043642580509186,large,1.386717677116394,0.3984375,0.4140625,0.46875,small,False
elastic_transform/s5,175,0.7280770540237427,0.5109252333641052,0.7280770540237427,0.5109252333641052,large,0.8657853603363037,0.46875,0.484375,0.546875,small,False
elastic_transform/s5,176,0.7300660014152527,0.47369009256362915,0.7300660014152527,0.47369009256362915,large,0.7409854531288147,0.4296875,0.5234375,0.515625,small,False
elastic_transform/s5,177,0.6674350500106812,0.44349056482315063,0.6674350500106812,0.44349056482315063,large,0.7986149787902832,0.375,0.4375,0.46875,small,False
elastic_transform/s5,178,0.7165277004241943,0.46966540813446045,0.7165277004241943,0.46966540813446045,large,0.8599608540534973,0.4140625,0.53125,0.5546875,small,False
elastic_transform/s5,179,0.722691535949707,0.46054717898368835,0.722691535949707,0.46054717898368835,large,0.811007559299469,0.40625,0.4765625,0.4921875,small,False
elastic_transform/s5,180,0.7028334140777588,0.5274291634559631,0.7028334140777588,0.5274291634559631,large,0.9100840091705322,0.3671875,0.4453125,0.46875,small,False
elastic_transform/s5,181,0.69084233045578,0.4817053973674774,0.69084233045578,0.4817053973674774,large,0.7679140567779541,0.3828125,0.5,0.484375,small,False
elastic_transform/s5,182,0.7302186489105225,0.4770779609680176,0.7302186489105225,0.4770779609680176,large,1.0450643301010132,0.453125,0.453125,0.5234375,tie,False
elastic_transform/s5,183,0.7183526754379272,0.4538137912750244,0.7183526754379272,0.4538137912750244,large,0.8768901228904724,0.3828125,0.421875,0.4765625,small,False
elastic_transform/s5,184,0.7431153059005737,0.5351923704147339,0.7431153059005737,0.5351923704147339,large,0.9479653239250183,0.46875,0.5234375,0.5859375,small,False
elastic_transform/s5,185,0.7313186526298523,0.49221035838127136,0.7313186526298523,0.49221035838127136,large,0.7937949895858765,0.4453125,0.46875,0.53125,small,False
elastic_transform/s5,186,0.7585088014602661,0.5135699510574341,0.7585088014602661,0.5135699510574341,large,0.8707376718521118,0.421875,0.4375,0.53125,small,False
elastic_transform/s5,187,0.7473857998847961,0.4767892062664032,0.7473857998847961,0.4767892062664032,large,0.8763592839241028,0.46875,0.4765625,0.53125,small,False
elastic_transform/s5,188,0.7283540964126587,0.5212236642837524,0.7283540964126587,0.5212236642837524,large,0.79054194688797,0.375,0.4765625,0.5234375,small,False
elastic_transform/s5,189,0.7415987253189087,0.497758150100708,0.7415987253189087,0.497758150100708,large,0.7638489007949829,0.421875,0.515625,0.546875,small,False
elastic_transform/s5,190,0.7335972189903259,0.5115534663200378,0.7335972189903259,0.5115534663200378,large,0.9393163323402405,0.40625,0.484375,0.515625,small,False
elastic_transform/s5,191,0.7364182472229004,0.4887176752090454,0.7364182472229004,0.4887176752090454,large,0.7819186449050903,0.3984375,0.4765625,0.5,small,False
elastic_transform/s5,192,0.7005171775817871,0.5014008283615112,0.7005171775817871,0.5014008283615112,large,0.9083312153816223,0.3515625,0.515625,0.53125,small,False
elastic_transform/s5,193,0.7534862756729126,0.5097913146018982,0.7534862756729126,0.5097913146018982,large,0.859650194644928,0.4140625,0.4609375,0.484375,small,False
elastic_transform/s5,194,0.7052420377731323,0.45235568284988403,0.7052420377731323,0.45235568284988403,large,0.8057469129562378,0.3984375,0.515625,0.53125,small,False
elastic_transform/s5,195,0.7530663013458252,0.4914686381816864,0.7530663013458252,0.4914686381816864,large,0.7770864367485046,0.4296875,0.5,0.53125,small,False
elastic_transform/s5,196,0.703728199005127,0.4443073272705078,0.703728199005127,0.4443073272705078,large,0.8197846412658691,0.3125,0.4375,0.484375,small,False
elastic_transform/s5,197,0.6996384263038635,0.42959725856781006,0.6996384263038635,0.42959725856781006,large,0.7189526557922363,0.328125,0.390625,0.4609375,small,False
elastic_transform/s5,198,0.7472591400146484,0.47458118200302124,0.7472591400146484,0.47458118200302124,large,1.2432472705841064,0.3828125,0.4765625,0.453125,small,False
elastic_transform/s5,199,0.687863290309906,0.4220220446586609,0.687863290309906,0.4220220446586609,large,0.753042459487915,0.375,0.34375,0.4375,large,True
elastic_transform/s5,200,0.7450851202011108,0.5237408876419067,0.7450851202011108,0.5237408876419067,large,0.8953176736831665,0.4375,0.5859375,0.546875,small,False
elastic_transform/s5,201,0.6953774690628052,0.40552419424057007,0.6953774690628052,0.40552419424057007,large,0.8178561925888062,0.3828125,0.3671875,0.4453125,large,True
elastic_transform/s5,202,0.7269355058670044,0.5143428444862366,0.7269355058670044,0.5143428444862366,large,1.320972204208374,0.4140625,0.4453125,0.453125,small,False
elastic_transform/s5,203,0.7244545817375183,0.5515725016593933,0.7244545817375183,0.5515725016593933,large,0.8592149615287781,0.4453125,0.546875,0.578125,small,False
elastic_transform/s5,204,0.7161362767219543,0.42121756076812744,0.7161362767219543,0.42121756076812744,large,1.2754806280136108,0.3203125,0.4296875,0.421875,small,False
elastic_transform/s5,205,0.7134763598442078,0.45372244715690613,0.7134763598442078,0.45372244715690613,large,0.8967309594154358,0.390625,0.4609375,0.46875,small,False
elastic_transform/s5,206,0.7478245496749878,0.5159111022949219,0.7478245496749878,0.5159111022949219,large,0.769904613494873,0.4375,0.5,0.5546875,small,False
elastic_transform/s5,207,0.7095571160316467,0.4594709873199463,0.7095571160316467,0.4594709873199463,large,0.7467525601387024,0.3828125,0.453125,0.5,small,False
elastic_transform/s5,208,0.6992050409317017,0.47956743836402893,0.6992050409317017,0.47956743836402893,large,0.8914426565170288,0.3359375,0.4765625,0.453125,small,False
elastic_transform/s5,209,0.6879886388778687,0.47020092606544495,0.6879886388778687,0.47020092606544495,large,1.0035868883132935,0.3046875,0.4296875,0.4296875,small,False
elastic_transform/s5,210,0.7463201284408569,0.5127576589584351,0.7463201284408569,0.5127576589584351,large,0.7283180952072144,0.4375,0.546875,0.5625,small,False
elastic_transform/s5,211,0.7018131017684937,0.49644964933395386,0.7018131017684937,0.49644964933395386,large,0.9180412888526917,0.3203125,0.4921875,0.421875,small,False
elastic_transform/s5,212,0.7048578262329102,0.48318877816200256,0.7048578262329102,0.48318877816200256,large,0.9114181995391846,0.28125,0.390625,0.3515625,small,False
elastic_transform/s5,213,0.7090336084365845,0.4593203067779541,0.7090336084365845,0.4593203067779541,large,0.8372840285301208,0.3671875,0.453125,0.4296875,small,False
elastic_transform/s5,214,0.7223300933837891,0.47211140394210815,0.7223300933837891,0.47211140394210815,large,0.7873921394348145,0.3984375,0.4375,0.484375,small,False
elastic_transform/s5,215,0.6627503633499146,0.4397147297859192,0.6627503633499146,0.4397147297859192,large,0.9595484137535095,0.3125,0.3984375,0.375,small,False
elastic_transform/s5,216,0.7247905135154724,0.47833847999572754,0.7247905135154724,0.47833847999572754,large,0.7945830225944519,0.390625,0.4921875,0.5,small,False
elastic_transform/s5,217,0.7707720994949341,0.516577959060669,0.7707720994949341,0.516577959060669,large,0.9709230065345764,0.46875,0.546875,0.578125,small,False
elastic_transform/s5,218,0.7277317643165588,0.5177211761474609,0.7277317643165588,0.5177211761474609,large,1.3345856666564941,0.4375,0.5234375,0.5,small,False
elastic_transform/s5,219,0.6710067987442017,0.43091079592704773,0.6710067987442017,0.43091079592704773,large,0.9025250673294067,0.3046875,0.4765625,0.4453125,small,False
elastic_transform/s5,220,0.683667778968811,0.4907331168651581,0.683667778968811,0.4907331168651581,large,0.929379940032959,0.3125,0.453125,0.4375,small,False
elastic_transform/s5,221,0.7191000580787659,0.5100005865097046,0.7191000580787659,0.5100005865097046,large,0.9347431659698486,0.34375,0.53125,0.4765625,small,False
elastic_transform/s5,222,0.7351100444793701,0.43460536003112793,0.7351100444793701,0.43460536003112793,large,0.7976571917533875,0.421875,0.5234375,0.5,small,False
elastic_transform/s5,223,0.7078012228012085,0.4806721806526184,0.7078012228012085,0.4806721806526184,large,0.7788755297660828,0.3359375,0.46875,0.4921875,small,False
elastic_transform/s5,224,0.7206511497497559,0.4903237521648407,0.7206511497497559,0.4903237521648407,large,0.7909705638885498,0.3984375,0.421875,0.5,small,False
elastic_transform/s5,225,0.7402380704879761,0.4685055911540985,0.7402380704879761,0.4685055911540985,large,0.821398913860321,0.4375,0.53125,0.53125,small,False
elastic_transform/s5,226,0.7008737325668335,0.4501160681247711,0.7008737325668335,0.4501160681247711,large,0.9391717910766602,0.375,0.4609375,0.4765625,small,False
elastic_transform/s5,227,0.6752065420150757,0.45691877603530884,0.6752065420150757,0.45691877603530884,large,0.854761004447937,0.359375,0.40625,0.4453125,small,False
elastic_transform/s5,228,0.7140487432479858,0.49526095390319824,0.7140487432479858,0.49526095390319824,large,0.7807584404945374,0.3984375,0.4453125,0.4921875,small,False
elastic_transform/s5,229,0.6946055889129639,0.4620268940925598,0.6946055889129639,0.4620268940925598,large,0.8340966701507568,0.375,0.4453125,0.4921875,small,False
elastic_transform/s5,230,0.7193423509597778,0.5229367017745972,0.7193423509597778,0.5229367017745972,large,0.8307065963745117,0.4609375,0.5703125,0.5390625,small,False
elastic_transform/s5,231,0.7113112211227417,0.4964440166950226,0.7113112211227417,0.4964440166950226,large,0.8527442812919617,0.3671875,0.46875,0.5078125,small,False
elastic_transform/s5,232,0.7309005856513977,0.4775458872318268,0.7309005856513977,0.4775458872318268,large,0.7911527752876282,0.421875,0.5234375,0.5390625,small,False
elastic_transform/s5,233,0.701805830001831,0.4774531126022339,0.701805830001831,0.4774531126022339,large,0.8283393383026123,0.390625,0.5078125,0.5078125,small,False
elastic_transform/s5,234,0.7225247025489807,0.49976953864097595,0.7225247025489807,0.49976953864097595,large,1.0286682844161987,0.390625,0.4453125,0.4609375,small,False
elastic_transform/s5,235,0.767971396446228,0.5039176344871521,0.767971396446228,0.5039176344871521,large,0.800105631351471,0.390625,0.4375,0.4765625,small,False
elastic_transform/s5,236,0.726909339427948,0.45655763149261475,0.726909339427948,0.45655763149261475,large,0.8815166354179382,0.3984375,0.4765625,0.4765625,small,False
elastic_transform/s5,237,0.7865422964096069,0.35436755418777466,0.7865422964096069,0.35436755418777466,large,0.6366398334503174,0.4375,0.5625,0.625,small,False
fog/s5,238,0.5694302320480347,0.4953102171421051,0.5694302320480347,0.4953102171421051,large,1.3063924312591553,0.4921875,0.6484375,0.625,small,False
fog/s5,239,0.5662287473678589,0.561037540435791,0.5662287473678589,0.561037540435791,large,1.0310251712799072,0.4375,0.6171875,0.6484375,small,False
fog/s5,240,0.5486835241317749,0.5015235543251038,0.5486835241317749,0.5015235543251038,large,1.0008394718170166,0.4140625,0.5859375,0.6015625,small,False
fog/s5,241,0.5675163865089417,0.4874216318130493,0.5675163865089417,0.4874216318130493,large,1.3698850870132446,0.484375,0.5546875,0.609375,small,False
fog/s5,242,0.5769697427749634,0.5323867201805115,0.5769697427749634,0.5323867201805115,large,1.1312494277954102,0.4609375,0.6015625,0.5859375,small,False
fog/s5,243,0.5688139200210571,0.4953065514564514,0.5688139200210571,0.4953065514564514,large,1.239418625831604,0.4453125,0.59375,0.5703125,small,False
fog/s5,244,0.5773354768753052,0.48076561093330383,0.5773354768753052,0.48076561093330383,large,0.9564396142959595,0.4921875,0.625,0.671875,small,False
fog/s5,245,0.5880934000015259,0.5026986598968506,0.5880934000015259,0.5026986598968506,large,1.293259620666504,0.4765625,0.6328125,0.6328125,small,False
fog/s5,246,0.5831735134124756,0.5178189277648926,0.5831735134124756,0.5178189277648926,large,1.0103648900985718,0.546875,0.6328125,0.671875,small,False
fog/s5,247,0.5672279000282288,0.46620991826057434,0.5672279000282288,0.46620991826057434,large,0.9964332580566406,0.484375,0.546875,0.5625,small,False
fog/s5,248,0.5687885284423828,0.5140984058380127,0.5687885284423828,0.5140984058380127,large,1.3168891668319702,0.4921875,0.6328125,0.7109375,small,False
fog/s5,249,0.5873130559921265,0.4991058111190796,0.5873130559921265,0.4991058111190796,large,1.0176454782485962,0.5234375,0.6484375,0.6484375,small,False
fog/s5,250,0.553447425365448,0.4593052566051483,0.553447425365448,0.4593052566051483,large,1.0249743461608887,0.4375,0.5625,0.640625,small,False
fog/s5,251,0.5665714740753174,0.5461660623550415,0.5665714740753174,0.5461660623550415,large,1.0373320579528809,0.5625,0.625,0.703125,small,False
fog/s5,252,0.576006293296814,0.5235334634780884,0.576006293296814,0.5235334634780884,large,1.0287213325500488,0.4765625,0.5859375,0.671875,small,False
fog/s5,253,0.5631963014602661,0.4404347240924835,0.5631963014602661,0.4404347240924835,large,1.2361457347869873,0.4921875,0.5625,0.609375,small,False
fog/s5,254,0.5936241745948792,0.541789174079895,0.5936241745948792,0.541789174079895,large,0.9489174485206604,0.515625,0.6484375,0.703125,small,False
fog/s5,255,0.5448669195175171,0.48695898056030273,0.5448669195175171,0.48695898056030273,large,1.3625178337097168,0.421875,0.53125,0.5390625,small,False
fog/s5,256,0.5525953769683838,0.48594874143600464,0.5525953769683838,0.48594874143600464,large,1.016544222831726,0.453125,0.578125,0.625,small,False
fog/s5,257,0.5488079190254211,0.5168615579605103,0.5488079190254211,0.5168615579605103,large,0.9792562127113342,0.53125,0.59375,0.6796875,small,False
fog/s5,258,0.5685639977455139,0.4531678855419159,0.5685639977455139,0.4531678855419159,large,0.9440364241600037,0.4296875,0.5859375,0.59375,small,False
fog/s5,259,0.6141676902770996,0.5373237729072571,0.6141676902770996,0.5373237729072571,large,1.0443819761276245,0.578125,0.65625,0.7421875,small,False
fog/s5,260,0.5574963092803955,0.4911283254623413,0.5574963092803955,0.4911283254623413,large,0.9489960074424744,0.5625,0.609375,0.6796875,small,False
fog/s5,261,0.5417959690093994,0.4642908275127411,0.5417959690093994,0.4642908275127411,large,1.0577627420425415,0.4765625,0.59375,0.6484375,small,False
fog/s5,262,0.5201694965362549,0.4509141445159912,0.5201694965362549,0.4509141445159912,large,1.2845810651779175,0.4375,0.5546875,0.6171875,small,False
fog/s5,263,0.5935009717941284,0.5342739820480347,0.5935009717941284,0.5342739820480347,large,1.0897140502929688,0.546875,0.6015625,0.640625,small,False
fog/s5,264,0.5718856453895569,0.48849308490753174,0.5718856453895569,0.48849308490753174,large,1.3641105890274048,0.453125,0.5859375,0.609375,small,False
fog/s5,265,0.5592758655548096,0.4787755012512207,0.5592758655548096,0.4787755012512207,large,1.3712620735168457,0.484375,0.5546875,0.609375,small,False
fog/s5,266,0.5627985000610352,0.47282958030700684,0.5627985000610352,0.47282958030700684,large,1.3007532358169556,0.4375,0.5703125,0.640625,small,False
fog/s5,267,0.5742905139923096,0.5391488075256348,0.5742905139923096,0.5391488075256348,large,1.0116775035858154,0.53125,0.59375,0.625,small,False
fog/s5,268,0.5722968578338623,0.5289422273635864,0.5722968578338623,0.5289422273635864,large,0.928162693977356,0.515625,0.640625,0.7109375,small,False
fog/s5,269,0.5449047088623047,0.5228562355041504,0.5449047088623047,0.5228562355041504,large,1.1605231761932373,0.484375,0.6171875,0.671875,small,False
fog/s5,270,0.6062939763069153,0.4695286750793457,0.6062939763069153,0.4695286750793457,large,1.005468726158142,0.546875,0.640625,0.703125,small,False
fog/s5,271,0.5653737783432007,0.4439379572868347,0.5653737783432007,0.4439379572868347,large,1.11921226978302,0.5078125,0.546875,0.640625,small,False
fog/s5,272,0.5546395778656006,0.48130372166633606,0.5546395778656006,0.48130372166633606,large,0.9565098285675049,0.4140625,0.59375,0.5703125,small,False
fog/s5,273,0.588180422782898,0.5190606713294983,0.588180422782898,0.5190606713294983,large,1.13362717628479,0.5390625,0.5859375,0.6640625,small,False
fog/s5,274,0.5487467050552368,0.49109944701194763,0.5487467050552368,0.49109944701194763,large,1.1995654106140137,0.4609375,0.6015625,0.609375,small,False
fog/s5,275,0.5336627960205078,0.4547165334224701,0.5336627960205078,0.4547165334224701,large,1.250032663345337,0.4296875,0.6015625,0.5859375,small,False
fog/s5,276,0.5391629934310913,0.46761178970336914,0.5391629934310913,0.46761178970336914,large,1.1731133460998535,0.4140625,0.5546875,0.5859375,small,False
fog/s5,277,0.5699841976165771,0.4924936890602112,0.5699841976165771,0.4924936890602112,large,1.3548859357833862,0.421875,0.578125,0.59375,small,False
fog/s5,278,0.5284161567687988,0.4967426657676697,0.5284161567687988,0.4967426657676697,large,1.3666881322860718,0.421875,0.53125,0.5703125,small,False
fog/s5,279,0.6017489433288574,0.5538046956062317,0.6017489433288574,0.5538046956062317,large,0.9586367607116699,0.53125,0.6328125,0.671875,small,False
fog/s5,280,0.547539472579956,0.485787034034729,0.547539472579956,0.485787034034729,large,1.3695298433303833,0.4140625,0.5234375,0.5703125,small,False
fog/s5,281,0.6171222925186157,0.5201067328453064,0.6171222925186157,0.5201067328453064,large,1.3482491970062256,0.5390625,0.609375,0.6796875,small,False
fog/s5,282,0.5614415407180786,0.5370163917541504,0.5614415407180786,0.5370163917541504,large,1.291509985923767,0.5234375,0.6015625,0.640625,small,False
fog/s5,283,0.5338195562362671,0.4445163607597351,0.5338195562362671,0.4445163607597351,large,1.0908331871032715,0.4609375,0.5234375,0.578125,small,False
fog/s5,284,0.5983990430831909,0.4970622956752777,0.5983990430831909,0.4970622956752777,large,1.0321807861328125,0.4765625,0.6015625,0.5703125,small,False
fog/s5,285,0.5660824775695801,0.5209736824035645,0.5660824775695801,0.5209736824035645,large,1.339262843132019,0.546875,0.6484375,0.65625,small,False
fog/s5,286,0.5620764493942261,0.48256736993789673,0.5620764493942261,0.48256736993789673,large,1.3369600772857666,0.5,0.578125,0.65625,small,False
fog/s5,287,0.5588131546974182,0.5182535648345947,0.5588131546974182,0.5182535648345947,large,1.365708589553833,0.5078125,0.5625,0.6171875,small,False
fog/s5,288,0.5153076648712158,0.44546395540237427,0.5153076648712158,0.44546395540237427,large,1.025402545928955,0.3671875,0.484375,0.5234375,small,False
fog/s5,289,0.5819727182388306,0.48422253131866455,0.5819727182388306,0.48422253131866455,large,1.0774383544921875,0.5625,0.6171875,0.71875,small,False
fog/s5,290,0.5866780877113342,0.5167466402053833,0.5866780877113342,0.5167466402053833,large,0.9857995510101318,0.4921875,0.5703125,0.640625,small,False
fog/s5,291,0.5498702526092529,0.5085131525993347,0.5498702526092529,0.5085131525993347,large,1.3589320182800293,0.453125,0.5625,0.625,small,False
fog/s5,292,0.5778084397315979,0.5009342432022095,0.5778084397315979,0.5009342432022095,large,1.0948492288589478,0.4921875,0.578125,0.6328125,small,False
fog/s5,293,0.5340608954429626,0.49582457542419434,0.5340608954429626,0.49582457542419434,large,1.0294835567474365,0.453125,0.5234375,0.546875,small,False
fog/s5,294,0.5080860257148743,0.4352303445339203,0.5080860257148743,0.4352303445339203,large,1.1590739488601685,0.3984375,0.46875,0.515625,small,False
fog/s5,295,0.5637499094009399,0.4992027282714844,0.5637499094009399,0.4992027282714844,large,1.344102382659912,0.5234375,0.578125,0.6328125,small,False
fog/s5,296,0.6124352216720581,0.5277009606361389,0.6124352216720581,0.5277009606361389,large,1.0128509998321533,0.53125,0.625,0.6953125,small,False
fog/s5,297,0.5794610977172852,0.49734964966773987,0.5794610977172852,0.49734964966773987,large,1.2236577272415161,0.5,0.609375,0.6875,small,False
fog/s5,298,0.5566002726554871,0.46182721853256226,0.5566002726554871,0.46182721853256226,large,1.0403034687042236,0.4296875,0.59375,0.6171875,small,False
fog/s5,299,0.5876747369766235,0.5275779962539673,0.5876747369766235,0.5275779962539673,large,1.0218180418014526,0.4453125,0.578125,0.6015625,small,False
fog/s5,300,0.5467735528945923,0.4387490451335907,0.5467735528945923,0.4387490451335907,large,0.9831823110580444,0.4609375,0.515625,0.609375,small,False
fog/s5,301,0.5148296356201172,0.4705963134765625,0.5148296356201172,0.4705963134765625,large,0.9687934517860413,0.4453125,0.546875,0.6328125,small,False
fog/s5,302,0.5545374155044556,0.4963952898979187,0.5545374155044556,0.4963952898979187,large,1.002171516418457,0.46875,0.5703125,0.6640625,small,False
fog/s5,303,0.5637679696083069,0.5081625580787659,0.5637679696083069,0.5081625580787659,large,1.3534468412399292,0.5078125,0.625,0.6171875,small,False
fog/s5,304,0.5641964673995972,0.4990274906158447,0.5641964673995972,0.4990274906158447,large,0.9680293202400208,0.453125,0.6015625,0.640625,small,False
fog/s5,305,0.5846929550170898,0.4869319796562195,0.5846929550170898,0.4869319796562195,large,1.3729619979858398,0.515625,0.6015625,0.6015625,small,False
fog/s5,306,0.5609836578369141,0.480857789516449,0.5609836578369141,0.480857789516449,large,1.2933675050735474,0.4921875,0.578125,0.6171875,small,False
fog/s5,307,0.5530109405517578,0.4326130151748657,0.5530109405517578,0.4326130151748657,large,1.25898015499115,0.4375,0.4765625,0.5078125,small,False
fog/s5,308,0.5670228004455566,0.44052040576934814,0.5670228004455566,0.44052040576934814,large,0.9826413989067078,0.4375,0.5078125,0.5859375,small,False
fog/s5,309,0.5637063980102539,0.530181348323822,0.5637063980102539,0.530181348323822,large,1.1380181312561035,0.5,0.6953125,0.6875,small,False
fog/s5,310,0.564733624458313,0.5003283023834229,0.564733624458313,0.5003283023834229,large,1.3593016862869263,0.4609375,0.6015625,0.6171875,small,False
fog/s5,311,0.5830109119415283,0.49168387055397034,0.5830109119415283,0.49168387055397034,large,1.3632876873016357,0.5078125,0.5703125,0.6875,small,False
fog/s5,312,0.573864221572876,0.4778537154197693,0.573864221572876,0.4778537154197693,large,1.03001070022583,0.484375,0.515625,0.59375,small,False
fog/s5,313,0.5354034900665283,0.5085179805755615,0.5354034900665283,0.5085179805755615,large,1.3596476316452026,0.4140625,0.5625,0.5703125,small,False
fog/s5,314,0.5564882755279541,0.4925808608531952,0.5564882755279541,0.4925808608531952,large,1.0412017107009888,0.453125,0.6328125,0.6640625,small,False
fog/s5,315,0.5552866458892822,0.516896665096283,0.5552866458892822,0.516896665096283,large,1.2523084878921509,0.4765625,0.609375,0.6640625,small,False
fog/s5,316,0.5440528392791748,0.25943857431411743,0.5440528392791748,0.25943857431411743,large,0.8517923951148987,0.25,0.625,0.5625,small,False
shot_noise/s5,317,0.5744183659553528,0.15409493446350098,0.5744183659553528,0.15409493446350098,large,0.6515731811523438,0.3125,0.171875,0.3203125,large,True
shot_noise/s5,318,0.6197808980941772,0.13427799940109253,0.6197808980941772,0.13427799940109253,large,1.5267956256866455,0.34375,0.1640625,0.375,large,True
shot_noise/s5,319,0.5717678070068359,0.09366555511951447,0.5717678070068359,0.09366555511951447,large,1.5414403676986694,0.296875,0.1328125,0.3359375,large,True
shot_noise/s5,320,0.6261715888977051,0.1559619903564453,0.6261715888977051,0.1559619903564453,large,1.6168009042739868,0.3671875,0.1484375,0.3671875,large,True
shot_noise/s5,321,0.6143302917480469,0.12682709097862244,0.6143302917480469,0.12682709097862244,large,0.9271776080131531,0.359375,0.140625,0.40625,large,True
shot_noise/s5,322,0.6402295827865601,0.14435464143753052,0.6402295827865601,0.14435464143753052,large,0.6378114819526672,0.3046875,0.1171875,0.359375,large,True
shot_noise/s5,323,0.6411412954330444,0.13999900221824646,0.6411412954330444,0.13999900221824646,large,1.5746772289276123,0.3359375,0.21875,0.34375,large,True
shot_noise/s5,324,0.576142430305481,0.14220541715621948,0.576142430305481,0.14220541715621948,large,1.595206618309021,0.3203125,0.140625,0.34375,large,True
shot_noise/s5,325,0.6064713001251221,0.15239092707633972,0.6064713001251221,0.15239092707633972,large,0.6402305960655212,0.359375,0.1953125,0.4296875,large,True
shot_noise/s5,326,0.6067394018173218,0.1248057559132576,0.6067394018173218,0.1248057559132576,large,1.5871586799621582,0.3828125,0.1875,0.421875,large,True
shot_noise/s5,327,0.6325551271438599,0.11518844962120056,0.6325551271438599,0.11518844962120056,large,1.5282313823699951,0.3828125,0.09375,0.390625,large,True
shot_noise/s5,328,0.6072556972503662,0.12355971336364746,0.6072556972503662,0.12355971336364746,large,1.6080840826034546,0.390625,0.1796875,0.4375,large,True
shot_noise/s5,329,0.5976220369338989,0.12710458040237427,0.5976220369338989,0.12710458040237427,large,0.6476594805717468,0.2890625,0.09375,0.3203125,large,True
shot_noise/s5,330,0.6117199659347534,0.1659301519393921,0.6117199659347534,0.1659301519393921,large,0.6647551655769348,0.3203125,0.1953125,0.3828125,large,True
shot_noise/s5,331,0.6552289724349976,0.1325741410255432,0.6552289724349976,0.1325741410255432,large,1.493306279182434,0.3125,0.1484375,0.34375,large,True
shot_noise/s5,332,0.6108658313751221,0.11277958750724792,0.6108658313751221,0.11277958750724792,large,1.5703694820404053,0.3203125,0.109375,0.3515625,large,True
shot_noise/s5,333,0.6384001970291138,0.15143704414367676,0.6384001970291138,0.15143704414367676,large,1.472205400466919,0.3828125,0.1875,0.453125,large,True
shot_noise/s5,334,0.6186178922653198,0.15131396055221558,0.6186178922653198,0.15131396055221558,large,1.611251711845398,0.3125,0.15625,0.328125,large,True
shot_noise/s5,335,0.6132989525794983,0.14201301336288452,0.6132989525794983,0.14201301336288452,large,0.6497628688812256,0.2421875,0.140625,0.359375,large,True
shot_noise/s5,336,0.586010217666626,0.14050325751304626,0.586010217666626,0.14050325751304626,large,0.7190916538238525,0.3046875,0.203125,0.34375,large,True
shot_noise/s5,337,0.5921456813812256,0.12392953038215637,0.5921456813812256,0.12392953038215637,large,1.5055838823318481,0.296875,0.15625,0.3359375,large,True
shot_noise/s5,338,0.6715531945228577,0.1585613191127777,0.6715531945228577,0.1585613191127777,large,1.5247713327407837,0.3671875,0.140625,0.390625,large,True
shot_noise/s5,339,0.5831823945045471,0.13231301307678223,0.5831823945045471,0.13231301307678223,large,1.6064512729644775,0.359375,0.1484375,0.3828125,large,True
shot_noise/s5,340,0.5935741066932678,0.13354703783988953,0.5935741066932678,0.13354703783988953,large,1.5204792022705078,0.2890625,0.09375,0.28125,large,True
shot_noise/s5,341,0.6166760921478271,0.12958192825317383,0.6166760921478271,0.12958192825317383,large,1.5623228549957275,0.3125,0.1484375,0.3671875,large,True
shot_noise/s5,342,0.6579866409301758,0.1721714437007904,0.6579866409301758,0.1721714437007904,large,1.5110206604003906,0.3671875,0.203125,0.4296875,large,True
shot_noise/s5,343,0.6514187455177307,0.17755360901355743,0.6514187455177307,0.17755360901355743,large,0.8712565302848816,0.359375,0.203125,0.4140625,large,True
shot_noise/s5,344,0.5970247983932495,0.1435355246067047,0.5970247983932495,0.1435355246067047,large,0.6515496969223022,0.3359375,0.1640625,0.34375,large,True
shot_noise/s5,345,0.6281840801239014,0.1567465364933014,0.6281840801239014,0.1567465364933014,large,1.5414108037948608,0.375,0.1328125,0.3828125,large,True
shot_noise/s5,346,0.6594765186309814,0.15001876652240753,0.6594765186309814,0.15001876652240753,large,0.6721842288970947,0.3984375,0.140625,0.421875,large,True
shot_noise/s5,347,0.6366767287254333,0.13743269443511963,0.6366767287254333,0.13743269443511963,large,1.0340054035186768,0.359375,0.234375,0.4296875,large,True
shot_noise/s5,348,0.6327319741249084,0.15366575121879578,0.6327319741249084,0.15366575121879578,large,1.4740619659423828,0.359375,0.15625,0.3984375,large,True
shot_noise/s5,349,0.6432175040245056,0.15065741539001465,0.6432175040245056,0.15065741539001465,large,0.6705030202865601,0.3984375,0.2109375,0.4453125,large,True
shot_noise/s5,350,0.610866904258728,0.1448638141155243,0.610866904258728,0.1448638141155243,large,0.6376106142997742,0.3359375,0.171875,0.34375,large,True
shot_noise/s5,351,0.6126723885536194,0.14631812274456024,0.6126723885536194,0.14631812274456024,large,1.4550851583480835,0.3046875,0.1328125,0.3359375,large,True
shot_noise/s5,352,0.6216846108436584,0.13223959505558014,0.6216846108436584,0.13223959505558014,large,0.6483999490737915,0.3515625,0.1640625,0.375,large,True
shot_noise/s5,353,0.6360546350479126,0.12722373008728027,0.6360546350479126,0.12722373008728027,large,0.6513532400131226,0.3515625,0.15625,0.3984375,large,True
shot_noise/s5,354,0.6211553812026978,0.1430957317352295,0.6211553812026978,0.1430957317352295,large,1.4448192119598389,0.3046875,0.140625,0.3125,large,True
shot_noise/s5,355,0.5981847047805786,0.13846056163311005,0.5981847047805786,0.13846056163311005,large,1.4570717811584473,0.3515625,0.125,0.3515625,large,True
shot_noise/s5,356,0.6412197351455688,0.15246859192848206,0.6412197351455688,0.15246859192848206,large,1.4989699125289917,0.3359375,0.140625,0.375,large,True
shot_noise/s5,357,0.6203988194465637,0.16065123677253723,0.6203988194465637,0.16065123677253723,large,0.6527410745620728,0.34375,0.1484375,0.3359375,large,True
shot_noise/s5,358,0.6644324660301208,0.17034807801246643,0.6644324660301208,0.17034807801246643,large,1.6345999240875244,0.40625,0.21875,0.4296875,large,True
shot_noise/s5,359,0.5917360782623291,0.1300109326839447,0.5917360782623291,0.1300109326839447,large,1.4401142597198486,0.3203125,0.203125,0.3125,large,True
shot_noise/s5,360,0.654889702796936,0.16290047764778137,0.654889702796936,0.16290047764778137,large,0.7935934066772461,0.4375,0.21875,0.46875,large,True
shot_noise/s5,361,0.6218884587287903,0.14829757809638977,0.6218884587287903,0.14829757809638977,large,1.5128767490386963,0.359375,0.203125,0.3984375,large,True
shot_noise/s5,362,0.6266118288040161,0.15222737193107605,0.6266118288040161,0.15222737193107605,large,1.5397433042526245,0.3359375,0.1796875,0.3515625,large,True
shot_noise/s5,363,0.6208392977714539,0.1494217813014984,0.6208392977714539,0.1494217813014984,large,1.5001444816589355,0.3359375,0.1796875,0.3671875,large,True
shot_noise/s5,364,0.6369491815567017,0.1484534740447998,0.6369491815567017,0.1484534740447998,large,1.536686658859253,0.3671875,0.1796875,0.3984375,large,True
shot_noise/s5,365,0.5850218534469604,0.13915464282035828,0.5850218534469604,0.13915464282035828,large,1.4474798440933228,0.34375,0.1640625,0.375,large,True
shot_noise/s5,366,0.6282784342765808,0.151109516620636,0.6282784342765808,0.151109516620636,large,1.514206886291504,0.3359375,0.1640625,0.390625,large,True
shot_noise/s5,367,0.5829117894172668,0.12437604367733002,0.5829117894172668,0.12437604367733002,large,1.6160415410995483,0.3125,0.125,0.3359375,large,True
shot_noise/s5,368,0.6185750365257263,0.1538097858428955,0.6185750365257263,0.1538097858428955,large,0.6579908728599548,0.4140625,0.21875,0.4296875,large,True
shot_noise/s5,369,0.5733499526977539,0.11440737545490265,0.5733499526977539,0.11440737545490265,large,1.5686957836151123,0.296875,0.140625,0.328125,large,True
shot_noise/s5,370,0.6271088719367981,0.154791921377182,0.6271088719367981,0.154791921377182,large,1.542686104774475,0.359375,0.171875,0.3671875,large,True
shot_noise/s5,371,0.6368569135665894,0.1200551837682724,0.6368569135665894,0.1200551837682724,large,1.6034820079803467,0.2734375,0.1484375,0.28125,large,True
shot_noise/s5,372,0.6234954595565796,0.13259173929691315,0.6234954595565796,0.13259173929691315,large,1.611683964729309,0.3125,0.1875,0.3359375,large,True
shot_noise/s5,373,0.5984987616539001,0.160284161567688,0.5984987616539001,0.160284161567688,large,0.7149819731712341,0.3203125,0.15625,0.3515625,large,True
shot_noise/s5,374,0.5882264375686646,0.1281612515449524,0.5882264375686646,0.1281612515449524,large,1.479709267616272,0.3203125,0.1484375,0.34375,large,True
shot_noise/s5,375,0.6216542720794678,0.13321268558502197,0.6216542720794678,0.13321268558502197,large,1.4937419891357422,0.3671875,0.1640625,0.375,large,True
shot_noise/s5,376,0.6513946056365967,0.1358480155467987,0.6513946056365967,0.1358480155467987,large,1.540172815322876,0.359375,0.15625,0.390625,large,True
shot_noise/s5,377,0.6224004626274109,0.1461504101753235,0.6224004626274109,0.1461504101753235,large,0.6341859698295593,0.3671875,0.21875,0.453125,large,True
shot_noise/s5,378,0.6350680589675903,0.16262604296207428,0.6350680589675903,0.16262604296207428,large,0.6758562326431274,0.34375,0.2109375,0.3828125,large,True
shot_noise/s5,379,0.6166986227035522,0.16001135110855103,0.6166986227035522,0.16001135110855103,large,1.4905390739440918,0.34375,0.21875,0.375,large,True
shot_noise/s5,380,0.6144891977310181,0.12305884063243866,0.6144891977310181,0.12305884063243866,large,1.5183360576629639,0.34375,0.1484375,0.3828125,large,True
shot_noise/s5,381,0.6018690466880798,0.15264730155467987,0.6018690466880798,0.15264730155467987,large,1.5133936405181885,0.3046875,0.140625,0.3359375,large,True
shot_noise/s5,382,0.6005109548568726,0.14188234508037567,0.6005109548568726,0.14188234508037567,large,1.4916714429855347,0.3125,0.1875,0.3671875,large,True
shot_noise/s5,383,0.6215013265609741,0.13108643889427185,0.6215013265609741,0.13108643889427185,large,1.5415318012237549,0.3125,0.125,0.34375,large,True
shot_noise/s5,384,0.6430737972259521,0.19732266664505005,0.6430737972259521,0.19732266664505005,large,0.7257779836654663,0.3984375,0.234375,0.4375,large,True
shot_noise/s5,385,0.6065976619720459,0.11738976091146469,0.6065976619720459,0.11738976091146469,large,1.4786416292190552,0.359375,0.140625,0.359375,large,True
shot_noise/s5,386,0.6589542627334595,0.1621702015399933,0.6589542627334595,0.1621702015399933,large,1.6228103637695312,0.390625,0.203125,0.390625,large,True
shot_noise/s5,387,0.5821443796157837,0.11327269673347473,0.5821443796157837,0.11327269673347473,large,1.541271448135376,0.2734375,0.15625,0.28125,large,True
shot_noise/s5,388,0.6538612842559814,0.14313636720180511,0.6538612842559814,0.14313636720180511,large,1.5998190641403198,0.4140625,0.171875,0.4375,large,True
shot_noise/s5,389,0.6172168254852295,0.1346147656440735,0.6172168254852295,0.1346147656440735,large,1.5151727199554443,0.296875,0.1640625,0.359375,large,True
shot_noise/s5,390,0.6028788089752197,0.15084093809127808,0.6028788089752197,0.15084093809127808,large,1.550106167793274,0.3203125,0.171875,0.3515625,large,True
shot_noise/s5,391,0.6237491369247437,0.14915716648101807,0.6237491369247437,0.14915716648101807,large,1.48739492893219,0.328125,0.1640625,0.34375,large,True
shot_noise/s5,392,0.5947859287261963,0.1516166776418686,0.5947859287261963,0.1516166776418686,large,0.6395770311355591,0.2890625,0.125,0.3046875,large,True
shot_noise/s5,393,0.6378980278968811,0.15916958451271057,0.6378980278968811,0.15916958451271057,large,0.9355809688568115,0.3984375,0.2265625,0.4765625,large,True
shot_noise/s5,394,0.5897573232650757,0.11487674713134766,0.5897573232650757,0.11487674713134766,large,1.5833970308303833,0.28125,0.1484375,0.328125,large,True
shot_noise/s5,395,0.6287634372711182,0.16449801623821259,0.6287634372711182,0.16449801623821259,large,1.0188573598861694,0.375,0.125,0.375,large,True
