corruption,batch_in_corruption,r_l,r_s,pred_l,pred_s,anchor,tau,acc_l,acc_s,duo_acc,true_better,anchor_correct
brightness/s5,1,0.8485560417175293,0.7537569403648376,0.8485560417175293,0.7537569403648376,large,0.9896366000175476,0.65625,0.6875,0.7109375,small,False
brightness/s5,2,0.817669153213501,0.7128962278366089,0.817669153213501,0.7128962278366089,large,1.006127953529358,0.65625,0.6875,0.7109375,small,False
brightness/s5,3,0.801160454750061,0.7116994261741638,0.801160454750061,0.7116994261741638,large,0.9386839270591736,0.734375,0.7421875,0.8046875,small,False
brightness/s5,4,0.7698315382003784,0.6892619132995605,0.7698315382003784,0.6892619132995605,large,0.9672512412071228,0.7109375,0.671875,0.7578125,large,True
brightness/s5,5,0.7467417120933533,0.6658748984336853,0.7467417120933533,0.6658748984336853,large,0.9275882840156555,0.6875,0.7109375,0.75,small,False
brightness/s5,6,0.7261201739311218,0.6558546423912048,0.7261201739311218,0.6558546423912048,large,1.2321312427520752,0.6640625,0.71875,0.75,small,False
brightness/s5,7,0.7085238099098206,0.6434511542320251,0.7085238099098206,0.6434511542320251,large,0.9370805621147156,0.75,0.7578125,0.8046875,small,False
brightness/s5,8,0.6956543326377869,0.6293023228645325,0.6956543326377869,0.6293023228645325,large,0.9743197560310364,0.703125,0.71875,0.75,small,False
brightness/s5,9,0.7142235636711121,0.6482883095741272,0.7142235636711121,0.6482883095741272,large,0.9586570858955383,0.6875,0.703125,0.734375,small,False
brightness/s5,10,0.7343345880508423,0.6655976176261902,0.7343345880508423,0.6655976176261902,large,0.9781007170677185,0.6171875,0.734375,0.703125,small,False
brightness/s5,11,0.7490769624710083,0.6780362129211426,0.7490769624710083,0.6780362129211426,large,0.9790971875190735,0.75,0.765625,0.828125,small,False
brightness/s5,12,0.763388991355896,0.6891054511070251,0.763388991355896,0.6891054511070251,large,1.0963892936706543,0.640625,0.65625,0.71875,small,False
brightness/s5,13,0.7735232710838318,0.6993829607963562,0.7735232710838318,0.6993829607963562,large,1.2595099210739136,0.7265625,0.65625,0.765625,large,True
brightness/s5,14,0.7848623394966125,0.7056638598442078,0.7848623394966125,0.7056638598442078,large,1.1779890060424805,0.6640625,0.6796875,0.734375,small,False
brightness/s5,15,0.7913118004798889,0.7107441425323486,0.7913118004798889,0.7107441425323486,large,1.2565782070159912,0.671875,0.703125,0.7109375,small,False
brightness/s5,16,0.7978602051734924,0.7190077304840088,0.7978602051734924,0.7190077304840088,large,1.1616976261138916,0.7109375,0.734375,0.7890625,small,False
brightness/s5,17,0.8048537969589233,0.7226907014846802,0.8048537969589233,0.7226907014846802,large,0.9153828024864197,0.7109375,0.7265625,0.734375,small,False
brightness/s5,18,0.8091277480125427,0.7274672985076904,0.8091277480125427,0.7274672985076904,large,1.0757359266281128,0.65625,0.7265625,0.765625,small,False
brightness/s5,19,0.8162596225738525,0.7333264946937561,0.8162596225738525,0.7333264946937561,large,0.9734193086624146,0.75,0.75,0.7890625,tie,False
brightness/s5,20,0.819732129573822,0.7377511262893677,0.819732129573822,0.7377511262893677,large,1.3433048725128174,0.703125,0.7109375,0.7578125,small,False
brightness/s5,21,0.824639618396759,0.7402522563934326,0.824639618396759,0.7402522563934326,large,1.029674768447876,0.6796875,0.71875,0.75,small,False
brightness/s5,22,0.8281481266021729,0.7437248826026917,0.8281481266021729,0.7437248826026917,large,1.0341273546218872,0.6796875,0.6953125,0.703125,small,False
brightness/s5,23,0.8302263617515564,0.7454795241355896,0.8302263617515564,0.7454795241355896,large,1.2756565809249878,0.6640625,0.6640625,0.6953125,tie,False
brightness/s5,24,0.8325538635253906,0.7474898099899292,0.8325538635253906,0.7474898099899292,large,1.0756274461746216,0.640625,0.6484375,0.6875,small,False
brightness/s5,25,0.8353579640388489,0.751538872718811,0.8353579640388489,0.751538872718811,large,0.971331775188446,0.6796875,0.7265625,0.7421875,small,False
brightness/s5,26,0.8380042314529419,0.753654956817627,0.8380042314529419,0.753654956817627,large,0.9350612163543701,0.7265625,0.75,0.7890625,small,False
brightness/s5,27,0.8395721912384033,0.7566069960594177,0.8395721912384033,0.7566069960594177,large,0.8756993412971497,0.7265625,0.7265625,0.7578125,tie,False
brightness/s5,28,0.8420694470405579,0.7598244547843933,0.8420694470405579,0.7598244547843933,large,1.208816647529602,0.7734375,0.75,0.796875,large,True
brightness/s5,29,0.8446259498596191,0.762098491191864,0.8446259498596191,0.762098491191864,large,1.022209644317627,0.6796875,0.671875,0.71875,large,True
brightness/s5,30,0.8463575839996338,0.7643532752990723,0.8463575839996338,0.7643532752990723,large,0.9756819009780884,0.7265625,0.7421875,0.75,small,False
brightness/s5,31,0.8479758501052856,0.765738308429718,0.8479758501052856,0.765738308429718,large,1.1145002841949463,0.7109375,0.78125,0.8203125,small,False
brightness/s5,32,0.8511771559715271,0.7684775590896606,0.8511771559715271,0.7684775590896606,large,0.9206881523132324,0.796875,0.796875,0.8203125,tie,False
brightness/s5,33,0.852816641330719,0.769947350025177,0.852816641330719,0.769947350025177,large,1.3114264011383057,0.6640625,0.6875,0.703125,small,False
brightness/s5,34,0.8552571535110474,0.7721741199493408,0.8552571535110474,0.7721741199493408,large,0.9942531585693359,0.703125,0.734375,0.7109375,small,False
brightness/s5,35,0.8555991053581238,0.7735600471496582,0.8555991053581238,0.7735600471496582,large,0.9708068370819092,0.6796875,0.671875,0.7109375,large,True
brightness/s5,36,0.8561094403266907,0.7740577459335327,0.8561094403266907,0.7740577459335327,large,0.9978741407394409,0.6875,0.6875,0.703125,tie,False
brightness/s5,37,0.8577831387519836,0.7758011817932129,0.8577831387519836,0.7758011817932129,large,1.0249208211898804,0.6875,0.7265625,0.7734375,small,False
brightness/s5,38,0.8594426512718201,0.7774646878242493,0.8594426512718201,0.7774646878242493,large,0.9761066436767578,0.703125,0.7421875,0.75,small,False
brightness/s5,39,0.8607759475708008,0.7787327170372009,0.8607759475708008,0.7787327170372009,large,1.3489136695861816,0.6328125,0.7265625,0.7109375,small,False
brightness/s5,40,0.8615492582321167,0.7790489196777344,0.8615492582321167,0.7790489196777344,large,1.050824761390686,0.65625,0.6875,0.71875,small,False
brightness/s5,41,0.861339807510376,0.7787876725196838,0.861339807510376,0.7787876725196838,large,0.9510995149612427,0.640625,0.671875,0.6953125,small,False
brightness/s5,42,0.8616740107536316,0.779731810092926,0.8616740107536316,0.779731810092926,large,0.8920347690582275,0.6171875,0.6875,0.6875,small,False
brightness/s5,43,0.8626625537872314,0.7803434133529663,0.8626625537872314,0.7803434133529663,large,1.3144739866256714,0.6796875,0.6953125,0.71875,small,False
brightness/s5,44,0.8634305000305176,0.7809339165687561,0.8634305000305176,0.7809339165687561,large,0.9127092957496643,0.6953125,0.6953125,0.7421875,tie,False
brightness/s5,45,0.8640390038490295,0.7819455862045288,0.8640390038490295,0.7819455862045288,large,1.3426073789596558,0.7578125,0.7734375,0.8046875,small,False
brightness/s5,46,0.8641690015792847,0.7827601432800293,0.8641690015792847,0.7827601432800293,large,1.2505332231521606,0.6953125,0.7421875,0.7734375,small,False
brightness/s5,47,0.8652300834655762,0.7843766212463379,0.8652300834655762,0.7843766212463379,large,1.0430546998977661,0.6953125,0.734375,0.7890625,small,False
brightness/s5,48,0.8654122948646545,0.7839017510414124,0.8654122948646545,0.7839017510414124,large,1.0305062532424927,0.734375,0.71875,0.8046875,large,True
brightness/s5,49,0.8653711080551147,0.7842459082603455,0.8653711080551147,0.7842459082603455,large,0.9621942043304443,0.6171875,0.7265625,0.671875,small,False
brightness/s5,50,0.8662488460540771,0.7845262289047241,0.8662488460540771,0.7845262289047241,large,1.266005277633667,0.640625,0.7109375,0.734375,small,False
brightness/s5,51,0.8666830658912659,0.7847265005111694,0.8666830658912659,0.7847265005111694,large,1.0130470991134644,0.6953125,0.7578125,0.7421875,small,False
brightness/s5,52,0.8678285479545593,0.7853968739509583,0.8678285479545593,0.7853968739509583,large,1.30125892162323,0.71875,0.734375,0.7265625,small,False
brightness/s5,53,0.8690526485443115,0.7867682576179504,0.8690526485443115,0.7867682576179504,large,1.0788769721984863,0.7421875,0.75,0.765625,small,False
brightness/s5,54,0.869023859500885,0.7864112854003906,0.869023859500885,0.7864112854003906,large,0.9759616255760193,0.671875,0.671875,0.7109375,tie,False
brightness/s5,55,0.8689988255500793,0.7867839932441711,0.8689988255500793,0.7867839932441711,large,1.150112509727478,0.65625,0.6953125,0.6953125,small,False
brightness/s5,56,0.8690119981765747,0.7874041199684143,0.8690119981765747,0.7874041199684143,large,0.9554182887077332,0.625,0.7109375,0.7265625,small,False
brightness/s5,57,0.8696569800376892,0.788210391998291,0.8696569800376892,0.788210391998291,large,1.0404560565948486,0.703125,0.7109375,0.71875,small,False
brightness/s5,58,0.8699921369552612,0.7882021069526672,0.8699921369552612,0.7882021069526672,large,0.9673435688018799,0.734375,0.75,0.7734375,small,False
brightness/s5,59,0.8701248168945312,0.7882157564163208,0.8701248168945312,0.7882157564163208,large,1.207431435585022,0.7109375,0.6875,0.71875,large,True
brightness/s5,60,0.8703178763389587,0.7880086302757263,0.8703178763389587,0.7880086302757263,large,1.0184557437896729,0.65625,0.703125,0.7265625,small,False
brightness/s5,61,0.8708090782165527,0.7885822057723999,0.8708090782165527,0.7885822057723999,large,0.991710364818573,0.65625,0.7109375,0.75,small,False
brightness/s5,62,0.8708823323249817,0.7879968285560608,0.8708823323249817,0.7879968285560608,large,0.9118056893348694,0.5703125,0.65625,0.6796875,small,False
brightness/s5,63,0.8712365627288818,0.7884572148323059,0.8712365627288818,0.7884572148323059,large,0.9584865570068359,0.671875,0.7109375,0.734375,small,False
brightness/s5,64,0.8713680505752563,0.7883878350257874,0.8713680505752563,0.7883878350257874,large,0.9219562411308289,0.6796875,0.734375,0.7421875,small,False
brightness/s5,65,0.8721358180046082,0.788713812828064,0.8721358180046082,0.788713812828064,large,0.9048342704772949,0.7421875,0.78125,0.7734375,small,False
brightness/s5,66,0.8728060722351074,0.7889061570167542,0.8728060722351074,0.7889061570167542,large,1.3366146087646484,0.671875,0.7265625,0.7421875,small,False
brightness/s5,67,0.8732811212539673,0.7889559864997864,0.8732811212539673,0.7889559864997864,large,1.340715765953064,0.6796875,0.6875,0.734375,small,False
brightness/s5,68,0.8729436993598938,0.788678765296936,0.8729436993598938,0.788678765296936,large,0.9742400646209717,0.6640625,0.6875,0.7109375,small,False
brightness/s5,69,0.8728189468383789,0.7887403964996338,0.8728189468383789,0.7887403964996338,large,1.0224086046218872,0.640625,0.6484375,0.703125,small,False
brightness/s5,70,0.8733503222465515,0.7895551919937134,0.8733503222465515,0.7895551919937134,large,1.169127345085144,0.734375,0.71875,0.78125,large,True
brightness/s5,71,0.8729716539382935,0.7892068028450012,0.8729716539382935,0.7892068028450012,large,1.0427565574645996,0.6796875,0.7109375,0.7421875,small,False
brightness/s5,72,0.8731378316879272,0.7888550162315369,0.8731378316879272,0.7888550162315369,large,1.1152827739715576,0.703125,0.7109375,0.734375,small,False
brightness/s5,73,0.8735816478729248,0.7894663214683533,0.8735816478729248,0.7894663214683533,large,1.0465452671051025,0.7265625,0.7421875,0.7421875,small,False
brightness/s5,74,0.8734819889068604,0.7896715998649597,0.8734819889068604,0.7896715998649597,large,1.0292320251464844,0.6875,0.7109375,0.75,small,False
brightness/s5,75,0.873614490032196,0.7900571227073669,0.873614490032196,0.7900571227073669,large,0.9839964509010315,0.671875,0.6796875,0.7421875,small,False
brightness/s5,76,0.8736187219619751,0.7902460694313049,0.8736187219619751,0.7902460694313049,large,0.8996745944023132,0.6953125,0.6875,0.734375,large,True
brightness/s5,77,0.8739517331123352,0.7906896471977234,0.8739517331123352,0.7906896471977234,large,0.9166532158851624,0.7421875,0.71875,0.7890625,large,True
brightness/s5,78,0.8741474151611328,0.7907237410545349,0.8741474151611328,0.7907237410545349,large,1.308977723121643,0.65625,0.6875,0.7109375,small,False
brightness/s5,79,0.8744125366210938,0.7906950116157532,0.8744125366210938,0.7906950116157532,large,0.9526349306106567,0.609375,0.6484375,0.6484375,small,False
brightness/s5,80,0.8742506504058838,0.790413498878479,0.8742506504058838,0.790413498878479,large,1.0405306816101074,0.6875,0.703125,0.7421875,small,False
brightness/s5,81,0.8747044801712036,0.7909055948257446,0.8747044801712036,0.7909055948257446,large,1.0424658060073853,0.703125,0.7578125,0.7578125,small,False
brightness/s5,82,0.8753892779350281,0.791140079498291,0.8753892779350281,0.791140079498291,large,0.9532748460769653,0.734375,0.7734375,0.78125,small,False
brightness/s5,83,0.8757518529891968,0.7916158437728882,0.8757518529891968,0.7916158437728882,large,1.0180089473724365,0.7265625,0.734375,0.7265625,small,False
brightness/s5,84,0.8756120204925537,0.7914207577705383,0.8756120204925537,0.7914207577705383,large,1.0126655101776123,0.703125,0.7265625,0.796875,small,False
brightness/s5,85,0.8759601712226868,0.7918037176132202,0.8759601712226868,0.7918037176132202,large,1.0794694423675537,0.6875,0.71875,0.734375,small,False
brightness/s5,86,0.876343309879303,0.7923211455345154,0.876343309879303,0.7923211455345154,large,0.9804277420043945,0.7109375,0.78125,0.828125,small,False
brightness/s5,87,0.8763163685798645,0.7923583388328552,0.8763163685798645,0.7923583388328552,large,1.054661512374878,0.703125,0.71875,0.7421875,small,False
brightness/s5,88,0.8763542771339417,0.7924187183380127,0.8763542771339417,0.7924187183380127,large,0.9490311741828918,0.671875,0.6953125,0.734375,small,False
brightness/s5,89,0.8763107061386108,0.7926467657089233,0.8763107061386108,0.7926467657089233,large,0.9596104621887207,0.640625,0.6875,0.7265625,small,False
brightness/s5,90,0.8765313029289246,0.7927689552307129,0.8765313029289246,0.7927689552307129,large,1.3231290578842163,0.625,0.75,0.7265625,small,False
brightness/s5,91,0.8766762018203735,0.7930744886398315,0.8766762018203735,0.7930744886398315,large,1.3413810729980469,0.6953125,0.7421875,0.7265625,small,False
brightness/s5,92,0.8767269849777222,0.7929673194885254,0.8767269849777222,0.7929673194885254,large,0.9528538584709167,0.6953125,0.7265625,0.75,small,False
brightness/s5,93,0.8767363429069519,0.7929342985153198,0.8767363429069519,0.7929342985153198,large,0.9280402660369873,0.6484375,0.6953125,0.7109375,small,False
brightness/s5,94,0.8766613006591797,0.7928054928779602,0.8766613006591797,0.7928054928779602,large,1.023932933807373,0.625,0.6640625,0.6796875,small,False
brightness/s5,95,0.8767869472503662,0.7932056188583374,0.8767869472503662,0.7932056188583374,large,1.005817174911499,0.703125,0.703125,0.75,tie,False
brightness/s5,96,0.8768684267997742,0.7933468818664551,0.8768684267997742,0.7933468818664551,large,1.3448247909545898,0.65625,0.6640625,0.7109375,small,False
brightness/s5,97,0.8771148920059204,0.7935484647750854,0.8771148920059204,0.7935484647750854,large,0.9381492733955383,0.6484375,0.625,0.7109375,large,True
brightness/s5,98,0.8770949840545654,0.7935471534729004,0.8770949840545654,0.7935471534729004,large,1.0463242530822754,0.7109375,0.7109375,0.7578125,tie,False
brightness/s5,99,0.8773637413978577,0.7937246561050415,0.8773637413978577,0.7937246561050415,large,1.3238017559051514,0.6953125,0.71875,0.734375,small,False
brightness/s5,100,0.8772091269493103,0.7936895489692688,0.8772091269493103,0.7936895489692688,large,0.9769672155380249,0.5859375,0.6640625,0.6796875,small,False
brightness/s5,101,0.8772475719451904,0.7941807508468628,0.8772475719451904,0.7941807508468628,large,1.2360011339187622,0.703125,0.7421875,0.78125,small,False
brightness/s5,102,0.8769630193710327,0.7940643429756165,0.8769630193710327,0.7940643429756165,large,1.0131257772445679,0.6171875,0.6328125,0.65625,small,False
brightness/s5,103,0.876996636390686,0.7941933274269104,0.876996636390686,0.7941933274269104,large,1.022003412246704,0.703125,0.734375,0.765625,small,False
brightness/s5,104,0.8769863247871399,0.7944230437278748,0.8769863247871399,0.7944230437278748,large,1.045649766921997,0.6875,0.7109375,0.7421875,small,False
brightness/s5,105,0.877102792263031,0.7945886850357056,0.877102792263031,0.7945886850357056,large,1.3081822395324707,0.7265625,0.7578125,0.7734375,small,False
brightness/s5,106,0.8773475885391235,0.7949404716491699,0.8773475885391235,0.7949404716491699,large,0.9642328023910522,0.75,0.7890625,0.8125,small,False
brightness/s5,107,0.877436101436615,0.7949848175048828,0.877436101436615,0.7949848175048828,large,1.0135927200317383,0.7109375,0.671875,0.75,large,True
brightness/s5,108,0.8775033950805664,0.7948447465896606,0.8775033950805664,0.7948447465896606,large,0.9722700715065002,0.6640625,0.7265625,0.71875,small,False
brightness/s5,109,0.8777063488960266,0.7949721217155457,0.8777063488960266,0.7949721217155457,large,1.2817480564117432,0.7109375,0.7421875,0.7734375,small,False
brightness/s5,110,0.8775724768638611,0.7949503064155579,0.8775724768638611,0.7949503064155579,large,1.3309624195098877,0.640625,0.6640625,0.671875,small,False
brightness/s5,111,0.8775569200515747,0.7948557734489441,0.8775569200515747,0.7948557734489441,large,0.901938259601593,0.7109375,0.7421875,0.765625,small,False
brightness/s5,112,0.8776773810386658,0.7946799993515015,0.8776773810386658,0.7946799993515015,large,0.956976056098938,0.6484375,0.59375,0.6640625,large,True
brightness/s5,113,0.877686083316803,0.795006275177002,0.877686083316803,0.795006275177002,large,1.0232295989990234,0.6953125,0.7421875,0.75,small,False
brightness/s5,114,0.8778916001319885,0.7952260971069336,0.8778916001319885,0.7952260971069336,large,1.2981534004211426,0.703125,0.75,0.734375,small,False
brightness/s5,115,0.8780779838562012,0.795447826385498,0.8780779838562012,0.795447826385498,large,1.0293110609054565,0.703125,0.7421875,0.7890625,small,False
brightness/s5,116,0.8780730962753296,0.7956187725067139,0.8780730962753296,0.7956187725067139,large,0.9810134172439575,0.6953125,0.734375,0.78125,small,False
brightness/s5,117,0.8781097531318665,0.7957335114479065,0.8781097531318665,0.7957335114479065,large,0.9156003594398499,0.6171875,0.71875,0.7421875,small,False
brightness/s5,118,0.8781672716140747,0.7955767512321472,0.8781672716140747,0.7955767512321472,large,0.9302234053611755,0.6640625,0.71875,0.734375,small,False
brightness/s5,119,0.878314197063446,0.7958638668060303,0.878314197063446,0.7958638668060303,large,1.3209561109542847,0.6640625,0.6796875,0.7265625,small,False
brightness/s5,120,0.8784023523330688,0.7960544228553772,0.8784023523330688,0.7960544228553772,large,1.0011476278305054,0.640625,0.703125,0.7109375,small,False
brightness/s5,121,0.878629207611084,0.7962424755096436,0.878629207611084,0.7962424755096436,large,1.1160744428634644,0.7578125,0.7578125,0.828125,tie,False
brightness/s5,122,0.8786960244178772,0.7960460782051086,0.8786960244178772,0.7960460782051086,large,1.0345391035079956,0.703125,0.7109375,0.734375,small,False
brightness/s5,123,0.8786685466766357,0.7963168621063232,0.8786685466766357,0.7963168621063232,large,0.9552736878395081,0.671875,0.671875,0.6875,tie,False
brightness/s5,124,0.8787857890129089,0.7963919043540955,0.8787857890129089,0.7963919043540955,large,0.9381839036941528,0.75,0.7421875,0.78125,large,True
brightness/s5,125,0.8787322044372559,0.796196699142456,0.8787322044372559,0.796196699142456,large,1.0301642417907715,0.6796875,0.640625,0.7421875,large,True
brightness/s5,126,0.8787081837654114,0.7961260676383972,0.8787081837654114,0.7961260676383972,large,0.9582034349441528,0.671875,0.78125,0.7421875,small,False
brightness/s5,127,0.8788368105888367,0.7961044907569885,0.8788368105888367,0.7961044907569885,large,1.0394742488861084,0.734375,0.7421875,0.7890625,small,False
brightness/s5,128,0.8787955641746521,0.7959610819816589,0.8787955641746521,0.7959610819816589,large,0.9133001565933228,0.6640625,0.6640625,0.7109375,tie,False
brightness/s5,129,0.8789544105529785,0.7957913875579834,0.8789544105529785,0.7957913875579834,large,0.9926014542579651,0.6796875,0.65625,0.7265625,large,True
brightness/s5,130,0.8790417909622192,0.7956218123435974,0.8790417909622192,0.7956218123435974,large,1.3067893981933594,0.7421875,0.7421875,0.7890625,tie,False
brightness/s5,131,0.8791067600250244,0.7958354353904724,0.8791067600250244,0.7958354353904724,large,1.314728021621704,0.6796875,0.71875,0.7265625,small,False
brightness/s5,132,0.8793126344680786,0.796083927154541,0.8793126344680786,0.796083927154541,large,1.0106054544448853,0.765625,0.78125,0.796875,small,False
brightness/s5,133,0.8795005083084106,0.796181321144104,0.8795005083084106,0.796181321144104,large,0.9728823900222778,0.6875,0.640625,0.7265625,large,True
brightness/s5,134,0.8796520233154297,0.7961400747299194,0.8796520233154297,0.7961400747299194,large,0.9651524424552917,0.78125,0.7265625,0.796875,large,True
brightness/s5,135,0.8796004056930542,0.79581618309021,0.8796004056930542,0.79581618309021,large,1.102083444595337,0.671875,0.7890625,0.7578125,small,False
brightness/s5,136,0.8795762658119202,0.7957961559295654,0.8795762658119202,0.7957961559295654,large,0.9342147707939148,0.6328125,0.71875,0.671875,small,False
brightness/s5,137,0.8797605633735657,0.7959717512130737,0.8797605633735657,0.7959717512130737,large,0.9065102934837341,0.7109375,0.671875,0.734375,large,True
brightness/s5,138,0.8797672986984253,0.7961372137069702,0.8797672986984253,0.7961372137069702,large,1.0543862581253052,0.6875,0.71875,0.7265625,small,False
brightness/s5,139,0.8798226118087769,0.7960119843482971,0.8798226118087769,0.7960119843482971,large,0.9485148787498474,0.7109375,0.703125,0.71875,large,True
brightness/s5,140,0.8798536062240601,0.7961397767066956,0.8798536062240601,0.7961397767066956,large,1.016732931137085,0.7109375,0.7265625,0.7890625,small,False
brightness/s5,141,0.8799139261245728,0.7961608171463013,0.8799139261245728,0.7961608171463013,large,0.9034552574157715,0.671875,0.671875,0.734375,tie,False
brightness/s5,142,0.8800327777862549,0.7960895895957947,0.8800327777862549,0.7960895895957947,large,1.0845693349838257,0.6875,0.6953125,0.7421875,small,False
brightness/s5,143,0.8801516890525818,0.7960131764411926,0.8801516890525818,0.7960131764411926,large,1.0076085329055786,0.6640625,0.6640625,0.6953125,tie,False
brightness/s5,144,0.8802470564842224,0.7960060238838196,0.8802470564842224,0.7960060238838196,large,0.967528223991394,0.640625,0.7109375,0.71875,small,False
brightness/s5,145,0.8801323175430298,0.7958627939224243,0.8801323175430298,0.7958627939224243,large,1.0740070343017578,0.703125,0.6953125,0.7421875,large,True
brightness/s5,146,0.8800659775733948,0.795524001121521,0.8800659775733948,0.795524001121521,large,1.2012635469436646,0.671875,0.6640625,0.7265625,large,True
brightness/s5,147,0.8800758719444275,0.7954699993133545,0.8800758719444275,0.7954699993133545,large,0.9809103012084961,0.71875,0.671875,0.7421875,large,True
brightness/s5,148,0.8800658583641052,0.7951328754425049,0.8800658583641052,0.7951328754425049,large,1.0215145349502563,0.59375,0.6484375,0.6484375,small,False
brightness/s5,149,0.8801183700561523,0.7951520681381226,0.8801183700561523,0.7951520681381226,large,0.9383264780044556,0.6953125,0.6953125,0.71875,tie,False
brightness/s5,150,0.8801528215408325,0.795222282409668,0.8801528215408325,0.795222282409668,large,1.0304313898086548,0.6796875,0.7578125,0.765625,small,False
brightness/s5,151,0.8801240921020508,0.7953492999076843,0.8801240921020508,0.7953492999076843,large,1.0136452913284302,0.640625,0.6640625,0.71875,small,False
brightness/s5,152,0.880204975605011,0.7951904535293579,0.880204975605011,0.7951904535293579,large,0.919430673122406,0.640625,0.6953125,0.75,small,False
brightness/s5,153,0.8802485466003418,0.7954058051109314,0.8802485466003418,0.7954058051109314,large,0.9420398473739624,0.734375,0.7890625,0.796875,small,False
brightness/s5,154,0.8803414106369019,0.7956326007843018,0.8803414106369019,0.7956326007843018,large,1.0226293802261353,0.7421875,0.6875,0.78125,large,True
brightness/s5,155,0.8803280591964722,0.7957121133804321,0.8803280591964722,0.7957121133804321,large,1.0223931074142456,0.7109375,0.7265625,0.7734375,small,False
brightness/s5,156,0.8801664710044861,0.7953600287437439,0.8801664710044861,0.7953600287437439,large,1.0569672584533691,0.6328125,0.71875,0.6953125,small,False
brightness/s5,157,0.8801320195198059,0.7955643534660339,0.8801320195198059,0.7955643534660339,large,1.0394643545150757,0.703125,0.71875,0.8046875,small,False
brightness/s5,158,0.8801759481430054,0.7956842184066772,0.8801759481430054,0.7956842184066772,large,1.2954503297805786,0.7734375,0.765625,0.8125,large,True
brightness/s5,159,0.8802189230918884,0.7958515882492065,0.8802189230918884,0.7958515882492065,large,1.040204644203186,0.703125,0.71875,0.78125,small,False
brightness/s5,160,0.8802303075790405,0.7960636615753174,0.8802303075790405,0.7960636615753174,large,0.9700878858566284,0.6953125,0.765625,0.78125,small,False
brightness/s5,161,0.8802169561386108,0.7962651252746582,0.8802169561386108,0.7962651252746582,large,1.0968736410140991,0.625,0.734375,0.7265625,small,False
brightness/s5,162,0.880297064781189,0.7964209318161011,0.880297064781189,0.7964209318161011,large,0.9891012907028198,0.6875,0.734375,0.6953125,small,False
brightness/s5,163,0.8804754018783569,0.7967124581336975,0.8804754018783569,0.7967124581336975,large,0.9577990770339966,0.8203125,0.78125,0.8359375,large,True
brightness/s5,164,0.8805920481681824,0.7968137860298157,0.8805920481681824,0.7968137860298157,large,0.9730562567710876,0.6484375,0.703125,0.6953125,small,False
brightness/s5,165,0.8808040618896484,0.7968890070915222,0.8808040618896484,0.7968890070915222,large,0.9566395878791809,0.7109375,0.6640625,0.7421875,large,True
brightness/s5,166,0.8808460831642151,0.7967268228530884,0.8808460831642151,0.7967268228530884,large,1.2076107263565063,0.78125,0.7578125,0.8125,large,True
brightness/s5,167,0.8808770179748535,0.7965817451477051,0.8808770179748535,0.7965817451477051,large,1.1664202213287354,0.6953125,0.6640625,0.7421875,large,True
brightness/s5,168,0.8810479044914246,0.7967842817306519,0.8810479044914246,0.7967842817306519,large,0.9691885709762573,0.78125,0.8515625,0.8671875,small,False
brightness/s5,169,0.8810417056083679,0.7970016598701477,0.8810417056083679,0.7970016598701477,large,1.0259734392166138,0.625,0.6953125,0.6953125,small,False
brightness/s5,170,0.8810321092605591,0.7971017360687256,0.8810321092605591,0.7971017360687256,large,1.0004786252975464,0.6796875,0.7734375,0.75,small,False
brightness/s5,171,0.8810268640518188,0.7970860600471497,0.8810268640518188,0.7970860600471497,large,1.0379763841629028,0.6171875,0.6875,0.6875,small,False
brightness/s5,172,0.880922794342041,0.7969648838043213,0.880922794342041,0.7969648838043213,large,1.0190633535385132,0.6328125,0.703125,0.7109375,small,False
brightness/s5,173,0.8810844421386719,0.7970782518386841,0.8810844421386719,0.7970782518386841,large,1.0038598775863647,0.6796875,0.7265625,0.75,small,False
brightness/s5,174,0.8811811208724976,0.7971577644348145,0.8811811208724976,0.7971577644348145,large,0.9658121466636658,0.7265625,0.6640625,0.765625,large,True
brightness/s5,175,0.8812037706375122,0.7972302436828613,0.8812037706375122,0.7972302436828613,large,0.893772304058075,0.6953125,0.703125,0.71875,small,False
brightness/s5,176,0.8813037276268005,0.7973170876502991,0.8813037276268005,0.7973170876502991,large,0.9720047116279602,0.75,0.734375,0.7734375,large,True
brightness/s5,177,0.8813927173614502,0.7976522445678711,0.8813927173614502,0.7976522445678711,large,1.0427368879318237,0.703125,0.7734375,0.7578125,small,False
brightness/s5,178,0.8813791275024414,0.7976700067520142,0.8813791275024414,0.7976700067520142,large,1.0226579904556274,0.6796875,0.765625,0.78125,small,False
brightness/s5,179,0.8815503120422363,0.7976812720298767,0.8815503120422363,0.7976812720298767,large,0.9768605828285217,0.7109375,0.7734375,0.7890625,small,False
brightness/s5,180,0.8816405534744263,0.797913134098053,0.8816405534744263,0.797913134098053,large,1.298560619354248,0.7109375,0.7578125,0.7421875,small,False
brightness/s5,181,0.8817023634910583,0.7980614900588989,0.8817023634910583,0.7980614900588989,large,1.005717158317566,0.71875,0.71875,0.765625,tie,False
brightness/s5,182,0.8817141056060791,0.7979017496109009,0.8817141056060791,0.7979017496109009,large,0.8766893148422241,0.671875,0.6875,0.703125,small,False
brightness/s5,183,0.8817998170852661,0.7979021668434143,0.8817998170852661,0.7979021668434143,large,0.9436141848564148,0.625,0.6640625,0.6640625,small,False
brightness/s5,184,0.8818168044090271,0.7978583574295044,0.8818168044090271,0.7978583574295044,large,1.2868635654449463,0.671875,0.78125,0.7578125,small,False
brightness/s5,185,0.8819050788879395,0.7979840040206909,0.8819050788879395,0.7979840040206909,large,0.9776479005813599,0.671875,0.734375,0.7421875,small,False
brightness/s5,186,0.8819782733917236,0.7980374693870544,0.8819782733917236,0.7980374693870544,large,1.283355951309204,0.7890625,0.7734375,0.8046875,large,True
brightness/s5,187,0.8819155693054199,0.7978313565254211,0.8819155693054199,0.7978313565254211,large,0.9589101076126099,0.6875,0.6953125,0.734375,small,False
brightness/s5,188,0.8819640874862671,0.7979699373245239,0.8819640874862671,0.7979699373245239,large,0.9938827157020569,0.7109375,0.7265625,0.7578125,small,False
brightness/s5,189,0.8820350170135498,0.7981255650520325,0.8820350170135498,0.7981255650520325,large,1.0262724161148071,0.7578125,0.6875,0.796875,large,True
brightness/s5,190,0.8820866942405701,0.7981021404266357,0.8820866942405701,0.7981021404266357,large,1.0374369621276855,0.671875,0.7109375,0.7265625,small,False
brightness/s5,191,0.8821297287940979,0.7979869246482849,0.8821297287940979,0.7979869246482849,large,1.0466228723526,0.6875,0.6953125,0.7734375,small,False
brightness/s5,192,0.8820579648017883,0.7977838516235352,0.8820579648017883,0.7977838516235352,large,0.9509163498878479,0.6328125,0.6796875,0.7109375,small,False
brightness/s5,193,0.8820242285728455,0.7976468801498413,0.8820242285728455,0.7976468801498413,large,1.2891844511032104,0.6796875,0.703125,0.71875,small,False
brightness/s5,194,0.8821237683296204,0.7978305816650391,0.8821237683296204,0.7978305816650391,large,1.3407518863677979,0.7109375,0.734375,0.7578125,small,False
brightness/s5,195,0.8822388648986816,0.7980453968048096,0.8822388648986816,0.7980453968048096,large,1.0400164127349854,0.703125,0.7578125,0.75,small,False
brightness/s5,196,0.8821744918823242,0.7979059219360352,0.8821744918823242,0.7979059219360352,large,1.0485365390777588,0.6171875,0.640625,0.703125,small,False
brightness/s5,197,0.8821783065795898,0.798007071018219,0.8821783065795898,0.798007071018219,large,1.0768136978149414,0.703125,0.75,0.75,small,False
brightness/s5,198,0.8821401000022888,0.7980173230171204,0.8821401000022888,0.7980173230171204,large,1.042426586151123,0.6953125,0.703125,0.7734375,small,False
brightness/s5,199,0.8820545077323914,0.7981932759284973,0.8820545077323914,0.7981932759284973,large,0.9692692756652832,0.6484375,0.75,0.734375,small,False
brightness/s5,200,0.8820748925209045,0.797914445400238,0.8820748925209045,0.797914445400238,large,1.0261280536651611,0.7265625,0.671875,0.765625,large,True
brightness/s5,201,0.8820152282714844,0.7979120016098022,0.8820152282714844,0.7979120016098022,large,0.9396355748176575,0.6640625,0.671875,0.6953125,small,False
brightness/s5,202,0.8820366263389587,0.7976300120353699,0.8820366263389587,0.7976300120353699,large,0.9628077745437622,0.6796875,0.671875,0.7421875,large,True
brightness/s5,203,0.8821346759796143,0.7975648045539856,0.8821346759796143,0.7975648045539856,large,1.344617247581482,0.71875,0.6953125,0.765625,large,True
brightness/s5,204,0.8820440769195557,0.7974808812141418,0.8820440769195557,0.7974808812141418,large,1.333019733428955,0.6328125,0.7265625,0.7109375,small,False
brightness/s5,205,0.8821640610694885,0.7976422309875488,0.8821640610694885,0.7976422309875488,large,0.907539963722229,0.734375,0.796875,0.765625,small,False
brightness/s5,206,0.882195234298706,0.7975679039955139,0.882195234298706,0.7975679039955139,large,1.296221375465393,0.6640625,0.671875,0.6953125,small,False
brightness/s5,207,0.882240355014801,0.7977698445320129,0.882240355014801,0.7977698445320129,large,1.1587111949920654,0.71875,0.7734375,0.765625,small,False
brightness/s5,208,0.8822693228721619,0.7976357936859131,0.8822693228721619,0.7976357936859131,large,1.0297397375106812,0.6875,0.7421875,0.7421875,small,False
brightness/s5,209,0.8823153972625732,0.7976090312004089,0.8823153972625732,0.7976090312004089,large,0.9170620441436768,0.6484375,0.75,0.7421875,small,False
brightness/s5,210,0.8822492957115173,0.7975406050682068,0.8822492957115173,0.7975406050682068,large,0.9363457560539246,0.6484375,0.7109375,0.703125,small,False
brightness/s5,211,0.8823344111442566,0.7976292371749878,0.8823344111442566,0.7976292371749878,large,1.3007525205612183,0.7109375,0.765625,0.765625,small,False
brightness/s5,212,0.8823732733726501,0.7976731061935425,0.8823732733726501,0.7976731061935425,large,1.035158395767212,0.6875,0.7109375,0.71875,small,False
brightness/s5,213,0.8822993636131287,0.7974154949188232,0.8822993636131287,0.7974154949188232,large,1.3163357973098755,0.6484375,0.625,0.7109375,large,True
brightness/s5,214,0.8823404312133789,0.7971701622009277,0.8823404312133789,0.7971701622009277,large,0.9917246103286743,0.6484375,0.703125,0.703125,small,False
brightness/s5,215,0.8823692202568054,0.7972466945648193,0.8823692202568054,0.7972466945648193,large,0.9380484223365784,0.65625,0.734375,0.7578125,small,False
brightness/s5,216,0.8823304176330566,0.7972161769866943,0.8823304176330566,0.7972161769866943,large,0.9627735614776611,0.5859375,0.6640625,0.625,small,False
brightness/s5,217,0.8823801875114441,0.7972726821899414,0.8823801875114441,0.7972726821899414,large,1.0201516151428223,0.734375,0.78125,0.7890625,small,False
brightness/s5,218,0.8824254274368286,0.7973282337188721,0.8824254274368286,0.7973282337188721,large,0.8956769108772278,0.7578125,0.7578125,0.78125,tie,False
brightness/s5,219,0.8823960423469543,0.7972089052200317,0.8823960423469543,0.7972089052200317,large,1.3435838222503662,0.625,0.703125,0.6640625,small,False
brightness/s5,220,0.8825024962425232,0.7973300814628601,0.8825024962425232,0.7973300814628601,large,0.9328219294548035,0.71875,0.765625,0.7578125,small,False
brightness/s5,221,0.8825191855430603,0.7973888516426086,0.8825191855430603,0.7973888516426086,large,1.0312777757644653,0.71875,0.7421875,0.7890625,small,False
brightness/s5,222,0.8825229406356812,0.7972828149795532,0.8825229406356812,0.7972828149795532,large,0.8912314176559448,0.671875,0.6953125,0.734375,small,False
brightness/s5,223,0.8825678825378418,0.7973420023918152,0.8825678825378418,0.7973420023918152,large,0.942853569984436,0.6796875,0.7109375,0.75,small,False
brightness/s5,224,0.8826597332954407,0.7973880171775818,0.8826597332954407,0.7973880171775818,large,0.956312358379364,0.6640625,0.71875,0.765625,small,False
brightness/s5,225,0.8827258944511414,0.7973356246948242,0.8827258944511414,0.7973356246948242,large,0.9388224482536316,0.671875,0.65625,0.7109375,large,True
brightness/s5,226,0.8827731013298035,0.7973276376724243,0.8827731013298035,0.7973276376724243,large,1.297957181930542,0.671875,0.7421875,0.7421875,small,False
brightness/s5,227,0.8827094435691833,0.7973437309265137,0.8827094435691833,0.7973437309265137,large,1.2708269357681274,0.6796875,0.671875,0.7265625,large,True
brightness/s5,228,0.8827486038208008,0.7974252700805664,0.8827486038208008,0.7974252700805664,large,0.9616355895996094,0.65625,0.7265625,0.671875,small,False
brightness/s5,229,0.882777988910675,0.7974699139595032,0.882777988910675,0.7974699139595032,large,0.9599201083183289,0.6328125,0.65625,0.65625,small,False
brightness/s5,230,0.8827819228172302,0.7974020838737488,0.8827819228172302,0.7974020838737488,large,0.9308878183364868,0.6953125,0.640625,0.734375,large,True
brightness/s5,231,0.8828449249267578,0.797356903553009,0.8828449249267578,0.797356903553009,large,0.9118466377258301,0.671875,0.71875,0.7109375,small,False
brightness/s5,232,0.8828349113464355,0.797260582447052,0.8828349113464355,0.797260582447052,large,0.9129228591918945,0.71875,0.71875,0.7734375,tie,False
brightness/s5,233,0.8827335834503174,0.7971115112304688,0.8827335834503174,0.7971115112304688,large,1.0264135599136353,0.6796875,0.734375,0.703125,small,False
brightness/s5,234,0.8827441334724426,0.7971353530883789,0.8827441334724426,0.7971353530883789,large,1.2897261381149292,0.703125,0.7265625,0.7265625,small,False
brightness/s5,235,0.8826848268508911,0.7971765995025635,0.8826848268508911,0.7971765995025635,large,1.2762601375579834,0.640625,0.7109375,0.7109375,small,False
brightness/s5,236,0.882662832736969,0.7969840168952942,0.882662832736969,0.7969840168952942,large,1.074750304222107,0.6796875,0.6796875,0.71875,tie,False
brightness/s5,237,0.8827023506164551,0.797228991985321,0.8827023506164551,0.797228991985321,large,1.262426733970642,0.6640625,0.7265625,0.703125,small,False
brightness/s5,238,0.882728099822998,0.7972442507743835,0.882728099822998,0.7972442507743835,large,0.9331894516944885,0.703125,0.7578125,0.796875,small,False
brightness/s5,239,0.8827239274978638,0.7972147464752197,0.8827239274978638,0.7972147464752197,large,1.3121949434280396,0.6484375,0.671875,0.6875,small,False
brightness/s5,240,0.8826830983161926,0.7972006797790527,0.8826830983161926,0.7972006797790527,large,0.958739697933197,0.6953125,0.7265625,0.8125,small,False
brightness/s5,241,0.8827583193778992,0.7973448038101196,0.8827583193778992,0.7973448038101196,large,1.168906331062317,0.71875,0.75,0.84375,small,False
brightness/s5,242,0.8827735185623169,0.7974007725715637,0.8827735185623169,0.7974007725715637,large,0.9514444470405579,0.671875,0.75,0.7734375,small,False
brightness/s5,243,0.8828219771385193,0.7972832918167114,0.8828219771385193,0.7972832918167114,large,1.31947922706604,0.6484375,0.6640625,0.7265625,small,False
brightness/s5,244,0.8827434778213501,0.7972275018692017,0.8827434778213501,0.7972275018692017,large,0.9593991637229919,0.6171875,0.625,0.671875,small,False
brightness/s5,245,0.8826907873153687,0.7973395586013794,0.8826907873153687,0.7973395586013794,large,0.8901108503341675,0.65625,0.71875,0.7421875,small,False
brightness/s5,246,0.8828487992286682,0.7974306344985962,0.8828487992286682,0.7974306344985962,large,1.0478649139404297,0.75,0.765625,0.8046875,small,False
brightness/s5,247,0.8829361200332642,0.797503650188446,0.8829361200332642,0.797503650188446,large,1.0090471506118774,0.7109375,0.7734375,0.8125,small,False
brightness/s5,248,0.8829449415206909,0.7974869608879089,0.8829449415206909,0.7974869608879089,large,0.9463655352592468,0.7109375,0.6953125,0.734375,large,True
brightness/s5,249,0.8830022811889648,0.7975621223449707,0.8830022811889648,0.7975621223449707,large,0.984373152256012,0.65625,0.703125,0.734375,small,False
brightness/s5,250,0.8830376863479614,0.797684371471405,0.8830376863479614,0.797684371471405,large,1.3211686611175537,0.703125,0.65625,0.7421875,large,True
brightness/s5,251,0.8830044269561768,0.797609269618988,0.8830044269561768,0.797609269618988,large,1.1511331796646118,0.6328125,0.6640625,0.6796875,small,False
brightness/s5,252,0.8830671310424805,0.797590970993042,0.8830671310424805,0.797590970993042,large,0.952893853187561,0.7421875,0.7578125,0.78125,small,False
brightness/s5,253,0.8830915689468384,0.7975483536720276,0.8830915689468384,0.7975483536720276,large,1.2764310836791992,0.65625,0.6796875,0.7109375,small,False
brightness/s5,254,0.8831126093864441,0.7975916266441345,0.8831126093864441,0.7975916266441345,large,0.9899320006370544,0.6875,0.6953125,0.7421875,small,False
brightness/s5,255,0.8831149339675903,0.7976263761520386,0.8831149339675903,0.7976263761520386,large,0.9690632224082947,0.671875,0.7421875,0.7421875,small,False
brightness/s5,256,0.8831146955490112,0.7977253794670105,0.8831146955490112,0.7977253794670105,large,1.043646216392517,0.7421875,0.71875,0.765625,large,True
brightness/s5,257,0.8830595016479492,0.7977057695388794,0.8830595016479492,0.7977057695388794,large,1.3400871753692627,0.65625,0.7265625,0.6953125,small,False
brightness/s5,258,0.8830299973487854,0.7975078225135803,0.8830299973487854,0.7975078225135803,large,0.9548073410987854,0.6796875,0.65625,0.7421875,large,True
brightness/s5,259,0.8830613493919373,0.7975580096244812,0.8830613493919373,0.7975580096244812,large,1.037576675415039,0.6640625,0.703125,0.71875,small,False
brightness/s5,260,0.8830655217170715,0.7975360751152039,0.8830655217170715,0.7975360751152039,large,0.9829941987991333,0.6328125,0.65625,0.671875,small,False
brightness/s5,261,0.8830685019493103,0.7975481748580933,0.8830685019493103,0.7975481748580933,large,0.9506011605262756,0.6875,0.7421875,0.765625,small,False
brightness/s5,262,0.8831302523612976,0.7976049184799194,0.8831302523612976,0.7976049184799194,large,1.0127993822097778,0.671875,0.6328125,0.703125,large,True
brightness/s5,263,0.8832321166992188,0.7976894974708557,0.8832321166992188,0.7976894974708557,large,0.9773595333099365,0.7421875,0.796875,0.7734375,small,False
brightness/s5,264,0.8832942247390747,0.7977522015571594,0.8832942247390747,0.7977522015571594,large,1.3385982513427734,0.6953125,0.6953125,0.734375,tie,False
brightness/s5,265,0.8833186626434326,0.797805666923523,0.8833186626434326,0.797805666923523,large,1.037670373916626,0.671875,0.6953125,0.7109375,small,False
brightness/s5,266,0.8832678198814392,0.7978864312171936,0.8832678198814392,0.7978864312171936,large,1.0098841190338135,0.6484375,0.703125,0.703125,small,False
brightness/s5,267,0.8832927942276001,0.7978768348693848,0.8832927942276001,0.7978768348693848,large,0.9378997087478638,0.625,0.71875,0.7578125,small,False
brightness/s5,268,0.8833608627319336,0.7979253530502319,0.8833608627319336,0.7979253530502319,large,1.3299908638000488,0.6796875,0.734375,0.734375,small,False
brightness/s5,269,0.8833605051040649,0.7979761958122253,0.8833605051040649,0.7979761958122253,large,0.9161704778671265,0.6796875,0.7265625,0.7578125,small,False
brightness/s5,270,0.8834335803985596,0.7980902194976807,0.8834335803985596,0.7980902194976807,large,1.0384856462478638,0.734375,0.78125,0.8203125,small,False
brightness/s5,271,0.8834673166275024,0.7979943752288818,0.8834673166275024,0.7979943752288818,large,0.9114134311676025,0.7265625,0.7265625,0.734375,tie,False
brightness/s5,272,0.8834887146949768,0.7978641390800476,0.8834887146949768,0.7978641390800476,large,0.9504465460777283,0.71875,0.625,0.703125,large,True
brightness/s5,273,0.8835433125495911,0.7978573441505432,0.8835433125495911,0.7978573441505432,large,1.0785380601882935,0.6484375,0.6875,0.7265625,small,False
brightness/s5,274,0.8835353255271912,0.7979598045349121,0.8835353255271912,0.7979598045349121,large,1.026567816734314,0.6796875,0.6875,0.7265625,small,False
brightness/s5,275,0.8835322856903076,0.7979151606559753,0.8835322856903076,0.7979151606559753,large,0.9746462106704712,0.7421875,0.7109375,0.7578125,large,True
brightness/s5,276,0.8835563659667969,0.7978972792625427,0.8835563659667969,0.7978972792625427,large,0.9519755840301514,0.640625,0.671875,0.6953125,small,False
brightness/s5,277,0.8836584687232971,0.7980722188949585,0.8836584687232971,0.7980722188949585,large,0.9893344640731812,0.703125,0.8046875,0.84375,small,False
brightness/s5,278,0.8837012648582458,0.7981189489364624,0.8837012648582458,0.7981189489364624,large,1.2725026607513428,0.6875,0.6875,0.765625,tie,False
brightness/s5,279,0.8837549686431885,0.7980690002441406,0.8837549686431885,0.7980690002441406,large,1.0164300203323364,0.734375,0.7890625,0.828125,small,False
brightness/s5,280,0.8836989402770996,0.7979919910430908,0.8836989402770996,0.7979919910430908,large,1.1604888439178467,0.6484375,0.6484375,0.703125,tie,False
brightness/s5,281,0.8837239742279053,0.7980698943138123,0.8837239742279053,0.7980698943138123,large,1.1867283582687378,0.6875,0.75,0.765625,small,False
brightness/s5,282,0.8838292360305786,0.7982768416404724,0.8838292360305786,0.7982768416404724,large,1.232577919960022,0.7578125,0.765625,0.7890625,small,False
brightness/s5,283,0.8838648200035095,0.7983199954032898,0.8838648200035095,0.7983199954032898,large,1.0949255228042603,0.6640625,0.7265625,0.7109375,small,False
brightness/s5,284,0.8838624358177185,0.7983092069625854,0.8838624358177185,0.7983092069625854,large,1.0043449401855469,0.7109375,0.7109375,0.75,tie,False
brightness/s5,285,0.883895754814148,0.7982723116874695,0.883895754814148,0.7982723116874695,large,1.3100028038024902,0.6640625,0.7109375,0.6953125,small,False
brightness/s5,286,0.8838521838188171,0.7982696890830994,0.8838521838188171,0.7982696890830994,large,1.2729225158691406,0.6796875,0.6875,0.734375,small,False
brightness/s5,287,0.8839128613471985,0.7983205914497375,0.8839128613471985,0.7983205914497375,large,0.9510666131973267,0.703125,0.6953125,0.7578125,large,True
brightness/s5,288,0.8839304447174072,0.798356294631958,0.8839304447174072,0.798356294631958,large,0.9498812556266785,0.6953125,0.7265625,0.7734375,small,False
brightness/s5,289,0.8839226961135864,0.7984370589256287,0.8839226961135864,0.7984370589256287,large,1.0645439624786377,0.7109375,0.7109375,0.75,tie,False
brightness/s5,290,0.8839534521102905,0.7985502481460571,0.8839534521102905,0.7985502481460571,large,0.9206417202949524,0.6875,0.703125,0.703125,small,False
brightness/s5,291,0.8840631246566772,0.7986606955528259,0.8840631246566772,0.7986606955528259,large,0.9455534815788269,0.765625,0.8046875,0.796875,small,False
brightness/s5,292,0.8840972781181335,0.7987522482872009,0.8840972781181335,0.7987522482872009,large,0.9880794286727905,0.6953125,0.78125,0.765625,small,False
brightness/s5,293,0.8840778470039368,0.7987578511238098,0.8840778470039368,0.7987578511238098,large,0.9623291492462158,0.734375,0.65625,0.765625,large,True
brightness/s5,294,0.8840439319610596,0.7985972166061401,0.8840439319610596,0.7985972166061401,large,0.9288468360900879,0.6484375,0.640625,0.6953125,large,True
brightness/s5,295,0.8840840458869934,0.7984746694564819,0.8840840458869934,0.7984746694564819,large,0.963577389717102,0.6171875,0.6796875,0.6484375,small,False
brightness/s5,296,0.8840298652648926,0.7984222769737244,0.8840298652648926,0.7984222769737244,large,0.9750341176986694,0.671875,0.671875,0.7421875,tie,False
brightness/s5,297,0.884006679058075,0.7984447479248047,0.884006679058075,0.7984447479248047,large,1.207628607749939,0.5859375,0.6796875,0.6875,small,False
brightness/s5,298,0.8840072751045227,0.7983646988868713,0.8840072751045227,0.7983646988868713,large,1.0218687057495117,0.703125,0.71875,0.7578125,small,False
brightness/s5,299,0.8840200304985046,0.7982599139213562,0.8840200304985046,0.7982599139213562,large,0.9330251216888428,0.6796875,0.6796875,0.765625,tie,False
brightness/s5,300,0.884029746055603,0.7982251048088074,0.884029746055603,0.7982251048088074,large,1.22361159324646,0.6640625,0.71875,0.7421875,small,False
brightness/s5,301,0.8839510083198547,0.7982315421104431,0.8839510083198547,0.7982315421104431,large,0.9159671664237976,0.65625,0.6796875,0.703125,small,False
brightness/s5,302,0.8839425444602966,0.7981710433959961,0.8839425444602966,0.7981710433959961,large,0.9722492694854736,0.6640625,0.671875,0.6796875,small,False
brightness/s5,303,0.8839225172996521,0.7982338666915894,0.8839225172996521,0.7982338666915894,large,0.9544468522071838,0.6796875,0.7421875,0.75,small,False
brightness/s5,304,0.8840063214302063,0.7982770204544067,0.8840063214302063,0.7982770204544067,large,1.0685992240905762,0.671875,0.671875,0.734375,tie,False
brightness/s5,305,0.8839852213859558,0.7982969284057617,0.8839852213859558,0.7982969284057617,large,1.0168389081954956,0.7109375,0.71875,0.765625,small,False
brightness/s5,306,0.8840161561965942,0.7984023094177246,0.8840161561965942,0.7984023094177246,large,1.1781716346740723,0.7265625,0.6796875,0.7265625,large,True
brightness/s5,307,0.8841118216514587,0.7984479665756226,0.8841118216514587,0.7984479665756226,large,1.3447279930114746,0.7265625,0.7265625,0.7734375,tie,False
brightness/s5,308,0.8841980695724487,0.798561692237854,0.8841980695724487,0.798561692237854,large,1.1387138366699219,0.71875,0.765625,0.7578125,small,False
brightness/s5,309,0.8842878937721252,0.7986688613891602,0.8842878937721252,0.7986688613891602,large,0.9467805027961731,0.7890625,0.765625,0.8125,large,True
brightness/s5,310,0.8842584490776062,0.7985918521881104,0.8842584490776062,0.7985918521881104,large,0.9176755547523499,0.7109375,0.78125,0.8125,small,False
brightness/s5,311,0.8842747807502747,0.7985717058181763,0.8842747807502747,0.7985717058181763,large,0.9636749625205994,0.7265625,0.71875,0.78125,large,True
brightness/s5,312,0.8842177391052246,0.7985785603523254,0.8842177391052246,0.7985785603523254,large,1.343807339668274,0.71875,0.75,0.765625,small,False
brightness/s5,313,0.8841872811317444,0.7985308766365051,0.8841872811317444,0.7985308766365051,large,1.0174764394760132,0.625,0.6796875,0.671875,small,False
brightness/s5,314,0.8841652274131775,0.7985601425170898,0.8841652274131775,0.7985601425170898,large,1.2299928665161133,0.6484375,0.6484375,0.6953125,tie,False
brightness/s5,315,0.884179949760437,0.7985438108444214,0.884179949760437,0.7985438108444214,large,0.9232762455940247,0.6171875,0.65625,0.7109375,small,False
brightness/s5,316,0.8841595649719238,0.7985764741897583,0.8841595649719238,0.7985764741897583,large,0.9437118172645569,0.671875,0.703125,0.7109375,small,False
brightness/s5,317,0.8841942548751831,0.7985753417015076,0.8841942548751831,0.7985753417015076,large,1.0506473779678345,0.6328125,0.703125,0.734375,small,False
brightness/s5,318,0.8841650485992432,0.7984730005264282,0.8841650485992432,0.7984730005264282,large,1.3029625415802002,0.671875,0.640625,0.6796875,large,True
brightness/s5,319,0.884200930595398,0.7984328269958496,0.884200930595398,0.7984328269958496,large,0.9855557680130005,0.6875,0.671875,0.7265625,large,True
brightness/s5,320,0.884215235710144,0.7983099818229675,0.884215235710144,0.7983099818229675,large,1.3388420343399048,0.609375,0.65625,0.65625,small,False
brightness/s5,321,0.8841833472251892,0.7983145713806152,0.8841833472251892,0.7983145713806152,large,0.9077333807945251,0.7265625,0.7265625,0.8046875,tie,False
brightness/s5,322,0.8842308521270752,0.7983697056770325,0.8842308521270752,0.7983697056770325,large,1.037635087966919,0.7421875,0.7578125,0.7890625,small,False
brightness/s5,323,0.8842566609382629,0.7983424663543701,0.8842566609382629,0.7983424663543701,large,0.9744301438331604,0.6875,0.7421875,0.7578125,small,False
brightness/s5,324,0.8841781616210938,0.7983699440956116,0.8841781616210938,0.7983699440956116,large,0.9605449438095093,0.6015625,0.640625,0.6796875,small,False
brightness/s5,325,0.8841566443443298,0.7982869744300842,0.8841566443443298,0.7982869744300842,large,1.0779825448989868,0.6015625,0.609375,0.671875,small,False
brightness/s5,326,0.8841730952262878,0.7983594536781311,0.8841730952262878,0.7983594536781311,large,1.3463037014007568,0.6796875,0.703125,0.75,small,False
brightness/s5,327,0.8841568231582642,0.7983227372169495,0.8841568231582642,0.7983227372169495,large,1.3465349674224854,0.734375,0.703125,0.75,large,True
brightness/s5,328,0.8841991424560547,0.7983351349830627,0.8841991424560547,0.7983351349830627,large,1.111417531967163,0.71875,0.7265625,0.7578125,small,False
brightness/s5,329,0.884178876876831,0.79814612865448,0.884178876876831,0.79814612865448,large,0.9777749180793762,0.6171875,0.6171875,0.65625,tie,False
brightness/s5,330,0.884192168712616,0.7980253100395203,0.884192168712616,0.7980253100395203,large,0.9352231621742249,0.65625,0.671875,0.671875,small,False
brightness/s5,331,0.8842673301696777,0.798239529132843,0.8842673301696777,0.798239529132843,large,1.288075566291809,0.75,0.8125,0.8046875,small,False
brightness/s5,332,0.8842699527740479,0.7982444167137146,0.8842699527740479,0.7982444167137146,large,0.9450591206550598,0.65625,0.71875,0.734375,small,False
brightness/s5,333,0.8842892646789551,0.7982812523841858,0.8842892646789551,0.7982812523841858,large,1.3285613059997559,0.6796875,0.6484375,0.71875,large,True
brightness/s5,334,0.884318470954895,0.7982995510101318,0.884318470954895,0.7982995510101318,large,1.3164234161376953,0.6328125,0.703125,0.6796875,small,False
brightness/s5,335,0.8844008445739746,0.7983556389808655,0.8844008445739746,0.7983556389808655,large,1.2893644571304321,0.703125,0.6796875,0.75,large,True
brightness/s5,336,0.8843888640403748,0.7983651757240295,0.8843888640403748,0.7983651757240295,large,1.0369559526443481,0.6640625,0.6875,0.7265625,small,False
brightness/s5,337,0.8843940496444702,0.7983651757240295,0.8843940496444702,0.7983651757240295,large,1.2553164958953857,0.6484375,0.6796875,0.6953125,small,False
brightness/s5,338,0.8844587206840515,0.7984544634819031,0.8844587206840515,0.7984544634819031,large,1.0369062423706055,0.7265625,0.703125,0.7578125,large,True
brightness/s5,339,0.8844060301780701,0.7984956502914429,0.8844060301780701,0.7984956502914429,large,1.0555609464645386,0.640625,0.6875,0.7265625,small,False
brightness/s5,340,0.8843982219696045,0.7985422611236572,0.8843982219696045,0.7985422611236572,large,1.0324314832687378,0.671875,0.75,0.75,small,False
brightness/s5,341,0.8844039440155029,0.7985589504241943,0.8844039440155029,0.7985589504241943,large,1.1140711307525635,0.6796875,0.6796875,0.7109375,tie,False
brightness/s5,342,0.8844019174575806,0.7986449003219604,0.8844019174575806,0.7986449003219604,large,1.3219698667526245,0.6953125,0.78125,0.78125,small,False
brightness/s5,343,0.8844243288040161,0.7986255288124084,0.8844243288040161,0.7986255288124084,large,0.9119565486907959,0.703125,0.6875,0.7578125,large,True
brightness/s5,344,0.8844017386436462,0.7986244559288025,0.8844017386436462,0.7986244559288025,large,1.0586258172988892,0.6875,0.6953125,0.7265625,small,False
brightness/s5,345,0.8844720125198364,0.7986763715744019,0.8844720125198364,0.7986763715744019,large,1.341686725616455,0.6640625,0.7109375,0.7109375,small,False
brightness/s5,346,0.8844809532165527,0.798747181892395,0.8844809532165527,0.798747181892395,large,0.9590787887573242,0.671875,0.734375,0.71875,small,False
brightness/s5,347,0.8845259547233582,0.7987326383590698,0.8845259547233582,0.7987326383590698,large,1.2284698486328125,0.6953125,0.7734375,0.7265625,small,False
brightness/s5,348,0.8845409750938416,0.7987845540046692,0.8845409750938416,0.7987845540046692,large,0.9710571765899658,0.6796875,0.703125,0.7265625,small,False
brightness/s5,349,0.8845912218093872,0.7988316416740417,0.8845912218093872,0.7988316416740417,large,1.2118343114852905,0.6953125,0.671875,0.71875,large,True
brightness/s5,350,0.8845954537391663,0.7989000082015991,0.8845954537391663,0.7989000082015991,large,1.0802565813064575,0.6953125,0.7421875,0.75,small,False
brightness/s5,351,0.8845436573028564,0.798848569393158,0.8845436573028564,0.798848569393158,large,1.3204665184020996,0.6484375,0.671875,0.6953125,small,False
brightness/s5,352,0.8844525218009949,0.7987434267997742,0.8844525218009949,0.7987434267997742,large,1.3527905941009521,0.6328125,0.671875,0.6953125,small,False
brightness/s5,353,0.8845158219337463,0.7988322377204895,0.8845158219337463,0.7988322377204895,large,1.3336687088012695,0.703125,0.734375,0.75,small,False
brightness/s5,354,0.8845536708831787,0.7988832592964172,0.8845536708831787,0.7988832592964172,large,0.9125750660896301,0.7421875,0.7734375,0.8359375,small,False
brightness/s5,355,0.8845427632331848,0.7989403009414673,0.8845427632331848,0.7989403009414673,large,0.993921160697937,0.640625,0.671875,0.703125,small,False
brightness/s5,356,0.8845691680908203,0.7990124821662903,0.8845691680908203,0.7990124821662903,large,1.2395144701004028,0.671875,0.6875,0.7265625,small,False
brightness/s5,357,0.8845239877700806,0.799000084400177,0.8845239877700806,0.799000084400177,large,0.9369458556175232,0.6875,0.7109375,0.734375,small,False
brightness/s5,358,0.8845595717430115,0.7991060018539429,0.8845595717430115,0.7991060018539429,large,1.3180278539657593,0.71875,0.734375,0.75,small,False
brightness/s5,359,0.8845993280410767,0.7991337180137634,0.8845993280410767,0.7991337180137634,large,1.00384521484375,0.6953125,0.6953125,0.75,tie,False
brightness/s5,360,0.8845547437667847,0.7990276217460632,0.8845547437667847,0.7990276217460632,large,0.9515967965126038,0.6484375,0.703125,0.6875,small,False
brightness/s5,361,0.8845949769020081,0.7991242408752441,0.8845949769020081,0.7991242408752441,large,1.3140473365783691,0.75,0.6953125,0.75,large,True
brightness/s5,362,0.8846237659454346,0.7991772890090942,0.8846237659454346,0.7991772890090942,large,1.271281361579895,0.703125,0.78125,0.765625,small,False
brightness/s5,363,0.8847142457962036,0.7992483377456665,0.8847142457962036,0.7992483377456665,large,1.035491943359375,0.7265625,0.765625,0.7734375,small,False
brightness/s5,364,0.884760856628418,0.7991693615913391,0.884760856628418,0.7991693615913391,large,0.9678833484649658,0.7265625,0.7109375,0.75,large,True
brightness/s5,365,0.8847633600234985,0.7990527749061584,0.8847633600234985,0.7990527749061584,large,0.8963080048561096,0.6953125,0.6875,0.7578125,large,True
brightness/s5,366,0.8847506046295166,0.7990825176239014,0.8847506046295166,0.7990825176239014,large,0.9203773140907288,0.671875,0.7421875,0.765625,small,False
brightness/s5,367,0.8847510814666748,0.7991063594818115,0.8847510814666748,0.7991063594818115,large,0.9174844622612,0.71875,0.71875,0.796875,tie,False
brightness/s5,368,0.8847587704658508,0.7990982532501221,0.8847587704658508,0.7990982532501221,large,0.8794485926628113,0.6484375,0.6953125,0.7265625,small,False
brightness/s5,369,0.8847810626029968,0.7990900874137878,0.8847810626029968,0.7990900874137878,large,1.0304198265075684,0.640625,0.6875,0.6875,small,False
brightness/s5,370,0.8848531246185303,0.799205482006073,0.8848531246185303,0.799205482006073,large,1.3426311016082764,0.734375,0.71875,0.7578125,large,True
brightness/s5,371,0.8848132491111755,0.7991917729377747,0.8848132491111755,0.7991917729377747,large,0.9804540872573853,0.640625,0.703125,0.7265625,small,False
brightness/s5,372,0.8847866058349609,0.7992407083511353,0.8847866058349609,0.7992407083511353,large,0.9626139998435974,0.65625,0.703125,0.7421875,small,False
brightness/s5,373,0.8848180770874023,0.7992688417434692,0.8848180770874023,0.7992688417434692,large,0.959413468837738,0.6875,0.6875,0.7421875,tie,False
brightness/s5,374,0.8848031163215637,0.7992636561393738,0.8848031163215637,0.7992636561393738,large,1.0146102905273438,0.671875,0.6640625,0.703125,large,True
brightness/s5,375,0.8847951889038086,0.7992663979530334,0.8847951889038086,0.7992663979530334,large,1.0500373840332031,0.6875,0.7109375,0.734375,small,False
brightness/s5,376,0.8848193287849426,0.7992767095565796,0.8848193287849426,0.7992767095565796,large,0.9191948175430298,0.6328125,0.65625,0.75,small,False
brightness/s5,377,0.8848206400871277,0.7992261052131653,0.8848206400871277,0.7992261052131653,large,1.3478660583496094,0.6640625,0.7421875,0.7421875,small,False
brightness/s5,378,0.8847742676734924,0.7992624640464783,0.8847742676734924,0.7992624640464783,large,1.219380259513855,0.671875,0.71875,0.765625,small,False
brightness/s5,379,0.8847848773002625,0.7993099093437195,0.8847848773002625,0.7993099093437195,large,0.9330400228500366,0.7265625,0.71875,0.7734375,large,True
brightness/s5,380,0.8848124742507935,0.7993608713150024,0.8848124742507935,0.7993608713150024,large,1.3310033082962036,0.7421875,0.7734375,0.8125,small,False
brightness/s5,381,0.884825587272644,0.7994005680084229,0.884825587272644,0.7994005680084229,large,1.3383818864822388,0.6484375,0.6640625,0.6875,small,False
brightness/s5,382,0.8847891092300415,0.7993552684783936,0.8847891092300415,0.7993552684783936,large,1.343190312385559,0.71875,0.7265625,0.78125,small,False
brightness/s5,383,0.8848292231559753,0.7993304133415222,0.8848292231559753,0.7993304133415222,large,0.9607775807380676,0.6875,0.71875,0.75,small,False
brightness/s5,384,0.8848179578781128,0.7994433641433716,0.8848179578781128,0.7994433641433716,large,1.206178903579712,0.6875,0.8046875,0.7890625,small,False
brightness/s5,385,0.8848799467086792,0.799447774887085,0.8848799467086792,0.799447774887085,large,1.1378940343856812,0.7265625,0.734375,0.7578125,small,False
brightness/s5,386,0.8848960995674133,0.7995039820671082,0.8848960995674133,0.7995039820671082,large,0.9201586842536926,0.6796875,0.7578125,0.7421875,small,False
brightness/s5,387,0.8848834037780762,0.7995012998580933,0.8848834037780762,0.7995012998580933,large,1.2446284294128418,0.6953125,0.6640625,0.7265625,large,True
brightness/s5,388,0.8849102854728699,0.7995144724845886,0.8849102854728699,0.7995144724845886,large,1.201714277267456,0.6796875,0.75,0.765625,small,False
brightness/s5,389,0.8847749829292297,0.7994080185890198,0.8847749829292297,0.7994080185890198,large,0.9674095511436462,0.5625,0.625,0.640625,small,False
brightness/s5,390,0.8847054839134216,0.799271285533905,0.8847054839134216,0.799271285533905,large,1.0811854600906372,0.625,0.7265625,0.7578125,small,False
brightness/s5,391,0.8847020864486694,0.7992613911628723,0.8847020864486694,0.7992613911628723,large,0.9880645275115967,0.637499988079071,0.737500011920929,0.737500011920929,small,False
contrast/s5,392,0.1998465210199356,0.24903881549835205,0.1998465210199356,0.24903881549835205,small,1.4789959192276,0.1484375,0.1796875,0.265625,small,True
contrast/s5,393,0.16995228826999664,0.23341183364391327,0.16995228826999664,0.23341183364391327,small,1.482244610786438,0.1328125,0.1875,0.2578125,small,True
contrast/s5,394,0.16885092854499817,0.22675888240337372,0.16885092854499817,0.22675888240337372,small,1.477260708808899,0.1953125,0.28125,0.3359375,small,True
contrast/s5,395,0.16625475883483887,0.23048880696296692,0.16625475883483887,0.23048880696296692,small,1.4193577766418457,0.234375,0.203125,0.375,large,False
contrast/s5,396,0.15997512638568878,0.22187864780426025,0.15997512638568878,0.22187864780426025,small,1.4523406028747559,0.15625,0.234375,0.34375,small,True
contrast/s5,397,0.15283963084220886,0.21650585532188416,0.15283963084220886,0.21650585532188416,small,1.4751683473587036,0.1875,0.2109375,0.3203125,small,True
contrast/s5,398,0.146463081240654,0.20949313044548035,0.146463081240654,0.20949313044548035,small,1.4686545133590698,0.2265625,0.1953125,0.3203125,large,False
contrast/s5,399,0.1442233771085739,0.20453859865665436,0.1442233771085739,0.20453859865665436,small,1.468346357345581,0.21875,0.2265625,0.390625,small,True
contrast/s5,400,0.14720633625984192,0.21148566901683807,0.14720633625984192,0.21148566901683807,small,1.4547520875930786,0.1796875,0.203125,0.3125,small,True
contrast/s5,401,0.15160897374153137,0.21682536602020264,0.15160897374153137,0.21682536602020264,small,1.4634469747543335,0.1640625,0.2109375,0.34375,small,True
contrast/s5,402,0.15520857274532318,0.22301693260669708,0.15520857274532318,0.22301693260669708,small,1.4479308128356934,0.203125,0.2265625,0.359375,small,True
contrast/s5,403,0.15896862745285034,0.2256910502910614,0.15896862745285034,0.2256910502910614,small,1.446044683456421,0.1875,0.2109375,0.3515625,small,True
contrast/s5,404,0.16115833818912506,0.2294747233390808,0.16115833818912506,0.2294747233390808,small,1.4590284824371338,0.1875,0.234375,0.3203125,small,True
contrast/s5,405,0.16429470479488373,0.2328505516052246,0.16429470479488373,0.2328505516052246,small,1.4617232084274292,0.1484375,0.1953125,0.3046875,small,True
contrast/s5,406,0.16905474662780762,0.23635761439800262,0.16905474662780762,0.23635761439800262,small,1.4274930953979492,0.2578125,0.2265625,0.390625,large,False
contrast/s5,407,0.17129705846309662,0.2384057492017746,0.17129705846309662,0.2384057492017746,small,1.4718316793441772,0.1875,0.2578125,0.3046875,small,True
contrast/s5,408,0.17543044686317444,0.24165432155132294,0.17543044686317444,0.24165432155132294,small,1.4595012664794922,0.171875,0.28125,0.3828125,small,True
contrast/s5,409,0.17762216925621033,0.24267594516277313,0.17762216925621033,0.24267594516277313,small,1.4742670059204102,0.1875,0.1796875,0.296875,large,False
contrast/s5,410,0.17917278409004211,0.2451488971710205,0.17917278409004211,0.2451488971710205,small,1.4969770908355713,0.2421875,0.25,0.34375,small,True
contrast/s5,411,0.18126767873764038,0.2475614994764328,0.18126767873764038,0.2475614994764328,small,1.4149234294891357,0.1953125,0.21875,0.3359375,small,True
contrast/s5,412,0.18120084702968597,0.24962614476680756,0.18120084702968597,0.24962614476680756,small,1.4721741676330566,0.1640625,0.2109375,0.3125,small,True
contrast/s5,413,0.1834762990474701,0.25207430124282837,0.1834762990474701,0.25207430124282837,small,1.4737156629562378,0.21875,0.1875,0.265625,large,False
contrast/s5,414,0.18506494164466858,0.25295573472976685,0.18506494164466858,0.25295573472976685,small,1.4613347053527832,0.1640625,0.21875,0.3125,small,True
contrast/s5,415,0.1864362359046936,0.2535807490348816,0.1864362359046936,0.2535807490348816,small,1.4382795095443726,0.1484375,0.171875,0.2578125,small,True
contrast/s5,416,0.18898214399814606,0.2564449608325958,0.18898214399814606,0.2564449608325958,small,1.4674912691116333,0.2109375,0.28125,0.375,small,True
contrast/s5,417,0.19128884375095367,0.25800907611846924,0.19128884375095367,0.25800907611846924,small,1.4554921388626099,0.21875,0.2890625,0.390625,small,True
contrast/s5,418,0.19305047392845154,0.2605054974555969,0.19305047392845154,0.2605054974555969,small,1.4323922395706177,0.2109375,0.265625,0.3515625,small,True
contrast/s5,419,0.1947668045759201,0.26275330781936646,0.1947668045759201,0.26275330781936646,small,1.4454758167266846,0.25,0.234375,0.3515625,large,False
contrast/s5,420,0.19512872397899628,0.26397866010665894,0.19512872397899628,0.26397866010665894,small,1.4246435165405273,0.171875,0.1875,0.3125,small,True
contrast/s5,421,0.1958654522895813,0.2661392390727997,0.1958654522895813,0.2661392390727997,small,1.4303539991378784,0.203125,0.265625,0.4453125,small,True
contrast/s5,422,0.1960301548242569,0.2675250172615051,0.1960301548242569,0.2675250172615051,small,1.4702221155166626,0.1484375,0.2265625,0.359375,small,True
contrast/s5,423,0.1969100832939148,0.2683562636375427,0.1969100832939148,0.2683562636375427,small,1.4467018842697144,0.2265625,0.265625,0.4140625,small,True
contrast/s5,424,0.19714954495429993,0.2695924639701843,0.19714954495429993,0.2695924639701843,small,1.4643057584762573,0.109375,0.2421875,0.3046875,small,True
contrast/s5,425,0.19878892600536346,0.27073153853416443,0.19878892600536346,0.27073153853416443,small,1.4596307277679443,0.2265625,0.2109375,0.3203125,large,False
contrast/s5,426,0.19959840178489685,0.2721196413040161,0.19959840178489685,0.2721196413040161,small,1.4465299844741821,0.1640625,0.2421875,0.2890625,small,True
contrast/s5,427,0.2004242092370987,0.27342650294303894,0.2004242092370987,0.27342650294303894,small,1.4531892538070679,0.2109375,0.2265625,0.3046875,small,True
contrast/s5,428,0.2019132524728775,0.2737794816493988,0.2019132524728775,0.2737794816493988,small,1.4097380638122559,0.25,0.265625,0.375,small,True
contrast/s5,429,0.20270128548145294,0.27394571900367737,0.20270128548145294,0.27394571900367737,small,1.480736255645752,0.1875,0.2578125,0.375,small,True
contrast/s5,430,0.2036401778459549,0.27448683977127075,0.2036401778459549,0.27448683977127075,small,1.4765589237213135,0.15625,0.234375,0.328125,small,True
contrast/s5,431,0.20421689748764038,0.27455058693885803,0.20421689748764038,0.27455058693885803,small,1.4512931108474731,0.1484375,0.1953125,0.3125,small,True
contrast/s5,432,0.20590338110923767,0.27591967582702637,0.20590338110923767,0.27591967582702637,small,1.4517408609390259,0.1953125,0.21875,0.3046875,small,True
contrast/s5,433,0.2066083699464798,0.27695128321647644,0.2066083699464798,0.27695128321647644,small,1.4714157581329346,0.1640625,0.203125,0.2890625,small,True
contrast/s5,434,0.20694226026535034,0.2775270342826843,0.20694226026535034,0.2775270342826843,small,1.4611172676086426,0.171875,0.21875,0.296875,small,True
contrast/s5,435,0.20747332274913788,0.27854254841804504,0.20747332274913788,0.27854254841804504,small,1.4580857753753662,0.1953125,0.2578125,0.28125,small,True
contrast/s5,436,0.2069595605134964,0.2793295979499817,0.2069595605134964,0.2793295979499817,small,1.481127381324768,0.1328125,0.2109375,0.2734375,small,True
contrast/s5,437,0.20783376693725586,0.2806044816970825,0.20783376693725586,0.2806044816970825,small,1.4285175800323486,0.171875,0.2578125,0.34375,small,True
contrast/s5,438,0.2083166092634201,0.2810099422931671,0.2083166092634201,0.2810099422931671,small,1.468907356262207,0.1953125,0.203125,0.3125,small,True
contrast/s5,439,0.20805321633815765,0.2816157937049866,0.20805321633815765,0.2816157937049866,small,1.4663898944854736,0.1640625,0.2109375,0.3125,small,True
contrast/s5,440,0.2077815681695938,0.28075921535491943,0.2077815681695938,0.28075921535491943,small,1.4747761487960815,0.1015625,0.1953125,0.2890625,small,True
contrast/s5,441,0.20852065086364746,0.2804882824420929,0.20852065086364746,0.2804882824420929,small,1.4449135065078735,0.203125,0.1875,0.375,large,False
contrast/s5,442,0.20933812856674194,0.28132304549217224,0.20933812856674194,0.28132304549217224,small,1.4589731693267822,0.21875,0.2421875,0.3046875,small,True
contrast/s5,443,0.21046866476535797,0.2817164957523346,0.21046866476535797,0.2817164957523346,small,1.4241626262664795,0.1640625,0.203125,0.328125,small,True
contrast/s5,444,0.21037423610687256,0.2818194627761841,0.21037423610687256,0.2818194627761841,small,1.4693729877471924,0.171875,0.2578125,0.3203125,small,True
contrast/s5,445,0.21100682020187378,0.2814437747001648,0.21100682020187378,0.2814437747001648,small,1.48530912399292,0.1875,0.1875,0.296875,tie,False
contrast/s5,446,0.2115355283021927,0.28235459327697754,0.2115355283021927,0.28235459327697754,small,1.427233338356018,0.203125,0.28125,0.3828125,small,True
contrast/s5,447,0.21182280778884888,0.28174394369125366,0.21182280778884888,0.28174394369125366,small,1.4253660440444946,0.1640625,0.203125,0.296875,small,True
contrast/s5,448,0.21200518310070038,0.282155305147171,0.21200518310070038,0.282155305147171,small,1.474256157875061,0.2109375,0.21875,0.3046875,small,True
contrast/s5,449,0.2118605077266693,0.28212419152259827,0.2118605077266693,0.28212419152259827,small,1.4620031118392944,0.1796875,0.2421875,0.3125,small,True
contrast/s5,450,0.21207469701766968,0.28251540660858154,0.21207469701766968,0.28251540660858154,small,1.4037723541259766,0.171875,0.25,0.2890625,small,True
contrast/s5,451,0.21282778680324554,0.2834305763244629,0.21282778680324554,0.2834305763244629,small,1.4494975805282593,0.1953125,0.2578125,0.3203125,small,True
contrast/s5,452,0.2129397690296173,0.2833249270915985,0.2129397690296173,0.2833249270915985,small,1.4782328605651855,0.1640625,0.234375,0.34375,small,True
contrast/s5,453,0.21345879137516022,0.2832579016685486,0.21345879137516022,0.2832579016685486,small,1.423377275466919,0.1640625,0.203125,0.2890625,small,True
contrast/s5,454,0.21373121440410614,0.28373804688453674,0.21373121440410614,0.28373804688453674,small,1.4761431217193604,0.1796875,0.2421875,0.3828125,small,True
contrast/s5,455,0.21427401900291443,0.28361162543296814,0.21427401900291443,0.28361162543296814,small,1.477744698524475,0.2109375,0.203125,0.359375,large,False
contrast/s5,456,0.2143595963716507,0.2837427854537964,0.2143595963716507,0.2837427854537964,small,1.4743701219558716,0.1796875,0.21875,0.296875,small,True
contrast/s5,457,0.21558289229869843,0.28342583775520325,0.21558289229869843,0.28342583775520325,small,1.478373646736145,0.15625,0.1796875,0.296875,small,True
contrast/s5,458,0.21570397913455963,0.2835614085197449,0.21570397913455963,0.2835614085197449,small,1.4714024066925049,0.171875,0.1796875,0.34375,small,True
contrast/s5,459,0.21562480926513672,0.28314581513404846,0.21562480926513672,0.28314581513404846,small,1.4800314903259277,0.1484375,0.171875,0.2109375,small,True
contrast/s5,460,0.21615822613239288,0.2830814719200134,0.21615822613239288,0.2830814719200134,small,1.4234557151794434,0.171875,0.21875,0.2890625,small,True
contrast/s5,461,0.21616818010807037,0.2836795747280121,0.21616818010807037,0.2836795747280121,small,1.482610821723938,0.1953125,0.2265625,0.34375,small,True
contrast/s5,462,0.21596264839172363,0.28372153639793396,0.21596264839172363,0.28372153639793396,small,1.4493969678878784,0.15625,0.234375,0.328125,small,True
contrast/s5,463,0.21628861129283905,0.28399214148521423,0.21628861129283905,0.28399214148521423,small,1.431684970855713,0.21875,0.2421875,0.34375,small,True
contrast/s5,464,0.21618016064167023,0.2845740020275116,0.21618016064167023,0.2845740020275116,small,1.4603086709976196,0.203125,0.25,0.3359375,small,True
contrast/s5,465,0.21649405360221863,0.28458264470100403,0.21649405360221863,0.28458264470100403,small,1.4059065580368042,0.171875,0.2265625,0.296875,small,True
contrast/s5,466,0.2160511165857315,0.28469449281692505,0.2160511165857315,0.28469449281692505,small,1.4843251705169678,0.1484375,0.21875,0.390625,small,True
contrast/s5,467,0.2157343327999115,0.28445449471473694,0.2157343327999115,0.28445449471473694,small,1.4704066514968872,0.109375,0.1875,0.2890625,small,True
contrast/s5,468,0.21605244278907776,0.2845456302165985,0.21605244278907776,0.2845456302165985,small,1.4761532545089722,0.234375,0.21875,0.328125,large,False
contrast/s5,469,0.2170218527317047,0.2850203812122345,0.2170218527317047,0.2850203812122345,small,1.4651516675949097,0.28125,0.25,0.390625,large,False
contrast/s5,470,0.21720954775810242,0.28485798835754395,0.21720954775810242,0.28485798835754395,small,1.4450448751449585,0.2109375,0.234375,0.296875,small,True
contrast/s5,471,0.21756617724895477,0.2853173017501831,0.21756617724895477,0.2853173017501831,small,1.461434006690979,0.1640625,0.265625,0.3515625,small,True
contrast/s5,472,0.21736246347427368,0.28480371832847595,0.21736246347427368,0.28480371832847595,small,1.409155011177063,0.1171875,0.1484375,0.265625,small,True
contrast/s5,473,0.21790587902069092,0.2850339412689209,0.21790587902069092,0.2850339412689209,small,1.453466534614563,0.2265625,0.296875,0.3984375,small,True
contrast/s5,474,0.21813388168811798,0.28592294454574585,0.21813388168811798,0.28592294454574585,small,1.4399666786193848,0.203125,0.25,0.3515625,small,True
contrast/s5,475,0.2182338684797287,0.2857940196990967,0.2182338684797287,0.2857940196990967,small,1.4214584827423096,0.140625,0.296875,0.3203125,small,True
contrast/s5,476,0.21785904467105865,0.285695880651474,0.21785904467105865,0.285695880651474,small,1.4642258882522583,0.15625,0.1796875,0.28125,small,True
contrast/s5,477,0.21751053631305695,0.2858614921569824,0.21751053631305695,0.2858614921569824,small,1.4482382535934448,0.15625,0.265625,0.3125,small,True
contrast/s5,478,0.21759016811847687,0.2857942581176758,0.21759016811847687,0.2857942581176758,small,1.4670424461364746,0.21875,0.2421875,0.359375,small,True
contrast/s5,479,0.2178134173154831,0.2859116196632385,0.2178134173154831,0.2859116196632385,small,1.457222580909729,0.1328125,0.203125,0.296875,small,True
contrast/s5,480,0.21765093505382538,0.28625571727752686,0.21765093505382538,0.28625571727752686,small,1.4803494215011597,0.109375,0.1953125,0.3359375,small,True
contrast/s5,481,0.218650221824646,0.286777138710022,0.218650221824646,0.286777138710022,small,1.462437629699707,0.2421875,0.28125,0.4375,small,True
contrast/s5,482,0.21931172907352448,0.2869982421398163,0.21931172907352448,0.2869982421398163,small,1.4594861268997192,0.15625,0.21875,0.2890625,small,True
contrast/s5,483,0.21964073181152344,0.28679969906806946,0.21964073181152344,0.28679969906806946,small,1.4820209741592407,0.1796875,0.234375,0.375,small,True
contrast/s5,484,0.21968597173690796,0.2866888642311096,0.21968597173690796,0.2866888642311096,small,1.472362756729126,0.1953125,0.2421875,0.3203125,small,True
contrast/s5,485,0.21948139369487762,0.28686395287513733,0.21948139369487762,0.28686395287513733,small,1.4739500284194946,0.1015625,0.1328125,0.2578125,small,True
contrast/s5,486,0.2197040319442749,0.2871397137641907,0.2197040319442749,0.2871397137641907,small,1.464364767074585,0.1796875,0.2578125,0.359375,small,True
contrast/s5,487,0.21976400911808014,0.2874469757080078,0.21976400911808014,0.2874469757080078,small,1.4823817014694214,0.21875,0.1875,0.3125,large,False
contrast/s5,488,0.21999798715114594,0.2874932885169983,0.21999798715114594,0.2874932885169983,small,1.4270941019058228,0.15625,0.1875,0.2890625,small,True
contrast/s5,489,0.22008897364139557,0.2873917520046234,0.22008897364139557,0.2873917520046234,small,1.466446042060852,0.1953125,0.171875,0.265625,large,False
contrast/s5,490,0.22048112750053406,0.28716516494750977,0.22048112750053406,0.28716516494750977,small,1.47394597530365,0.1953125,0.2265625,0.359375,small,True
contrast/s5,491,0.22049854695796967,0.2874034345149994,0.22049854695796967,0.2874034345149994,small,1.4244929552078247,0.125,0.2265625,0.296875,small,True
contrast/s5,492,0.22068651020526886,0.28788861632347107,0.22068651020526886,0.28788861632347107,small,1.4805654287338257,0.1953125,0.203125,0.34375,small,True
contrast/s5,493,0.22083894908428192,0.28803056478500366,0.22083894908428192,0.28803056478500366,small,1.4822633266448975,0.1953125,0.25,0.359375,small,True
contrast/s5,494,0.22071409225463867,0.2878915071487427,0.22071409225463867,0.2878915071487427,small,1.4507626295089722,0.140625,0.2109375,0.296875,small,True
contrast/s5,495,0.22111685574054718,0.2877941131591797,0.22111685574054718,0.2877941131591797,small,1.4223368167877197,0.234375,0.2265625,0.3671875,large,False
contrast/s5,496,0.22113215923309326,0.28783345222473145,0.22113215923309326,0.28783345222473145,small,1.4525554180145264,0.2109375,0.28125,0.3984375,small,True
contrast/s5,497,0.22158001363277435,0.2878451645374298,0.22158001363277435,0.2878451645374298,small,1.4670960903167725,0.2265625,0.2421875,0.328125,small,True
contrast/s5,498,0.22155027091503143,0.2875518500804901,0.22155027091503143,0.2875518500804901,small,1.4878615140914917,0.1953125,0.2265625,0.3046875,small,True
contrast/s5,499,0.22206349670886993,0.28832125663757324,0.22206349670886993,0.28832125663757324,small,1.4067212343215942,0.234375,0.234375,0.375,tie,False
contrast/s5,500,0.22248929738998413,0.2882589101791382,0.22248929738998413,0.2882589101791382,small,1.4622398614883423,0.203125,0.15625,0.28125,large,False
contrast/s5,501,0.22236640751361847,0.28831762075424194,0.22236640751361847,0.28831762075424194,small,1.469141960144043,0.1953125,0.2578125,0.3046875,small,True
contrast/s5,502,0.22234410047531128,0.2886391282081604,0.22234410047531128,0.2886391282081604,small,1.467713713645935,0.2109375,0.25,0.359375,small,True
contrast/s5,503,0.2227165848016739,0.28886476159095764,0.2227165848016739,0.28886476159095764,small,1.4331976175308228,0.1953125,0.203125,0.3203125,small,True
contrast/s5,504,0.22291861474514008,0.2890634834766388,0.22291861474514008,0.2890634834766388,small,1.4310723543167114,0.1171875,0.21875,0.3125,small,True
contrast/s5,505,0.22306521236896515,0.2887655794620514,0.22306521236896515,0.2887655794620514,small,1.4479869604110718,0.1875,0.1875,0.3359375,tie,False
contrast/s5,506,0.22300687432289124,0.2889096438884735,0.22300687432289124,0.2889096438884735,small,1.4815094470977783,0.2109375,0.28125,0.375,small,True
contrast/s5,507,0.22334906458854675,0.28879716992378235,0.22334906458854675,0.28879716992378235,small,1.4454492330551147,0.1953125,0.1953125,0.34375,tie,False
contrast/s5,508,0.22341683506965637,0.28891485929489136,0.22341683506965637,0.28891485929489136,small,1.459025263786316,0.1796875,0.171875,0.328125,large,False
contrast/s5,509,0.22354702651500702,0.28882932662963867,0.22354702651500702,0.28882932662963867,small,1.4502124786376953,0.1796875,0.2265625,0.3671875,small,True
contrast/s5,510,0.22383052110671997,0.2888111174106598,0.22383052110671997,0.2888111174106598,small,1.4054605960845947,0.1484375,0.2109375,0.296875,small,True
contrast/s5,511,0.2240067422389984,0.28891071677207947,0.2240067422389984,0.28891071677207947,small,1.4609417915344238,0.1875,0.171875,0.328125,large,False
contrast/s5,512,0.2242795079946518,0.2892564833164215,0.2242795079946518,0.2892564833164215,small,1.4748457670211792,0.1796875,0.2265625,0.3359375,small,True
contrast/s5,513,0.22459131479263306,0.289203017950058,0.22459131479263306,0.289203017950058,small,1.4171347618103027,0.1796875,0.2109375,0.3046875,small,True
contrast/s5,514,0.22496557235717773,0.28958678245544434,0.22496557235717773,0.28958678245544434,small,1.4408061504364014,0.1875,0.2578125,0.296875,small,True
contrast/s5,515,0.22560010850429535,0.289720356464386,0.22560010850429535,0.289720356464386,small,1.463277816772461,0.1796875,0.203125,0.34375,small,True
contrast/s5,516,0.22563496232032776,0.28959712386131287,0.22563496232032776,0.28959712386131287,small,1.4713084697723389,0.1796875,0.2421875,0.296875,small,True
contrast/s5,517,0.22557666897773743,0.2894255816936493,0.22557666897773743,0.2894255816936493,small,1.4776057004928589,0.171875,0.234375,0.3515625,small,True
contrast/s5,518,0.2255234569311142,0.2892008125782013,0.2255234569311142,0.2892008125782013,small,1.4789693355560303,0.15625,0.2421875,0.359375,small,True
contrast/s5,519,0.22571714222431183,0.28930559754371643,0.22571714222431183,0.28930559754371643,small,1.4581571817398071,0.1875,0.2109375,0.296875,small,True
contrast/s5,520,0.2257431298494339,0.28958049416542053,0.2257431298494339,0.28958049416542053,small,1.4733065366744995,0.1875,0.2421875,0.3671875,small,True
contrast/s5,521,0.2257198542356491,0.28959769010543823,0.2257198542356491,0.28959769010543823,small,1.411417841911316,0.171875,0.21875,0.34375,small,True
contrast/s5,522,0.22537066042423248,0.28938040137290955,0.22537066042423248,0.28938040137290955,small,1.490479588508606,0.15625,0.1953125,0.296875,small,True
contrast/s5,523,0.22557106614112854,0.2891702353954315,0.22557106614112854,0.2891702353954315,small,1.4730470180511475,0.21875,0.2578125,0.3515625,small,True
contrast/s5,524,0.22566922008991241,0.2892681658267975,0.22566922008991241,0.2892681658267975,small,1.474517583847046,0.21875,0.2109375,0.3046875,large,False
contrast/s5,525,0.22562304139137268,0.2895229756832123,0.22562304139137268,0.2895229756832123,small,1.480591058731079,0.1953125,0.265625,0.3125,small,True
contrast/s5,526,0.2256511151790619,0.28945890069007874,0.2256511151790619,0.28945890069007874,small,1.4484583139419556,0.2109375,0.2109375,0.328125,tie,False
contrast/s5,527,0.22577659785747528,0.2897025942802429,0.22577659785747528,0.2897025942802429,small,1.4751977920532227,0.21875,0.234375,0.375,small,True
contrast/s5,528,0.2259117215871811,0.2899700105190277,0.2259117215871811,0.2899700105190277,small,1.4623613357543945,0.265625,0.2578125,0.4140625,large,False
contrast/s5,529,0.22582308948040009,0.2900397777557373,0.22582308948040009,0.2900397777557373,small,1.4705214500427246,0.15625,0.1875,0.328125,small,True
contrast/s5,530,0.2259637713432312,0.2901436388492584,0.2259637713432312,0.2901436388492584,small,1.4563006162643433,0.1953125,0.2734375,0.421875,small,True
contrast/s5,531,0.22628390789031982,0.29041898250579834,0.22628390789031982,0.29041898250579834,small,1.4733457565307617,0.21875,0.2890625,0.359375,small,True
contrast/s5,532,0.22649915516376495,0.29084286093711853,0.22649915516376495,0.29084286093711853,small,1.4619070291519165,0.1796875,0.2421875,0.3125,small,True
contrast/s5,533,0.2263181209564209,0.2908569872379303,0.2263181209564209,0.2908569872379303,small,1.4789161682128906,0.1171875,0.1796875,0.296875,small,True
contrast/s5,534,0.22673466801643372,0.2906029224395752,0.22673466801643372,0.2906029224395752,small,1.4366071224212646,0.1875,0.171875,0.3203125,large,False
contrast/s5,535,0.22703546285629272,0.29064488410949707,0.22703546285629272,0.29064488410949707,small,1.4526675939559937,0.2265625,0.2578125,0.390625,small,True
contrast/s5,536,0.2271680235862732,0.29062432050704956,0.2271680235862732,0.29062432050704956,small,1.469183087348938,0.2109375,0.265625,0.3203125,small,True
contrast/s5,537,0.22707435488700867,0.29082366824150085,0.22707435488700867,0.29082366824150085,small,1.4766778945922852,0.1796875,0.25,0.3203125,small,True
contrast/s5,538,0.22699622809886932,0.2909682095050812,0.22699622809886932,0.2909682095050812,small,1.430127739906311,0.21875,0.296875,0.3515625,small,True
contrast/s5,539,0.22713372111320496,0.2910487949848175,0.22713372111320496,0.2910487949848175,small,1.48033607006073,0.1875,0.203125,0.2890625,small,True
contrast/s5,540,0.22744955122470856,0.29106035828590393,0.22744955122470856,0.29106035828590393,small,1.4848835468292236,0.21875,0.2265625,0.3203125,small,True
contrast/s5,541,0.22749169170856476,0.2910766303539276,0.22749169170856476,0.2910766303539276,small,1.465374231338501,0.125,0.2109375,0.3046875,small,True
contrast/s5,542,0.2273271381855011,0.2910842299461365,0.2273271381855011,0.2910842299461365,small,1.4866682291030884,0.203125,0.2578125,0.3984375,small,True
contrast/s5,543,0.22723133862018585,0.29097726941108704,0.22723133862018585,0.29097726941108704,small,1.45258629322052,0.1640625,0.1796875,0.3125,small,True
contrast/s5,544,0.22730781137943268,0.2910885512828827,0.22730781137943268,0.2910885512828827,small,1.4614242315292358,0.203125,0.234375,0.375,small,True
