trial,macro_accuracy,BETA,DAMPENING,LR,METHOD,MOMENTUM,NESTEROV,STEPS,WD,gaussian_blur/s5,saturate/s5,spatter/s5,speckle_noise/s5
Adam_lr0.001_b0.9,0.4236,0.9,,0.001,Adam,,,1,0.0,0.1447,0.6665,0.4939,0.3893
SGD_lr0.01_m0.9,0.40995000000000004,,0.0,0.01,SGD,0.9,False,1,0.0,0.1325,0.6574,0.4848,0.3651
Adam_lr0.0005_b0.9,0.40504999999999997,0.9,,0.0005,Adam,,,1,0.0,0.1344,0.6612,0.4711,0.3535
SGD_lr0.005_m0.9,0.393425,,0.0,0.005,SGD,0.9,False,1,0.0,0.1257,0.6549,0.4629,0.3302
Adam_lr0.00025_b0.9,0.39125,0.9,,0.00025,Adam,,,1,0.0,0.1275,0.6553,0.4518,0.3304
Adam_lr0.0001_b0.9,0.38227500000000003,0.9,,0.0001,Adam,,,1,0.0,0.121,0.6523,0.4402,0.3156
SGD_lr0.01_m0,0.38,,0.0,0.01,SGD,0.0,False,1,0.0,0.1183,0.6519,0.4373,0.3125
Adam_lr5e-05_b0.9,0.379925,0.9,,5e-05,Adam,,,1,0.0,0.1184,0.6515,0.4371,0.3127
SGD_lr0.001_m0.9,0.37945000000000007,,0.0,0.001,SGD,0.9,False,1,0.0,0.118,0.6519,0.4364,0.3115
SGD_lr0.005_m0,0.37834999999999996,,0.0,0.005,SGD,0.0,False,1,0.0,0.1174,0.6514,0.4353,0.3093
SGD_lr0.0005_m0.9,0.37829999999999997,,0.0,0.0005,SGD,0.9,False,1,0.0,0.1173,0.6508,0.436,0.3091
SGD_lr0.001_m0,0.37707500000000005,,0.0,0.001,SGD,0.0,False,1,0.0,0.1164,0.6509,0.4332,0.3078
SGD_lr0.0005_m0,0.37692499999999995,,0.0,0.0005,SGD,0.0,False,1,0.0,0.1168,0.6507,0.4329,0.3073
