corruption,n_samples,r_l,r_s,r_l_ema,r_s_ema,large_acc_ema,small_acc_ema,large_ent_ema,small_ent_ema
defocus_blur/s5,128.0,0.40075552463531494,0.0656861662864685,0.40075552463531494,0.0656861662864685,0.2734375,0.1640625,3.5729336738586426,6.332189559936523
defocus_blur/s5,256.0,0.36382001638412476,0.06635168194770813,0.3940399776805531,0.06580716913396661,0.2776988636363636,0.16122159090909088,3.6251382394270464,6.330685008655895
defocus_blur/s5,384.0,0.39282387495040894,0.06603431701660156,0.3938188680932541,0.06584846874899115,0.2882877066115702,0.15605630165289253,3.6314810051405724,6.329756673702523
defocus_blur/s5,512.0,0.4047377407550812,0.06119461730122566,0.3958041176681317,0.06500231394030652,0.29411039631855745,0.15183015589782115,3.6230085926070235,6.333562452572793
defocus_blur/s5,640.0,0.42681944370269775,0.0733654722571373,0.4014432678562346,0.06652288817973029,0.30455623335154697,0.14979285482549,3.5924585274794767,6.321139269778574
defocus_blur/s5,768.0,0.38531094789505005,0.0738847553730011,0.39851011877238285,0.06786140948759771,0.30458010001490204,0.14528506303903727,3.593862458679275,6.303138072146159
defocus_blur/s5,896.0,0.4300419092178345,0.05964145436882973,0.40424317158064677,0.06636687219327625,0.2974973545576471,0.14585823339557594,3.558114163940491,6.312303609349387
defocus_blur/s5,1024.0,0.4777691066265106,0.07822923362255096,0.41761152340716745,0.06852366518041711,0.31158874463807484,0.15769082732365303,3.474656283475059,6.290597449674977
defocus_blur/s5,1152.0,0.40905970335006714,0.08468005061149597,0.4160566470331492,0.07146118980424963,0.31317488197660664,0.15742885871935247,3.4702225324379565,6.269435327921217
defocus_blur/s5,1280.0,0.43185052275657654,0.08309486508369446,0.41892826080104506,0.07357640349142142,0.31305217616267816,0.15863497531583381,3.44598592927785,6.25465391035018
defocus_blur/s5,1408.0,0.4700049161911011,0.081388920545578,0.4282149254174189,0.07499686113763171,0.31153132595128213,0.1653036161675004,3.3868447456365116,6.238523553353583
defocus_blur/s5,1536.0,0.49924954771995544,0.07713931798934937,0.4411303112906073,0.07538639874703491,0.313127903051049,0.16223704959159121,3.3142175712589745,6.236828427863691
defocus_blur/s5,1664.0,0.5072001814842224,0.07960140705108643,0.4531430149621737,0.07615276389322609,0.3243773752235855,0.15688713148402916,3.239099202243116,6.227364058943694
defocus_blur/s5,1792.0,0.5024477243423462,0.07583992183208466,0.46210750757675045,0.0760958835184731,0.32505876154657,0.15108947121420568,3.1816477052360446,6.224258289271136
defocus_blur/s5,1920.0,0.4709254503250122,0.10235527157783508,0.46371076989461624,0.08087031771108437,0.32419580490173905,0.15202774917525919,3.1667293043561684,6.184646930640561
defocus_blur/s5,2048.0,0.484252393245697,0.09721530973911285,0.46744561050390365,0.08384213444345318,0.3234897494650592,0.1570567947797575,3.1224102647435585,6.160109525116158
defocus_blur/s5,2176.0,0.5166506171226501,0.0949966087937355,0.4763919753436757,0.08587022068895905,0.32007115865323027,0.1611714684561652,3.0680474534358693,6.145744588043368
defocus_blur/s5,2304.0,0.4880705773830414,0.10071936994791031,0.4785153575326513,0.08857006600876838,0.32153549344355203,0.1602766560095897,3.0342550137958293,6.120706947878878
defocus_blur/s5,2432.0,0.5147145390510559,0.09987285733222961,0.4850970268996339,0.09062511897667042,0.3198926764538153,0.15954453673511884,2.9926433882378474,6.102632581295653
defocus_blur/s5,2560.0,0.5251767635345459,0.0961579978466034,0.4923842517423452,0.09163109695302185,0.3341735534622125,0.16320689369236996,2.971163082225453,6.095279654943469
defocus_blur/s5,2688.0,0.5173362493515015,0.09257888793945312,0.49692097858037354,0.09180342258691844,0.33733518010544655,0.1562601857483027,2.929653748682952,6.0909340282057
defocus_blur/s5,2816.0,0.4966426491737366,0.08498732000589371,0.49687037323371225,0.0905641312085503,0.34418332917718353,0.15057651561224766,2.9196487324984095,6.094126194697153
defocus_blur/s5,2944.0,0.5394316911697388,0.09902490675449371,0.5046087946766261,0.09210245403508546,0.3341613602358774,0.14592624004638444,2.864094673846355,6.0800093060039915
defocus_blur/s5,3072.0,0.5453025102615356,0.09506084024906158,0.5120076520557005,0.09264034243762656,0.3330638401929906,0.1549055600379509,2.81331122402781,6.070340810469885
defocus_blur/s5,3200.0,0.5189318060874939,0.11560457944869995,0.5132665891523902,0.09681565825782172,0.33216586924881053,0.15941136730377797,2.794175206133727,6.035293160448372
defocus_blur/s5,3328.0,0.5304303169250488,0.09775660932064056,0.5163872669292372,0.09698674026924332,0.3300107112035722,0.16593884597581834,2.78109823994393,6.032666037220765
defocus_blur/s5,3456.0,0.5366164445877075,0.10159821063280106,0.5200652992307773,0.09782518942625382,0.3254064909847409,0.1570749648893059,2.760319953608688,6.015540851575956
defocus_blur/s5,3584.0,0.49490174651145935,0.10376018285751343,0.5154901078272649,0.09890427914102828,0.32448031080569706,0.15976588036397754,2.7723156583158883,6.00302504416717
defocus_blur/s5,3712.0,0.47692614793777466,0.1056344285607338,0.5084784787564485,0.10012794267188382,0.3251429815682976,0.15770617484325433,2.803515648721189,5.991064756429299
defocus_blur/s5,3840.0,0.5307195782661438,0.11407066881656647,0.5125223150309385,0.10266298378909884,0.3384692576467889,0.16170277941720806,2.7707635726808393,5.972407467784749
defocus_blur/s5,3968.0,0.5533164143562317,0.13359493017196655,0.5199394239991736,0.10828697404052934,0.3507930289837364,0.1578704558868066,2.719757223639614,5.926213975079167
defocus_blur/s5,4096.0,0.5137510299682617,0.1048380583524704,0.5188142614480986,0.10765989846088225,0.3353079328048752,0.16183719118011447,2.724075651586375,5.929743654614667
defocus_blur/s5,4224.0,0.5650511980056763,0.1121537834405899,0.5272209771858399,0.10847696845719274,0.3496269450221706,0.16366224732918455,2.6735024152183975,5.920823959127865
defocus_blur/s5,4352.0,0.5661377906799316,0.11222190409898758,0.5342967614574929,0.10915786584660997,0.35139931865450325,0.16515547508751463,2.6399685874297765,5.909258940774583
defocus_blur/s5,4480.0,0.5642495155334473,0.12689946591854095,0.5397427167440301,0.11238361131423377,0.3457471698082299,0.16921811598069378,2.59757218047011,5.880453970452641
defocus_blur/s5,4608.0,0.5138416290283203,0.11573412269353867,0.5350334280684464,0.11299279520138011,0.3354408662067335,0.16117845852965854,2.6245511766240925,5.870493119213116
defocus_blur/s5,4736.0,0.5250494480133057,0.119777612388134,0.5332181589675118,0.11422639832624445,0.34263343598732743,0.16454373879699336,2.619218208245196,5.8642224170293025
defocus_blur/s5,4864.0,0.5535955429077148,0.13968491554260254,0.5369231378657305,0.11885521963830956,0.355620538535086,0.1786607862884491,2.6074617704357,5.824163173886235
defocus_blur/s5,4992.0,0.5974164009094238,0.13029906153678894,0.5479219129645838,0.1209359181653058,0.37050771334688853,0.17600655241782198,2.546445369769656,5.80506806096063
defocus_blur/s5,5120.0,0.6279213428497314,0.14275340735912323,0.5624672638527924,0.12490273438236352,0.3770063109201815,0.1738349065236725,2.4640274915230735,5.767571486023008
defocus_blur/s5,5248.0,0.5661295652389526,0.13767272233963013,0.5631331368320943,0.12722455037459382,0.37238016348014846,0.16637628715573202,2.461155485548686,5.74743559982582
defocus_blur/s5,5376.0,0.6246209144592285,0.15769213438034058,0.5743127327643005,0.13276411110291142,0.38422013375648506,0.16879650767287163,2.3960027841856077,5.696748411326549
defocus_blur/s5,5504.0,0.6189197301864624,0.15799455344676971,0.5824230959319663,0.1373514642563402,0.3882255639825786,0.17219714264144043,2.3516649019823825,5.656051285431283
defocus_blur/s5,5632.0,0.5420699119567871,0.13745459914207458,0.5750861533910245,0.13737021605374644,0.3815595523493825,0.16929766216117853,2.3816555531544865,5.654648407507075
defocus_blur/s5,5760.0,0.5663964152336121,0.15320229530334473,0.5735062009987677,0.14024877591730978,0.3746850882858584,0.16692535995005514,2.369044969709628,5.6309172436932
defocus_blur/s5,5888.0,0.6079070568084717,0.1811244785785675,0.5797609020550775,0.14768072185572026,0.37616279950661136,0.16924574905004508,2.328999370525029,5.569768222245785
defocus_blur/s5,6016.0,0.5615118741989136,0.13480941951274872,0.5764428969903204,0.14534048506608907,0.3773718359599547,0.15978061285912779,2.3325473261338034,5.568687573405731
defocus_blur/s5,6144.0,0.6271418929100037,0.17738588154315948,0.5856608962484445,0.15116692078919278,0.3897246839672357,0.17050231961201362,2.2602948540282433,5.514366780085424
defocus_blur/s5,6272.0,0.5778940916061401,0.15805065631866455,0.5842487499498437,0.15241850906727855,0.39130883233682917,0.16080871604619296,2.268500278795214,5.495013145720193
defocus_blur/s5,6400.0,0.5731293559074402,0.1521162986755371,0.5822270419421339,0.15236356172332555,0.37840040827558746,0.1571389494923397,2.278465577475958,5.48729412239944
defocus_blur/s5,6528.0,0.621882438659668,0.16958966851234436,0.5894371140725947,0.15549558113951079,0.37494124313457156,0.16692050413009613,2.2538361889498337,5.472921050262627
defocus_blur/s5,6656.0,0.5953652858734131,0.19158920645713806,0.5905149634909252,0.16205805846998844,0.38063374438283126,0.16782132156098772,2.231823818985189,5.419262363156549
defocus_blur/s5,6784.0,0.5825544595718384,0.18537503480911255,0.5890675991420004,0.16629750871346555,0.37392760904049827,0.17139926309535358,2.224301991492698,5.379293534138695
defocus_blur/s5,6912.0,0.6303562521934509,0.21220988035202026,0.5965746269695368,0.1746452126477482,0.37696349830586223,0.165803942532562,2.174816319316779,5.3148691759696565
defocus_blur/s5,7040.0,0.6105887293815613,0.19134747982025146,0.5991226455899048,0.17768198849729425,0.3879701349775236,0.174010043890278,2.1621842619805074,5.273592198940106
defocus_blur/s5,7168.0,0.5775222778320312,0.16875380277633667,0.5951953059975641,0.17605868200257468,0.3785096558907011,0.17078094500113652,2.1752761253195896,5.286200863436125
defocus_blur/s5,7296.0,0.6355843544006348,0.20128659904003143,0.6025387693435769,0.18064557600938497,0.38071244572875546,0.17666168227365714,2.140457374004713,5.258895458672747
defocus_blur/s5,7424.0,0.6267591118812561,0.23506692051887512,0.6069424679867912,0.19054036592020135,0.3896170010507999,0.18431410367844672,2.1171825220488887,5.183969678034271
defocus_blur/s5,7552.0,0.6160571575164795,0.2230987846851349,0.6085996842649163,0.19646007842291652,0.38411845540519984,0.19341608482782002,2.09855994503363,5.132085600942279
defocus_blur/s5,7680.0,0.6398053169250488,0.2212403416633606,0.6142734356576676,0.20096558083027,0.3909832816951635,0.19944270576821638,2.0853265273624984,5.100701082389386
defocus_blur/s5,7808.0,0.6637076139450073,0.23228494822978973,0.6232614680735475,0.20666001126654632,0.40086132138695196,0.2043735774467225,2.0359732358066323,5.0550131055231775
defocus_blur/s5,7936.0,0.620374858379364,0.22468440234661102,0.6227366299473324,0.20993717328110353,0.4004206265893243,0.2027261088200457,2.026211894241903,5.019794706798349
defocus_blur/s5,8064.0,0.6095129251480103,0.24006785452365875,0.6203323199838192,0.2154154789615681,0.39863960357308353,0.1971168163073101,2.0225838287483024,4.97100312408812
defocus_blur/s5,8192.0,0.6303014159202576,0.2689248025417328,0.6221448828813535,0.22514444688523438,0.40002331201434105,0.20105012243325368,2.0139781125954905,4.89543404549637
defocus_blur/s5,8320.0,0.5866374373435974,0.2290775179862976,0.6156889836926706,0.2258595507217913,0.3997349825571881,0.19290464562720755,2.0506122346822875,4.888493611354274
defocus_blur/s5,8448.0,0.658012330532074,0.25232669711112976,0.6233841376634711,0.23067175915621646,0.4023399857286084,0.19192198278589706,1.9976098295860227,4.840255537308327
defocus_blur/s5,8576.0,0.6784404516220093,0.25010621547698975,0.6333943765650234,0.2342052966690843,0.42861907923249776,0.1740725313702794,1.9436631655269916,4.809319766009724
defocus_blur/s5,8704.0,0.6347839832305908,0.22774024307727814,0.6336470323223993,0.233029832379665,0.4160292466447708,0.17651388930295586,1.9416829826268867,4.805462624521318
defocus_blur/s5,8832.0,0.6582328677177429,0.2434220314025879,0.6381171842124618,0.23491932311110547,0.42561483816390333,0.1785113639751457,1.9123184964196231,4.777512202933102
defocus_blur/s5,8960.0,0.6392958760261536,0.26795539259910583,0.6383314918149512,0.2409258811998328,0.43487804940683,0.18298657052511919,1.9122582363922227,4.736406648924135
defocus_blur/s5,9088.0,0.6561678647994995,0.2768336236476898,0.6415744687212327,0.24745456164489768,0.4282524949692245,0.18806855770237024,1.89014015044723,4.672555320455418
defocus_blur/s5,9216.0,0.6557920575141907,0.27339255809783936,0.6441594848654069,0.252170560999978,0.42141113224754734,0.18796518357466654,1.8832683247269881,4.62224026674069
defocus_blur/s5,9344.0,0.6420956254005432,0.2729405164718628,0.6437842376899771,0.25594691654032065,0.4243363809298114,0.1921419683792726,1.8699603689211355,4.5876710102290215
defocus_blur/s5,9472.0,0.6233850717544556,0.28360477089881897,0.6400752984289731,0.26097561733277486,0.421047948033482,0.18845706503758666,1.8898211456833436,4.535856893279089
defocus_blur/s5,9600.0,0.635852575302124,0.3163727819919586,0.6393075305877278,0.27104782908899006,0.41267559384557617,0.17976032593984362,1.8945129246195462,4.454641524188572
defocus_blur/s5,9728.0,0.6701676845550537,0.3005381226539612,0.6449184676726961,0.27640970064625753,0.4058254858736532,0.18400844849623568,1.85687529477317,4.405083718543313
defocus_blur/s5,9856.0,0.5980039834976196,0.3271815776824951,0.6363885614590459,0.2856409510164825,0.3931185793511708,0.19458645786055645,1.9045459419448716,4.346898996812426
defocus_blur/s5,9984.0,0.6714006662368774,0.34317272901535034,0.6427543986913788,0.2961012742890039,0.39124474674186693,0.19897982915863707,1.8751526304233785,4.263536423972241
defocus_blur/s5,10112.0,0.6105943918228149,0.31601107120513916,0.6369071247152762,0.2997212373646648,0.3953934291524366,0.19263122385706666,1.901219446129315,4.223956170838793
defocus_blur/s5,10240.0,0.6542506814002991,0.32952719926834106,0.6400604986580076,0.3051405031653332,0.3973673511247208,0.19453918315578178,1.869591104984321,4.163659753985069
defocus_blur/s5,10368.0,0.6511212587356567,0.34406185150146484,0.6420715459448528,0.31221711195372076,0.40608465092022605,0.20462296803654872,1.8560000560500711,4.1170768921376855
defocus_blur/s5,10496.0,0.6844358444213867,0.3386251926422119,0.649774145667859,0.31701858116981,0.4146374416620031,0.19866879202990348,1.811750198100249,4.064861746116247
defocus_blur/s5,10624.0,0.6727156043052673,0.3197115361690521,0.6539453199655696,0.3175082093514904,0.4258965431780025,0.18527446620628465,1.794782333504807,4.051888312657122
defocus_blur/s5,10752.0,0.6550922393798828,0.32528841495513916,0.654153850768172,0.31892279218851743,0.4280062626001838,0.19704274507786923,1.792415174244467,4.0319118980056405
defocus_blur/s5,10880.0,0.6459089517593384,0.3287106156349182,0.6526547782211113,0.3207023964514994,0.4283119421274231,0.1938872459728021,1.786623829385332,4.002028201126485
defocus_blur/s5,11008.0,0.6222984790802002,0.340101957321167,0.647135451104582,0.3242295893368935,0.42145977083152797,0.19130547397774716,1.8053754734294185,3.9658958701410856
defocus_blur/s5,11136.0,0.668889045715332,0.3579922914505005,0.6510906501247185,0.3303682624484584,0.4243761761348865,0.19061356961815676,1.76755784050686,3.905875817330233
defocus_blur/s5,11264.0,0.6361626386642456,0.32580915093421936,0.6483764662228142,0.3295393330822331,0.41113732592854346,0.1857861024148555,1.7910162814318822,3.9032128307425578
defocus_blur/s5,11392.0,0.6399426460266113,0.3392665982246399,0.646843044368959,0.3313079267444889,0.42019190303244464,0.20030226561215447,1.8027916123536245,3.876881224448323
defocus_blur/s5,11520.0,0.6528143286705017,0.40457338094711304,0.6479287324237849,0.3446289184176933,0.4062933752083638,0.2008154900463082,1.7909505505507926,3.7747652280342896
defocus_blur/s5,11648.0,0.6202833652496338,0.4048554301261902,0.6429023020284846,0.35557919327378357,0.4020241251704795,0.20691721912879762,1.8097782898338606,3.6960392877198607
defocus_blur/s5,11776.0,0.6813960075378418,0.3600205183029175,0.6499011575756404,0.3563867069154443,0.4027924660485741,0.2090686338326526,1.7766425583897911,3.6784935716664804
defocus_blur/s5,11904.0,0.6773427724838257,0.4136049449443817,0.6548905421044012,0.3667900229207056,0.41762565403974244,0.2221925185903521,1.7289037466703936,3.5923343293132572
defocus_blur/s5,12032.0,0.6561588048934937,0.37206894159317017,0.6551211353387816,0.36774982631569914,0.41981871694160744,0.21020296975574262,1.7244687319337575,3.5706062364791347
defocus_blur/s5,12160.0,0.6731746196746826,0.39791226387023926,0.6584035870362182,0.3732339058710701,0.4201925865885879,0.20607515707288032,1.7232587316257775,3.527358232428907
defocus_blur/s5,12288.0,0.7080278992652893,0.380717933177948,0.6674261892596856,0.3745946381086842,0.43044166175429915,0.21122058305962932,1.6940394730965944,3.4981937125246185
defocus_blur/s5,12416.0,0.6790792942047119,0.4015735983848572,0.6695449356133267,0.3794999036134429,0.4288840868898811,0.20690774977606033,1.6844326115413675,3.4612481145631553
defocus_blur/s5,12544.0,0.6821140646934509,0.40539151430130005,0.6718302318097129,0.38420746919305326,0.43329152563717543,0.20479952254404934,1.6680715943003923,3.4369938440136973
defocus_blur/s5,12672.0,0.6577656269073486,0.4106147289276123,0.6692730309183739,0.3890087891447912,0.42695443006677986,0.21159733662694946,1.697209060026182,3.3993622444174125
defocus_blur/s5,12800.0,0.6284639835357666,0.4150407016277313,0.6618532041215361,0.39374186414168943,0.4189286246000926,0.21715918451295865,1.7253454326225737,3.3613504915428245
defocus_blur/s5,12928.0,0.6495323181152344,0.4148654639720917,0.6596130430294813,0.397582518656308,0.42088478376371213,0.2174484236924207,1.734114977335395,3.315671320584044
defocus_blur/s5,13056.0,0.6666902303695679,0.39967870712280273,0.6608998043640425,0.3979636438320343,0.4253261867157645,0.2247873466574351,1.7251887424009453,3.2901973148584025
defocus_blur/s5,13184.0,0.700128972530365,0.40709981322288513,0.6680323803942829,0.3996247655394617,0.43464188004017096,0.22368964726517415,1.6982377526340762,3.2860162437286964
defocus_blur/s5,13312.0,0.6648106575012207,0.4168168008327484,0.6674466125955443,0.40275059013824105,0.4166956291237762,0.21284834776241518,1.6896003937594901,3.235691063539033
defocus_blur/s5,13440.0,0.6890040636062622,0.47100523114204407,0.6713661491429475,0.41516052486620525,0.41763733291945326,0.2125009208965215,1.6655268064308824,3.1639784842208116
defocus_blur/s5,13568.0,0.6687000393867493,0.4236820340156555,0.6708814019145477,0.41670989016610527,0.41982827238864356,0.20795529891533576,1.6638013604962278,3.144400260893466
defocus_blur/s5,13696.0,0.6995080709457397,0.4364226758480072,0.6760862508293098,0.4202940330173601,0.4244617683179811,0.2113384263852747,1.6371946186111823,3.1383782154169637
defocus_blur/s5,13824.0,0.6927605271339417,0.4118293523788452,0.6791179374301519,0.4187550001739938,0.42683235589652996,0.20274280340613382,1.6375014877010303,3.144235193120915
defocus_blur/s5,13952.0,0.7028813362121582,0.43976250290870667,0.6834385553905167,0.4225745461257598,0.43587420027897905,0.19997138460501857,1.606686361460977,3.1122222862900477
defocus_blur/s5,14080.0,0.6884423494338989,0.4415273070335388,0.684348336125677,0.42602050265444685,0.43759025477371005,0.20196522376774245,1.58642767328763,3.0614118025190056
defocus_blur/s5,14208.0,0.6796548366546631,0.4581593871116638,0.6834949725854926,0.43186393619212265,0.42621020845121727,0.2078579103554256,1.579971127554048,3.0321879803175076
defocus_blur/s5,14336.0,0.6881181001663208,0.45701971650123596,0.6843355412365523,0.43643771443014323,0.42968335236917776,0.2140996539271664,1.5567053227350944,2.9863295462213597
defocus_blur/s5,14464.0,0.7123626470565796,0.44006115198135376,0.6894313786583754,0.43709652125763604,0.4339454701202363,0.2021610804858634,1.5399937685559417,2.965532208557777
defocus_blur/s5,14592.0,0.6898379325866699,0.4830756187438965,0.689505297554429,0.4454563571642288,0.43175083918928425,0.2122795203975246,1.5340287514353521,2.914798225930484
defocus_blur/s5,14720.0,0.6579108834266663,0.47598996758461,0.6837608586221086,0.4510079226952072,0.43421659570032345,0.22055824396161103,1.5652400440377046,2.8783575128190773
defocus_blur/s5,14848.0,0.6647921800613403,0.47856831550598145,0.6803120079746962,0.456018903206257,0.42344994193662827,0.21880901778677264,1.5833180860824516,2.8366319020233144
defocus_blur/s5,14976.0,0.6766442060470581,0.4817674160003662,0.6796451348969438,0.46070045098700413,0.43452722522087767,0.21169601455281395,1.5795859084465664,2.801723540883844
defocus_blur/s5,15104.0,0.7222340106964111,0.4809531271457672,0.6873885668604833,0.46438275574314286,0.4393290933625362,0.21723992099775685,1.5476697021672856,2.7727719283062635
defocus_blur/s5,15232.0,0.6840331554412842,0.5234786868095398,0.6867784920569925,0.4751274704824877,0.4375760763875296,0.2260372080890738,1.5422734997990237,2.690215576992123
defocus_blur/s5,15360.0,0.677191972732544,0.48794233798980713,0.6850354885434563,0.47745744639290943,0.44750542613525146,0.21903044298196944,1.5579221938677137,2.670789623238029
defocus_blur/s5,15488.0,0.6887330412864685,0.4858277440071106,0.6857077708603676,0.47897931868640053,0.4556294395652057,0.21897945334888408,1.5523369443384762,2.662931624307455
defocus_blur/s5,15616.0,0.6724323034286499,0.4815977215766907,0.6832940495091462,0.4794553919391805,0.45517408691698646,0.22177864364908695,1.5599777372290835,2.669825919585516
defocus_blur/s5,15744.0,0.6905604004859924,0.543311595916748,0.6846152042322091,0.49106561084419276,0.46190379838662526,0.22833025389470749,1.5367708156008728,2.5995235834206425
defocus_blur/s5,15872.0,0.6818714737892151,0.5105715394020081,0.6841163441516647,0.4946121433092501,0.4588871986799661,0.23653157136839703,1.5386555804040654,2.5547055651127164
defocus_blur/s5,16000.0,0.7127439379692078,0.5133858919143677,0.6893213612093997,0.49802555214654415,0.4606804352836086,0.23613946748323394,1.5130058917045557,2.542849756049476
defocus_blur/s5,16128.0,0.6504917144775391,0.47350800037384033,0.6822614254399705,0.49356781546059797,0.45362490159567975,0.22587547339537323,1.5414547914244883,2.561250082552998
defocus_blur/s5,16256.0,0.7224546074867249,0.4999443292617798,0.6895692767211985,0.4947271816062674,0.47057946494191977,0.2174776600507599,1.495565955799668,2.5338051361662974
defocus_blur/s5,16384.0,0.7032480835914612,0.5320689678192139,0.6920563325157917,0.5015165972813486,0.4674059258615707,0.21912944913243992,1.4835129095439332,2.4985675629829407
defocus_blur/s5,16512.0,0.6964647769927979,0.5003814697265625,0.6928578678752473,0.5013102104532057,0.46480939388673964,0.21195818565381447,1.4758065218267833,2.491471622493189
defocus_blur/s5,16640.0,0.7251172065734863,0.5412715673446655,0.698723202184018,0.5085759117061983,0.46694632227096877,0.22029533371675727,1.438217505097768,2.45250052818357
defocus_blur/s5,16768.0,0.7073907852172852,0.5263038873672485,0.7002991263718847,0.5117991800082073,0.47579699094897443,0.23990072758643777,1.4323239090337383,2.4198607743493454
defocus_blur/s5,16896.0,0.677786648273468,0.492491215467453,0.6962059485358089,0.5082886410007974,0.46883390168552447,0.24031650438890362,1.4388537213716202,2.4284744593808654
defocus_blur/s5,17024.0,0.6907135248184204,0.5440647602081299,0.6952073260417382,0.5147933899475851,0.46881864683361085,0.2477589581363757,1.432057169798826,2.383483740414511
defocus_blur/s5,17152.0,0.7026941776275635,0.5057252645492554,0.6965685717846154,0.5131446398751615,0.4631243474093179,0.23538232938430736,1.430574656392077,2.3880596697807293
defocus_blur/s5,17280.0,0.681842565536499,0.5123774409294128,0.6938911161031396,0.5130051491577525,0.45988582969853276,0.2394605422235242,1.4535608948888608,2.3725260393576173
defocus_blur/s5,17408.0,0.6915258169174194,0.5025081634521484,0.6934610617057358,0.5110966063021881,0.46717931520789036,0.24563817091015613,1.4691256280613672,2.3867357235136097
defocus_blur/s5,17536.0,0.6876152753829956,0.49075764417648315,0.6923981914652376,0.5073986131884235,0.47314671244281936,0.24216986710830957,1.4660040570285697,2.4112672096747536
defocus_blur/s5,17664.0,0.7168185114860535,0.5377229452133179,0.6968382496508405,0.5129121281020406,0.4624041283623067,0.23791170945225326,1.4441596838279296,2.37879695292969
defocus_blur/s5,17792.0,0.7060877084732056,0.4949631989002228,0.698519969436725,0.5096486864289828,0.4450920141146146,0.23016639864275265,1.4454323301892709,2.3880946890602823
defocus_blur/s5,17920.0,0.6567245721817017,0.5446527004241943,0.690920806299448,0.5160130526099304,0.4422911933665028,0.23235205343497942,1.4718842601381563,2.3367208558936268
defocus_blur/s5,18048.0,0.6902921199798584,0.5194100737571716,0.6908064996958863,0.5166306928185196,0.44710188548168406,0.2241971346286195,1.4890102334133188,2.335166859514552
defocus_blur/s5,18176.0,0.706940770149231,0.5277281999588013,0.6937400034146761,0.5186484213894799,0.4410947244850142,0.21894538287796142,1.4740390171228266,2.331194212128117
defocus_blur/s5,18304.0,0.7114534974098206,0.5417754054069519,0.6969606386865206,0.5228533275744748,0.4404411382150116,0.22175076780924113,1.4459959747806257,2.297890725533578
defocus_blur/s5,18432.0,0.6843160390853882,0.5431129336357117,0.6946616205772238,0.5265368923128815,0.4285427494486458,0.22404608275301546,1.451818732978138,2.272831881155003
defocus_blur/s5,18560.0,0.7061445116996765,0.5128427743911743,0.6967494189631243,0.5240470526907529,0.43443270409434653,0.221662704070649,1.437657097709097,2.2844517156016515
defocus_blur/s5,18688.0,0.6952397227287292,0.5509434938430786,0.6964749287386888,0.5289373147184484,0.44351312153173805,0.23107630333053097,1.4415744920198896,2.243907770611889
defocus_blur/s5,18816.0,0.7014449238777161,0.524340033531189,0.6973785642185119,0.5281014454116739,0.4495220994350584,0.23877833908861623,1.4303547019003284,2.232143446340924
defocus_blur/s5,18944.0,0.713091254234314,0.5676715970039368,0.7002354169486577,0.535296018428449,0.4515976268105023,0.23655727743614055,1.429902554173777,2.1691584515583235
defocus_blur/s5,19072.0,0.7280060052871704,0.5605566501617432,0.7052846148283872,0.5398888605617752,0.45045487648132,0.23758095426593318,1.405104962765772,2.131559712887763
defocus_blur/s5,19200.0,0.716876208782196,0.6070886850357056,0.7073921773654434,0.5521070104661262,0.4466789898483527,0.2512025989448544,1.392100253793,2.0607579809976917
defocus_blur/s5,19328.0,0.7181054353713989,0.5503228902816772,0.7093400424574352,0.5517826249780445,0.4492714462395613,0.23819985368215357,1.369171120166019,2.0356624990067673
defocus_blur/s5,19456.0,0.7195931673049927,0.5538871884346008,0.7112042469751729,0.5521652728792366,0.46133572874145923,0.2304021530126711,1.3678367171281323,2.037560208496326
defocus_blur/s5,19584.0,0.6975381374359131,0.5596557855606079,0.7087194997862165,0.5535271842758495,0.46126332351573934,0.22828357973764,1.390059473860839,2.033435916784303
defocus_blur/s5,19712.0,0.7107308506965637,0.5431002974510193,0.7090851999517341,0.5516313866713348,0.45836317378560487,0.23081156523988725,1.3768372558045756,2.0272236216200183
defocus_blur/s5,19840.0,0.7189793586730957,0.5723737478256226,0.7108841379010726,0.5554027250630235,0.46735396037004034,0.23430037155990774,1.3776586290778114,2.0054115231578558
defocus_blur/s5,19968.0,0.7147760987281799,0.5443224906921387,0.7115917671423648,0.5533881369955898,0.4732896039391239,0.22863212218537904,1.3615442164850284,2.030183405421946
defocus_blur/s5,20096.0,0.7032487392425537,0.5582845211029053,0.7100748529787627,0.5542783886514653,0.45683922140473776,0.22683537269712828,1.3762743512158,2.0250926321821647
defocus_blur/s5,20224.0,0.7120511531829834,0.5602327585220337,0.7104341802886209,0.5553610013552049,0.4448002720584218,0.22820621402492314,1.375703012891607,2.0195440627832766
defocus_blur/s5,20352.0,0.7570362091064453,0.5733474493026733,0.7189072764373162,0.558631264618381,0.4619388589568906,0.23785053874766438,1.3355727162805442,2.0149436791674296
defocus_blur/s5,20480.0,0.71442049741745,0.5467672348022461,0.7180914984337041,0.5564741682881746,0.4574954300556377,0.2343777135208163,1.3283338086318355,2.0068877176752955
defocus_blur/s5,20608.0,0.6835683584213257,0.5393801927566528,0.711814563885999,0.5533661727369888,0.4552803518637035,0.22017267469884969,1.3549298213160617,2.0350334565459005
defocus_blur/s5,20736.0,0.6823034286499023,0.530005931854248,0.7064489029339813,0.5491188562128542,0.4506271060703029,0.20570946111724064,1.3955610475407336,2.0530671358611077
defocus_blur/s5,20864.0,0.7101179361343384,0.5833080410957336,0.7071159998795008,0.555335071646105,0.4411380867847932,0.2066600136413787,1.3811453809629484,2.0209782405744265
defocus_blur/s5,20992.0,0.717156171798706,0.5817373394966125,0.7089414856829926,0.5601354839825609,0.43763570736937624,0.21169910207021891,1.3713789498500337,1.9813675027584707
defocus_blur/s5,21120.0,0.7243303060531616,0.5403294563293457,0.7117394530230233,0.5565343880456126,0.43477012421130784,0.20445835623927,1.3556251945028774,1.9998890005590433
defocus_blur/s5,21248.0,0.7455372214317322,0.578641414642334,0.7178845018246067,0.5605538474268347,0.43242555617288825,0.21415910965031182,1.3136888760271455,1.9750529616834287
defocus_blur/s5,21376.0,0.7101600170135498,0.5845892429351807,0.7164800500407782,0.564923919337443,0.4305072732323631,0.2206756351684369,1.3229106245752993,1.9427511223144067
defocus_blur/s5,21504.0,0.7095421552658081,0.5792335271835327,0.7152186146271473,0.5675256662185502,0.4545059508264789,0.2245868833196302,1.3146595070294484,1.918386052520714
defocus_blur/s5,21632.0,0.6882200837135315,0.549896240234375,0.7103097908246716,0.5643203160396092,0.45993668703984636,0.22352563180697013,1.3224023832135805,1.921862789559073
defocus_blur/s5,21760.0,0.6980738639831543,0.578281819820404,0.7080850768534865,0.566858771272481,0.4501754712144197,0.2254982442057028,1.3366433587876294,1.8983747324355948
defocus_blur/s5,21888.0,0.7292263507843018,0.6025248765945435,0.7119289448409074,0.5733435176946741,0.4507117491754343,0.23421447253193864,1.3097436921602488,1.880810620649986
defocus_blur/s5,22016.0,0.7024091482162476,0.5394654273986816,0.7101980727273329,0.5671838649135845,0.4582527947799007,0.23566411388976796,1.3198672828462448,1.9086385983751573
defocus_blur/s5,22144.0,0.7387624382972717,0.6047378778457642,0.715391593740049,0.5740118672648898,0.4729454684562824,0.24395245681890104,1.3047787626266527,1.8862832799710758
defocus_blur/s5,22272.0,0.6877050995826721,0.5832915306091309,0.710357685711435,0.5756990787820245,0.4522962923733219,0.23794973739728267,1.3450245217583434,1.8812069363343114
defocus_blur/s5,22400.0,0.7368572950363159,0.5840880870819092,0.715175796497777,0.5772243530183672,0.456708330123627,0.2415611487795949,1.3312529560735433,1.8774996671037831
defocus_blur/s5,22528.0,0.726293683052063,0.5875357389450073,0.717197230416738,0.5790991504595744,0.44611363373751295,0.22462957627421398,1.3192257098293259,1.8586965750258313
defocus_blur/s5,22656.0,0.7188280820846558,0.5965337157249451,0.7174937489018139,0.5822690714169145,0.455911154876147,0.2434469260425387,1.3237359750218787,1.8434035629522647
defocus_blur/s5,22784.0,0.7305855751037598,0.6127492785453796,0.7198740809385313,0.5878109272584536,0.45824549035321116,0.2517406667620771,1.3154925401601683,1.8254576691572106
defocus_blur/s5,22912.0,0.7131475210189819,0.6364760398864746,0.7186510700440678,0.5966591295544574,0.45163267392535456,0.2528446364416994,1.3160626803414515,1.7758039914952817
defocus_blur/s5,23040.0,0.7347053289413452,0.6016308069229126,0.7215700262072091,0.5975630708941765,0.45190400593892643,0.2622706116341177,1.2956266983999305,1.7527294822758248
defocus_blur/s5,23168.0,0.7242566347122192,0.5528985261917114,0.7220585004808473,0.5894422445846373,0.4492850957682125,0.2515168640642781,1.2830082761688795,1.7812412978485885
defocus_blur/s5,23296.0,0.716472864151001,0.5816770195960999,0.7210429302390571,0.5880303854958123,0.44998326017399204,0.2455592524162275,1.261629509989004,1.781847314504791
defocus_blur/s5,23424.0,0.6908854246139526,0.5412709712982178,0.715559747398129,0.5795286738235224,0.44771357650599347,0.23358257015873157,1.2828174353162651,1.8286411516785692
defocus_blur/s5,23552.0,0.7154891490936279,0.5773298144340515,0.7155469113427652,0.5791288812072549,0.4458565625958128,0.23372664831168943,1.2858280637470325,1.8461699501698723
defocus_blur/s5,23680.0,0.7137800455093384,0.6365182399749756,0.7152256630094147,0.5895633100741132,0.4429167330329377,0.24236725770956408,1.2944016049076836,1.7914007806798689
defocus_blur/s5,23808.0,0.6924828290939331,0.5913792848587036,0.711090602297509,0.5898934873076751,0.43482959975422175,0.2295504835805524,1.3108331173471202,1.7711470590955185
defocus_blur/s5,23936.0,0.6985180974006653,0.5552995204925537,0.7088046923162646,0.5836036751594712,0.44525830888981777,0.2176435774749974,1.325266215731739,1.8034622831989011
defocus_blur/s5,24064.0,0.7397086024284363,0.6059362292289734,0.7144235850639322,0.5876641395357443,0.4438477072734872,0.21216292702499787,1.3003382792771179,1.7739088451739344
defocus_blur/s5,24192.0,0.7435125708580017,0.6021841764450073,0.7197124915719448,0.5903041462465193,0.4554776695873986,0.21762194029318005,1.2704773689427415,1.7544199051539622
defocus_blur/s5,24320.0,0.7419745922088623,0.5824963450431824,0.7237601462332025,0.5888845460277307,0.4621521842078716,0.22208840569442004,1.246983415304404,1.768133203177061
defocus_blur/s5,24448.0,0.727055013179779,0.5954850316047668,0.7243592129507619,0.5900846343144645,0.4676131507155312,0.2214814228408891,1.2518867956660944,1.7527070370493203
defocus_blur/s5,24576.0,0.7197182178497314,0.6019223928451538,0.7235153956596654,0.592236954047317,0.46924030513088916,0.2252461641425456,1.2555261774818538,1.7454882800994571
defocus_blur/s5,24704.0,0.7052265405654907,0.6057286262512207,0.7201901492789062,0.5946899853571177,0.4691511587434547,0.22264458884390095,1.2719089381229147,1.7282130127943311
defocus_blur/s5,24832.0,0.7229428291320801,0.6019416451454163,0.7206906365249377,0.5960084689549902,0.4690782207900993,0.2190955726904644,1.2630781416728767,1.7110787038746276
defocus_blur/s5,24960.0,0.7479168176651001,0.5984876155853271,0.7256408512776945,0.5964592228877786,0.4718594533737176,0.22613501401947086,1.2285671519665289,1.7154343186245289
defocus_blur/s5,25000.0,0.694435715675354,0.5569955110549927,0.7199671902590872,0.5892840025545448,0.4497031880402299,0.21683773820134303,1.2775762314765318,1.7406582663080306
defocus_blur/s5,25128.0,0.40075552463531494,0.0656861662864685,0.6619287056002194,0.4940843959603491,0.4176548811238245,0.20724224034655336,1.6949139482732791,2.5754821378768478
defocus_blur/s5,25256.0,0.3638201355934143,0.06635168194770813,0.6077271474171639,0.4163148115944143,0.39569490273767455,0.19655046937445272,2.0885766457662944,3.2570152996979784
defocus_blur/s5,25384.0,0.3928241729736328,0.06603431701660156,0.5686538793365219,0.35262744894390285,0.3848299204217337,0.18496174767000675,2.3742942466908663,3.814936002736956
defocus_blur/s5,25512.0,0.4047376215457916,0.06119461730122566,0.5388509233745709,0.29963966137250697,0.3730994803450548,0.17548006627546006,2.594401158086872,4.275981903600966
defocus_blur/s5,25640.0,0.426819384098053,0.0733654722571373,0.5184815525970221,0.25849889971516704,0.369183665736863,0.1691427814981037,2.7508706698572762,4.637664275165261
defocus_blur/s5,25768.0,0.3853108286857605,0.0738847553730011,0.4942686937040654,0.22493269165295504,0.3574570901483425,0.16111682122572119,2.905290575170202,4.925749440189812
defocus_blur/s5,25896.0,0.4300423264503479,0.05964145436882973,0.48259117238520766,0.1948797394194777,0.34076034648500747,0.15881149009377185,2.994737081644494,5.185349274112376
defocus_blur/s5,26024.0,0.477769136428833,0.07822923362255096,0.48171443857495766,0.17367055654730917,0.3469857380331879,0.16828894644035877,3.0137113979601526,5.368543902662878
defocus_blur/s5,26152.0,0.40905997157096863,0.08468005061149597,0.46850453548332327,0.1574904645589795,0.34213605839079003,0.16610004708756626,3.0930857645769274,5.515027880365862
defocus_blur/s5,26280.0,0.4318505525588989,0.08309486508369446,0.4618401749516097,0.14396399192710949,0.3367476841379191,0.165729583980736,3.137419482846099,5.6374114532594355
defocus_blur/s5,26408.0,0.4700048565864563,0.081388920545578,0.4633246625215818,0.13258670622137647,0.33091855974920653,0.17110829598423855,3.1343813328139114,5.733506997552064
defocus_blur/s5,26536.0,0.4992491602897644,0.07713931798934937,0.46985638938852403,0.12250536290646244,0.32899018524935075,0.16698633307801333,3.1076565104337277,5.823633064026085
defocus_blur/s5,26664.0,0.507200300693512,0.07960140705108643,0.47664619144397635,0.11470464366003044,0.3373556061131051,0.1607729088820109,3.070094741280383,5.889295124894744
defocus_blur/s5,26792.0,0.5024477243423462,0.07583992183208466,0.4813373792436799,0.10763833060040393,0.33567731409254054,0.1542687436307362,3.0433712847358847,5.9476564341401765
defocus_blur/s5,26920.0,0.4709251821041107,0.10235527157783508,0.47944425249103095,0.10667777441448231,0.3328837115302604,0.15462897206151144,3.053594094568507,5.958336321897049
defocus_blur/s5,27048.0,0.48425212502479553,0.09721530973911285,0.4803184111335336,0.10495732629168786,0.33059803670657667,0.1591850680503275,3.0298450064014433,5.974946299780558
defocus_blur/s5,27176.0,0.5166504979133606,0.0949966087937355,0.4869242450935021,0.10314628674660561,0.3258870300326536,0.16291278295026795,2.9923123287627127,5.9942474036778775
defocus_blur/s5,27304.0,0.4880707263946533,0.10071936994791031,0.4871326962391659,0.10270502914684283,0.32629393366308024,0.16170136786840106,2.972289955139352,5.996754706125294
defocus_blur/s5,27432.0,0.5147150158882141,0.09987285733222961,0.4921476634480837,0.10219008881691315,0.3237859457243384,0.16071021007414632,2.941944660533715,6.0012171107699945
defocus_blur/s5,27560.0,0.5251774191856384,0.0961579978466034,0.4981530735821845,0.10109334500412956,0.3373589555926405,0.16416062642430151,2.9296822616641487,6.012303360877021
defocus_blur/s5,27688.0,0.5173363089561462,0.09257888793945312,0.5016409345592685,0.09954526190146111,0.3399414182121604,0.15704051252897397,2.8957148954964302,6.023044333060424
defocus_blur/s5,27816.0,0.4966425895690918,0.08498732000589371,0.5007321445610545,0.0968983633749943,0.3463157058099494,0.15121496479643323,2.8918805798912555,6.038580080487382
defocus_blur/s5,27944.0,0.5394314527511597,0.09902490675449371,0.5077683824138008,0.09728500762581238,0.33590603202632224,0.1464486075607181,2.8413752329098507,6.034562485286906
defocus_blur/s5,28072.0,0.5453022122383118,0.09506084024906158,0.5145927151091665,0.09688061355731223,0.33449129893062723,0.15533295164058752,2.794722590534307,6.0331570480649965
defocus_blur/s5,28200.0,0.5189321041107178,0.11560457944869995,0.5153816949276303,0.10028497099210999,0.33333379003414954,0.1597610513422989,2.7789662374868316,6.004870082117099
defocus_blur/s5,28328.0,0.5304301977157593,0.09775660932064056,0.5181177863436537,0.09982526887002463,0.3309662827552132,0.16622495109824456,2.768654538323743,6.0077744276769955
defocus_blur/s5,28456.0,0.536616325378418,0.10159821063280106,0.5214811570772472,0.10014762191780216,0.32618832225426536,0.15730905089856373,2.7501386998433386,5.995174989221963
defocus_blur/s5,28584.0,0.49490201473236084,0.10376018285751343,0.5166485857418133,0.10080445117956785,0.32511999093530797,0.15995740528064303,2.7639854549011194,5.98636206587754
defocus_blur/s5,28712.0,0.4769258201122284,0.1056344285607338,0.5094262647182524,0.10168262888523437,0.32566635621979745,0.15786287704779883,2.7967000710943015,5.977431410555965
defocus_blur/s5,28840.0,0.5307199358940125,0.11407066881656647,0.5132978412956632,0.1039349997818402,0.3388974732707434,0.1618309903118354,2.765187190986113,5.961252912070203
defocus_blur/s5,28968.0,0.5533162355422974,0.13359493017196655,0.5205739129768694,0.1093277143982268,0.3511433872215173,0.1579753557096835,2.7151948162234123,5.91708752040363
defocus_blur/s5,29096.0,0.5137511491775513,0.1048380583524704,0.5193334104679024,0.10851141329899835,0.33559458954487775,0.16192301830792283,2.720342686093636,5.9222765553346814
defocus_blur/s5,29224.0,0.5650509595870972,0.1121537834405899,0.5276456921259378,0.10917366241565137,0.3498614823549,0.1637324695246641,2.6704481707243386,5.914714514262422
defocus_blur/s5,29352.0,0.5661373734474182,0.11222190409898758,0.5346441796389343,0.10972788817625795,0.3515912128358273,0.1652129296110888,2.637469616767623,5.904260304066494
defocus_blur/s5,29480.0,0.564250111579895,0.12689946591854095,0.5400270763554726,0.11284999322030939,0.34590417413840413,0.16926512422725445,2.595527568110166,5.876364176782387
defocus_blur/s5,29608.0,0.5138413906097412,0.11573412269353867,0.5352660425835215,0.11337438039726017,0.3355693242950579,0.1612169198222991,2.6228783119659567,5.8671469243919985
defocus_blur/s5,29736.0,0.5250490307807922,0.119777612388134,0.5334084040739343,0.11453860439560086,0.3427385380595928,0.16457520712733564,2.6178494574487976,5.8614846212665705
defocus_blur/s5,29864.0,0.5535950660705566,0.13968491554260254,0.5370787062551383,0.11911066096778297,0.3557065311396669,0.1786865331041837,2.6063418400716323,5.821923159171273
defocus_blur/s5,29992.0,0.5974164009094238,0.13029906153678894,0.5480491961922811,0.12114491561669313,0.3705780709324547,0.1760276179943321,2.5455291064569794,5.803235321648388
defocus_blur/s5,30120.0,0.6279212236404419,0.14275340735912323,0.5625713830010376,0.12507373229713495,0.3770638762174629,0.17385214199536259,2.4632778215399744,5.7660719720402644
defocus_blur/s5,30248.0,0.5661300420761108,0.13767272233963013,0.5632184119237781,0.1273644577594068,0.37242726235974233,0.16639038890529664,2.4605421625477097,5.74620872474903
defocus_blur/s5,30376.0,0.6246209144592285,0.15769213438034058,0.57438250329386,0.13287858078139475,0.3842586692034255,0.16880804546796996,2.395500887759871,5.695744604445539
defocus_blur/s5,30504.0,0.618919849395752,0.15799455344676971,0.582480202585113,0.13744512126600839,0.3882570929846208,0.17220658265561178,2.351254216103402,5.655229988892275
defocus_blur/s5,30632.0,0.5420703291893005,0.13745459914207458,0.5751329528767835,0.13744684451620223,0.3815853488055988,0.1693053858091369,2.381319580784153,5.653976437611523
defocus_blur/s5,30760.0,0.5663963556289673,0.15320229530334473,0.5735444806499078,0.1403114719320463,0.3747061944773081,0.16693167929838473,2.368770126573642,5.630367450142294
defocus_blur/s5,30888.0,0.6079071164131165,0.1811244785785675,0.5797922326068548,0.14773201859505014,0.37618006820870664,0.1692509194259511,2.3287744988683134,5.5693183911586805
defocus_blur/s5,31016.0,0.5615118741989136,0.13480941951274872,0.5764685310781381,0.1453824551255408,0.37738596489803267,0.15978484316668726,2.3323633402328547,5.568319529789009
defocus_blur/s5,31144.0,0.627142071723938,0.17738588154315948,0.5856819021046471,0.15120125992874417,0.3897362440074812,0.17050578077274411,2.2601443201092852,5.514065653489924
defocus_blur/s5,31272.0,0.5778941512107849,0.15805065631866455,0.5842659473966721,0.1524466047269115,0.3913182905515755,0.16081154790497243,2.2683771146797027,5.494766769414785
defocus_blur/s5,31400.0,0.5731292963027954,0.1521162986755371,0.58224110174324,0.15238654908120705,0.3784081468149254,0.1571412664677047,2.2783648068359943,5.487092541785924
defocus_blur/s5,31528.0,0.6218824982643127,0.16958966851234436,0.589448628383435,0.15551438897777747,0.3749475746667571,0.16692239983721294,2.253753740244409,5.47275612066975
defocus_blur/s5,31656.0,0.595365583896637,0.19158920645713806,0.5905244384767445,0.16207344670129759,0.3806389247273467,0.1678228725940833,2.23175640430231,5.4191274207623765
defocus_blur/s5,31784.0,0.5825545787811279,0.18537503480911255,0.5890753730775414,0.16631009908453664,0.3739318475041927,0.17140053212243178,2.224246834024888,5.37918312672528
defocus_blur/s5,31912.0,0.6303561925888062,0.21220988035202026,0.5965809766250441,0.17465551386044273,0.376966966139794,0.1658049808274442,2.174771233828313,5.314778842631409
defocus_blur/s5,32040.0,0.6105889081954956,0.19134747982025146,0.599127873274217,0.17769041676222613,0.3879729722961951,0.1740108934042725,2.1621473738535806,5.273518289845176
defocus_blur/s5,32168.0,0.5775220394134521,0.16875380277633667,0.595199539844987,0.17606557785570076,0.37851197733325054,0.17078164005804114,2.175245944124831,5.286140392358455
defocus_blur/s5,32296.0,0.6355839967727661,0.20128659904003143,0.6025421683773104,0.18065121807103363,0.38071434509084134,0.1766622509565791,2.140432701974327,5.258845982336471
defocus_blur/s5,32424.0,0.6267589926719666,0.23506692051887512,0.6069452273399751,0.19054498215245935,0.3896185550743247,0.1843145689644738,2.117162335842209,5.1839291973955
defocus_blur/s5,32552.0,0.6160570383071899,0.2230987846851349,0.6086019202431051,0.19646385534021854,0.3841197268789929,0.19341646551638764,2.0985434290463467,5.132052480419649
defocus_blur/s5,32680.0,0.6398051977157593,0.2212403416633606,0.6142752434199513,0.20096867103533528,0.39098432199190325,0.19944301724068078,2.0853129709331615,5.100673983779961
defocus_blur/s5,32808.0,0.6637073755264282,0.23228494822978973,0.6232629038029471,0.20666253961614517,0.40086217253882994,0.2043738322878297,2.035962165857046,5.054990933933649
defocus_blur/s5,32936.0,0.6203750967979431,0.22468440234661102,0.6227378479838555,0.20993924193077532,0.4004213229863154,0.2027263173264061,2.0262028586848397,5.019776566406916
defocus_blur/s5,33064.0,0.609512984752655,0.24006785452365875,0.6203333273963644,0.21541717149311773,0.39864017335243984,0.19711698690342316,2.0225764360197958,4.9709882819496745
defocus_blur/s5,33192.0,0.6303013563156128,0.2689248025417328,0.6221456962907732,0.225145831683775,0.4000237781974507,0.20105026201189166,2.013972020650607,4.895421901928551
defocus_blur/s5,33320.0,0.5866374969482422,0.2290775179862976,0.6156896600466766,0.2258606837387791,0.39973536397973236,0.19290475982791136,2.050607293712579,4.888483675707877
defocus_blur/s5,33448.0,0.6580125689506531,0.25232669711112976,0.6233847343928541,0.23067268617011558,0.4023402978015992,0.19192207622283655,1.997605786974443,4.840247408143092
defocus_blur/s5,33576.0,0.6784402132034302,0.25010621547698975,0.6333948214493225,0.23420605513500176,0.4286193345649448,0.17407260781868444,1.9436598145868667,4.8093131148745325
defocus_blur/s5,33704.0,0.6347835063934326,0.22774024307727814,0.6336473096209788,0.23303045294268834,0.41602945555313664,0.1765139518516509,1.9416802409486027,4.805457182683433
defocus_blur/s5,33832.0,0.6582331657409668,0.2434220314025879,0.6381174652791584,0.23491983084448825,0.4256150090889299,0.17851141515135072,1.9123162749027163,4.777507750520288
defocus_blur/s5,33960.0,0.6392961740493774,0.26795539259910583,0.6383317759646527,0.24092629661805506,0.434878189254579,0.18298661239655967,1.912256440461897,4.736403006040924
defocus_blur/s5,34088.0,0.6561678051948547,0.2768336236476898,0.6415746903701439,0.24745490153253408,0.42825260939011006,0.18806859196082154,1.890138702724107,4.672552339914609
defocus_blur/s5,34216.0,0.655792236328125,0.27339255809783936,0.6441596987261404,0.25217083908986226,0.4214112258646355,0.1879652116043085,1.8832671402262513,4.622237828116392
defocus_blur/s5,34344.0,0.642095685005188,0.2729405164718628,0.643784423504149,0.2559471440684078,0.4243364575256108,0.19214199131261606,1.8699593781097528,4.58766901499096
defocus_blur/s5,34472.0,0.6233854293823242,0.28360477089881897,0.6400755154819989,0.2609758034921189,0.4210480107027724,0.1884570838012313,1.8898203566939014,4.535855260811584
defocus_blur/s5,34600.0,0.6358527541160583,0.3163727819919586,0.6393077406881915,0.2710479814011807,0.41267564512045013,0.1797603412919165,1.894512300757146,4.454640188533341
defocus_blur/s5,34728.0,0.6701677441596985,0.3005381226539612,0.6449186504102836,0.2764098252653226,0.4058255278258228,0.1840084610570226,1.8568748276891296,4.4050826257344875
defocus_blur/s5,34856.0,0.5980044007301331,0.3271815776824951,0.6363887868320743,0.2856410529775358,0.3931186136756732,0.19458646813756394,1.9045455597852021,4.346898102696114
defocus_blur/s5,34984.0,0.6714010238647461,0.34317272901535034,0.6427546481107419,0.2961013577116839,0.39124477482555076,0.19897983756709775,1.8751523177472853,4.263535692422531
defocus_blur/s5,35112.0,0.6105945110321045,0.31601107120513916,0.6369073504600805,0.2997213056195848,0.3953934521299961,0.19263123073671634,1.901219233652253,4.223955572298122
defocus_blur/s5,35240.0,0.6542505621910095,0.32952719926834106,0.6400606616838858,0.30514055901026776,0.39736736992454225,0.1945391887845861,1.8695909094650358,4.163659264269974
defocus_blur/s5,35368.0,0.6511209607124329,0.34406185150146484,0.6420716251436216,0.31221715764503083,0.4060846663018982,0.20462297264193408,1.8559998744053305,4.117076491461699
defocus_blur/s5,35496.0,0.6844358444213867,0.3386251926422119,0.6497742104668516,0.3170186185536092,0.4146374542470076,0.19866879579794605,1.8117500928306574,4.064861418290439
defocus_blur/s5,35624.0,0.6727157831192017,0.3197115361690521,0.6539454054945515,0.3175082399382352,0.4258965534748244,0.18527446928922858,1.794782247375141,4.051888044436007
defocus_blur/s5,35752.0,0.6550922393798828,0.32528841495513916,0.6541539207464299,0.3189228172140359,0.4280062710248563,0.1970427476002779,1.792415082100324,4.031911678552001
defocus_blur/s5,35880.0,0.6459091901779175,0.3287106156349182,0.6526548788248822,0.3207024169269236,0.4283119490203369,0.19388724803659102,1.786623775669086,4.002028021573508
defocus_blur/s5,36008.0,0.6222984790802002,0.340101957321167,0.6471355334167582,0.3242296060895133,0.42145977647118477,0.19130547566630174,1.80537538613093,3.965895723234104
defocus_blur/s5,36136.0,0.6688885688781738,0.3579922914505005,0.6510906307733793,0.3303682761551473,0.4243761807491511,0.19061357099970141,1.767557769080824,3.9058756971336113
defocus_blur/s5,36264.0,0.6361631751060486,0.32580915093421936,0.6483765479247736,0.3295393442967967,0.41113732970385086,0.18578610354521025,1.7910161796435657,3.9032127323998673
defocus_blur/s5,36392.0,0.6399428844451904,0.3392665982246399,0.6468431545648494,0.33130793592004093,0.4201919061213325,0.20030226653699018,1.8027915073978584,3.8768811439861217
defocus_blur/s5,36520.0,0.6528140306472778,0.40457338094711304,0.6479287683980182,0.34462892592496314,0.4062933777356357,0.20081549080299194,1.7909504430034768,3.7747651622015796
defocus_blur/s5,36648.0,0.620283305644989,0.4048554301261902,0.6429023206247401,0.3555791994160953,0.4020241272382473,0.2069172197479025,1.8097782235150182,3.6960392338567343
defocus_blur/s5,36776.0,0.6813960671424866,0.3600205183029175,0.6499011836279667,0.35638671194097205,0.40279246774038413,0.20906863433919293,1.7766425474777527,3.6784935275966495
defocus_blur/s5,36904.0,0.6773430705070496,0.4136049449443817,0.6548906176059818,0.3667900270325011,0.41762565542395064,0.2221925190047942,1.7289036943935296,3.592334293256123
defocus_blur/s5,37032.0,0.6561585664749146,0.37206894159317017,0.6551211537639695,0.36774982967989545,0.4198187180741414,0.2102029700948316,1.7244687325106107,3.5706062069778435
defocus_blur/s5,37160.0,0.6731747984886169,0.39791226387023926,0.6584036346229962,0.3732339086235943,0.4201925875152066,0.20607515735031676,1.723258775446581,3.5273582082914867
defocus_blur/s5,37288.0,0.708027720451355,0.380717933177948,0.6674261956826978,0.37459464036074946,0.43044166251244176,0.2112205832866228,1.6940395089499791,3.4981936927758204
defocus_blur/s5,37416.0,0.6790791749954224,0.4015735983848572,0.6695449191941023,0.37949990545604173,0.4288840875101796,0.20690774996178227,1.6844326842247876,3.461248098405048
defocus_blur/s5,37544.0,0.68211430311203,0.40539151430130005,0.6718302617246346,0.3842074707006341,0.43329152614469235,0.20479952269600368,1.668071588745396,3.4369938307934276
defocus_blur/s5,37672.0,0.6577655076980591,0.4106147289276123,0.6692730337198026,0.3890087903782665,0.426954430482021,0.21159733675127573,1.697209120504434,3.399362233600828
defocus_blur/s5,37800.0,0.6284641027450562,0.4150407016277313,0.6618532280880305,0.3937418651508965,0.4189286249398353,0.21715918461468015,1.7253454821047796,3.3613504826928917
defocus_blur/s5,37928.0,0.6495323777198792,0.4148654639720917,0.6596130734756394,0.3975825194820229,0.4208847840416834,0.21744842377564738,1.734115017820836,3.3156713133431897
defocus_blur/s5,38056.0,0.6666898131370544,0.39967870712280273,0.6608997534140784,0.3979636445076192,0.42532618694319546,0.22478734672552966,1.7251887321765647,3.2901973089340673
defocus_blur/s5,38184.0,0.7001288533210754,0.40709981322288513,0.6680323170335323,0.399624766092213,0.43464188022625083,0.2236896473208879,1.6982377225942575,3.286016238881513
defocus_blur/s5,38312.0,0.6648108959197998,0.4168168008327484,0.6674466041037628,0.4027505905904921,0.4166956292760234,0.21284834780799916,1.68960034750704,3.2356910595731554
defocus_blur/s5,38440.0,0.6890041828155518,0.47100523114204407,0.6713661638695425,0.4151605252362288,0.4176373330440191,0.21250092093381748,1.6655268119368014,3.163978480976003
defocus_blur/s5,38568.0,0.668700098991394,0.4236820340156555,0.6708814248007882,0.4167098904688518,0.4198282724905611,0.20795529894585066,1.6638013650010708,3.1444002582386226
defocus_blur/s5,38696.0,0.6995077729225159,0.4364226758480072,0.676086215368375,0.4202940332650619,0.4244617684013682,0.21133842641024145,1.6371946656457959,3.1383782132448195
defocus_blur/s5,38824.0,0.692760169506073,0.4118293523788452,0.679117843393411,0.4187550003766588,0.4268323559647557,0.20274280342656115,1.6375015478583121,3.144235191343706
defocus_blur/s5,38952.0,0.7028811573982239,0.43976250290870667,0.6834384459397405,0.4225745462915766,0.4358742003348001,0.19997138462173183,1.6066864106805712,3.1122222848359677
defocus_blur/s5,39080.0,0.6884422302246094,0.4415273070335388,0.6843482249006256,0.42602050279011516,0.43759025481938185,0.20196522378141696,1.586427713558207,3.0614118013293035
defocus_blur/s5,39208.0,0.6796549558639526,0.4581593871116638,0.6834949032575942,0.431863936303124,0.4262102084885851,0.20785791036661388,1.5799712038515343,3.032187979344115
defocus_blur/s5,39336.0,0.688118040561676,0.45701971650123596,0.6843354736765181,0.43643771452096247,0.4296833523997514,0.21409965393632044,1.5567054285091433,2.986329545424948
defocus_blur/s5,39464.0,0.7123624682426453,0.44006115198135376,0.6894312908703594,0.4370965213319427,0.43394547014525114,0.20216108049335307,1.5399938550983454,2.9655322079061675
defocus_blur/s5,39592.0,0.6898379325866699,0.4830756187438965,0.6895052257278703,0.4454563572250252,0.43175083920975094,0.2122795204036525,1.5340287788939408,2.914798225397349
defocus_blur/s5,39720.0,0.6579110622406006,0.47598996758461,0.6837608323665485,0.45100792274494966,0.43421659571706894,0.22055824396662477,1.5652400231549901,2.878357512382876
defocus_blur/s5,39848.0,0.6647922992706299,0.47856831550598145,0.6803120081672905,0.45601890324695543,0.4234499419503291,0.2188090177908748,1.5833180256477617,2.8366319016664225
defocus_blur/s5,39976.0,0.6766436100006104,0.4817674160003662,0.6796450266824395,0.4607004510203028,0.4345272252320874,0.21169601455617026,1.579585880674418,2.8017235405918415
defocus_blur/s5,40104.0,0.7222340106964111,0.4809531271457672,0.6873884783213435,0.46438275577038723,0.43932909337170784,0.21723992100050293,1.5476697444678678,2.7727719280673524
defocus_blur/s5,40232.0,0.6840330362319946,0.5234786868095398,0.6867783979414619,0.4751274705047786,0.43757607639503365,0.22603720809132055,1.5422735127341747,2.6902155767966502
defocus_blur/s5,40360.0,0.6771924495697021,0.48794233798980713,0.6850354982375055,0.4774574464111474,0.44750542614139116,0.21903044298380772,1.5579221611021863,2.6707896230780963
defocus_blur/s5,40488.0,0.6887330412864685,0.4858277440071106,0.6857077787918624,0.4789793187013225,0.4556294395702291,0.21897945335038813,1.5523369175303174,2.662931624176601
defocus_blur/s5,40616.0,0.6724324226379395,0.4815977215766907,0.6832940776729672,0.4794553919513894,0.4551740869210965,0.22177864365031758,1.5599776719463028,2.6698259194784537
defocus_blur/s5,40744.0,0.6905609369277954,0.543311595916748,0.6846153248102087,0.4910656108541819,0.461903798389988,0.22833025389571437,1.5367707621876887,2.599523583333046
defocus_blur/s5,40872.0,0.6818714737892151,0.5105715394020081,0.6841164428063916,0.494612143317423,0.45888719868271743,0.23653157136922084,1.5386554933535368,2.5547055650410466
defocus_blur/s5,41000.0,0.7127435207366943,0.5133858919143677,0.6893213660664466,0.4980255521532311,0.46068043528585967,0.23613946748390796,1.5130058638302284,2.542849755990837
defocus_blur/s5,41128.0,0.6504915952682495,0.47350800037384033,0.6822614077395016,0.4935678154660691,0.45362490159752156,0.22587547339592468,1.5414548119670528,2.561250082505021
defocus_blur/s5,41256.0,0.7224550843238831,0.4999443292617798,0.6895693489366619,0.49472718161074375,0.4705794649434267,0.2174776600512111,1.4955659942816368,2.5338051361270435
defocus_blur/s5,41384.0,0.7032476663589478,0.5320689678192139,0.6920563157407138,0.501516597285011,0.4674059258628036,0.21912944913280907,1.4835129627035968,2.4985675629508237
defocus_blur/s5,41512.0,0.6964649558067322,0.5003814697265625,0.692857886661808,0.5013102104562022,0.4648093938877484,0.2119581856541165,1.4758065002978047,2.4914716224669116
defocus_blur/s5,41640.0,0.7251172661781311,0.5412715673446655,0.6987232283920486,0.50857591170865,0.4669463222717941,0.2202953337170044,1.4382175091575653,2.45250052816207
defocus_blur/s5,41768.0,0.7073907852172852,0.5263038873672485,0.7002991478148188,0.5117991800102133,0.4757969909496497,0.23990072758663997,1.432323955704223,2.419860774331755
defocus_blur/s5,41896.0,0.6777865886688232,0.492491215467453,0.6962059552428196,0.5082886410024386,0.468833901686077,0.24031650438906904,1.438853781230979,2.4284744593664733
defocus_blur/s5,42024.0,0.69071364402771,0.5440647602081299,0.6952073532037086,0.5147933899489279,0.46881864683406305,0.24775895813651103,1.4320571971002487,2.383483740402736
defocus_blur/s5,42152.0,0.7026940584182739,0.5057252645492554,0.6965685723336296,0.5131446398762601,0.4631243474096879,0.2353823293844181,1.4305747437528535,2.388059669771095
defocus_blur/s5,42280.0,0.681842565536499,0.5123774409294128,0.693891116552333,0.5130051491586515,0.4598858296988355,0.2394605422236148,1.4535609663658602,2.3725260393497347
defocus_blur/s5,42408.0,0.6915258169174194,0.5025081634521484,0.6934610620732578,0.5110966063029236,0.46717931520813816,0.24563817091023027,1.4691256865425486,2.3867357235071602
defocus_blur/s5,42536.0,0.6876152753829956,0.49075764417648315,0.6923981917659373,0.5073986131890253,0.4731467124430221,0.2421698671083702,1.4660040832023928,2.411267209669477
defocus_blur/s5,42664.0,0.7168184518814087,0.5377229452133179,0.6968382390596592,0.5129121281025331,0.4624041283624726,0.2379117094523029,1.4441597485917081,2.3787969529253727
defocus_blur/s5,42792.0,0.7060879468917847,0.4949631989002228,0.6985200041200457,0.5096486864293858,0.44509201411475025,0.23016639864279326,1.445432383177817,2.38809468905675
defocus_blur/s5,42920.0,0.6567244529724121,0.5446527004241943,0.690920813002294,0.5160130526102601,0.4422911933666138,0.23235205343501264,1.4718843251668379,2.3367208558907366
defocus_blur/s5,43048.0,0.6902919411659241,0.5194100737571716,0.6908064726684086,0.5166306928187894,0.4471018854817749,0.22419713462864668,1.4890103516418525,2.3351668595121873
defocus_blur/s5,43176.0,0.7069411277770996,0.5277281999588013,0.6937400463245342,0.5186484213897006,0.44109472448508846,0.21894538287798365,1.4740390921808473,2.3311942121261824
defocus_blur/s5,43304.0,0.7114535570144653,0.5417754054069519,0.6969606846317944,0.5228533275746553,0.44044113821507236,0.22175076780925934,1.4459960361917337,2.297890725531995
defocus_blur/s5,43432.0,0.6843160390853882,0.5431129336357117,0.6946616581688114,0.5265368923130291,0.4285427494486955,0.22404608275303034,1.451818804898006,2.272831881153708
defocus_blur/s5,43560.0,0.7061445713043213,0.5128427743911743,0.696749460557086,0.5240470526908737,0.4344327040943872,0.2216627040706612,1.4376571565526255,2.2844517156005923
defocus_blur/s5,43688.0,0.695239782333374,0.5509434938430786,0.6964749736073201,0.5289373147185473,0.44351312153177136,0.23107630333054097,1.4415745184901785,2.243907770611022
defocus_blur/s5,43816.0,0.7014445662498474,0.524340033531189,0.6973785359059614,0.5281014454117549,0.44952209943508564,0.23877833908862442,1.4303547235578375,2.2321434463402148
defocus_blur/s5,43944.0,0.7130919098854065,0.5676715970039368,0.7002355129931332,0.5352960184285152,0.45159762681052457,0.23655727743614724,1.4299025718935574,2.169158451557743
defocus_blur/s5,44072.0,0.7280061841011047,0.5605566501617432,0.7052847259218553,0.5398888605618293,0.4504548764813383,0.23758095426593864,1.4051048688916925,2.1315597128872876
defocus_blur/s5,44200.0,0.7168759107589722,0.6070886850357056,0.7073922140740583,0.5521070104661704,0.4466789898483677,0.25120259894485886,1.3921001986613515,2.0607579809973027
defocus_blur/s5,44328.0,0.718105137348175,0.5503228902816772,0.7093400183057158,0.5517826249780807,0.44927144623957355,0.23819985368215724,1.3691710750583066,2.035662499006449
defocus_blur/s5,44456.0,0.7195930480957031,0.5538871884346008,0.711204205540259,0.5521652728792662,0.4613357287414692,0.2304021530126741,1.367836680221822,2.0375602084960653
defocus_blur/s5,44584.0,0.6975382566452026,0.5596557855606079,0.7087194875593397,0.5535271842758738,0.4612633235157475,0.22828357973764243,1.3900594219903508,2.03343591678409
defocus_blur/s5,44712.0,0.7107312679290771,0.5431002974510193,0.7090852658083828,0.5516313866713547,0.45836317378561153,0.23081156523988924,1.3768372133650852,2.027223621619844
defocus_blur/s5,44840.0,0.7189793586730957,0.5723737478256226,0.7108841917837851,0.5554027250630397,0.4673539603700458,0.23430037155990935,1.3776586377034246,2.0054115231577128
defocus_blur/s5,44968.0,0.7147759199142456,0.5443224906921387,0.7115917787165961,0.5533881369956031,0.47328960393912833,0.22863212218538034,1.3615442452167645,2.030183405421829
defocus_blur/s5,45096.0,0.7032483220100403,0.5582845211029053,0.7100747865881314,0.5542783886514762,0.4568392214047413,0.22683537269712936,1.376274374723584,2.0250926321820693
defocus_blur/s5,45224.0,0.7120516896247864,0.5602327585220337,0.7104342235038867,0.5553610013552138,0.4448002720584247,0.22820621402492403,1.375703075474081,2.0195440627831984
defocus_blur/s5,45352.0,0.7570358514785767,0.5733474493026733,0.7189072467720121,0.5586312646183882,0.4619388589568929,0.2378505387476651,1.3355727674843867,2.0149436791673656
defocus_blur/s5,45480.0,0.7144204378128052,0.5467672348022461,0.7180914633248835,0.5564741682881805,0.4574954300556396,0.23437771352081688,1.3283338071770558,2.006887717675243
defocus_blur/s5,45608.0,0.6835684776306152,0.5393801927566528,0.7118145568350165,0.5533661727369936,0.4552803518637051,0.22017267469885016,1.3549298201257876,2.0350334565458574
defocus_blur/s5,45736.0,0.6823035478591919,0.530005931854248,0.706448918839412,0.549118856212858,0.45062710607030415,0.20570946111724103,1.395560981543624,2.0530671358610726
defocus_blur/s5,45864.0,0.7101179361343384,0.5833080410957336,0.7071160128930349,0.5553350716461081,0.44113808678479427,0.206660013641379,1.3811453269653131,2.020978240574398
defocus_blur/s5,45992.0,0.717156171798706,0.5817373394966125,0.7089414963304297,0.5601354839825634,0.4376357073693771,0.2116991020702192,1.3713789273445667,1.9813675027584474
defocus_blur/s5,46120.0,0.7243303060531616,0.5403294563293457,0.7117394617345628,0.5565343880456147,0.43477012421130856,0.20445835623927022,1.3556251327404807,1.9998890005590244
defocus_blur/s5,46248.0,0.745537281036377,0.578641414642334,0.7178845197894381,0.5605538474268363,0.4324255561728888,0.21415910965031199,1.3136888254942756,1.9750529616834134
defocus_blur/s5,46376.0,0.7101597785949707,0.5845892429351807,0.7164800213904441,0.5649239193374443,0.43050727323236354,0.22067563516843708,1.3229105398813914,1.9427511223143943
defocus_blur/s5,46504.0,0.7095421552658081,0.5792335271835327,0.7152185911859648,0.5675256662185513,0.45450595082647927,0.22458688331963034,1.3146595027576817,1.9183860525207037
defocus_blur/s5,46632.0,0.6882199048995972,0.549896240234375,0.7103097391338978,0.5643203160396101,0.45993668703984664,0.22352563180697024,1.3224024013929148,1.9218627895590645
defocus_blur/s5,46760.0,0.6980739831924438,0.578281819820404,0.7080850562354517,0.5668587712724816,0.4501754712144199,0.2254982442057029,1.33664337366163,1.898374732435588
defocus_blur/s5,46888.0,0.7292265295982361,0.6025248765945435,0.7119289604832306,0.5733435176946746,0.45071174917543444,0.23421447253193872,1.3097437043298856,1.8808106206499804
defocus_blur/s5,47016.0,0.7024091482162476,0.5394654273986816,0.7101980855255974,0.567183864913585,0.4582527947799009,0.23566411388976805,1.319867249454388,1.9086385983751524
defocus_blur/s5,47144.0,0.7387622594833374,0.6047378778457642,0.7153915716997319,0.5740118672648903,0.47294546845628255,0.24395245681890113,1.3047787136316262,1.8862832799710718
defocus_blur/s5,47272.0,0.6877049207687378,0.5832915306091309,0.7103576351668239,0.5756990787820249,0.45229629237332203,0.23794973739728273,1.3450244816715036,1.881206936334308
defocus_blur/s5,47400.0,0.7368571758270264,0.5840880870819092,0.7151757334686789,0.5772243530183674,0.4567083301236271,0.24156114877959495,1.3312529666240525,1.8774996671037805
defocus_blur/s5,47528.0,0.7262937426567078,0.5875357389450073,0.717197189684684,0.5790991504595746,0.44611363373751306,0.224629576274214,1.3192256967871443,1.8586965750258293
defocus_blur/s5,47656.0,0.7188278436660767,0.5965337157249451,0.7174936722267553,0.5822690714169146,0.455911154876147,0.24344692604253873,1.3237359426765867,1.8434035629522632
defocus_blur/s5,47784.0,0.7305854558944702,0.6127492785453796,0.7198739965299762,0.5878109272584537,0.45824549035321116,0.2517406667620771,1.3154924920214222,1.8254576691572093
defocus_blur/s5,47912.0,0.7131473422050476,0.6364760398864746,0.7186509684708982,0.5966591295544575,0.45163267392535456,0.2528446364416994,1.3160625976063722,1.7758039914952806
defocus_blur/s5,48040.0,0.7347050309181213,0.6016308069229126,0.7215698889158477,0.5975630708941766,0.45190400593892643,0.2622706116341177,1.295626630707593,1.752729482275824
defocus_blur/s5,48168.0,0.7242563962936401,0.5528985261917114,0.722058344802719,0.5894422445846375,0.4492850957682125,0.2515168640642781,1.2830081774354072,1.7812412978485876
defocus_blur/s5,48296.0,0.7164729833602905,0.5816770195960999,0.7210428245404593,0.5880303854958124,0.44998326017399204,0.2455592524162275,1.2616294292070722,1.7818473145047904
defocus_blur/s5,48424.0,0.6908853054046631,0.5412709712982178,0.7155596392430418,0.5795286738235225,0.44771357650599347,0.23358257015873157,1.28281741257079,1.8286411516785688
defocus_blur/s5,48552.0,0.7154891490936279,0.5773298144340515,0.7155468228522393,0.579128881207255,0.4458565625958128,0.23372664831168943,1.2858280884859308,1.846169950169872
defocus_blur/s5,48680.0,0.7137799263000488,0.6365182399749756,0.7152255689336591,0.5895633100741133,0.4429167330329377,0.24236725770956408,1.2944016684974333,1.7914007806798686
defocus_blur/s5,48808.0,0.692483127117157,0.5913792848587036,0.7110905795124768,0.5898934873076752,0.43482959975422175,0.2295504835805524,1.3108331260262647,1.7711470590955183
defocus_blur/s5,48936.0,0.6985180377960205,0.5552995204925537,0.7088046628367575,0.5836036751594713,0.44525830888981777,0.2176435774749974,1.3252661794840248,1.803462283198901
defocus_blur/s5,49064.0,0.7397089004516602,0.6059362292289734,0.7144236151303761,0.5876641395357444,0.4438477072734872,0.21216292702499787,1.3003382496198972,1.773908845173934
defocus_blur/s5,49192.0,0.7435126900672913,0.6021841764450073,0.7197125378461788,0.5903041462465194,0.4554776695873986,0.21762194029318005,1.270477279654494,1.7544199051539617
defocus_blur/s5,49320.0,0.7419750690460205,0.5824963450431824,0.7237602707916047,0.5888845460277308,0.4621521842078716,0.22208840569442004,1.246983342250383,1.7681332031770607
defocus_blur/s5,49448.0,0.7270548343658447,0.5954850316047668,0.7243592823505574,0.5900846343144646,0.4676131507155312,0.2214814228408891,1.2518867358946226,1.75270703704932
defocus_blur/s5,49576.0,0.7197181582450867,0.6019223928451538,0.7235154416041081,0.5922369540473171,0.46924030513088916,0.2252461641425456,1.2555261936011712,1.745488280099457
defocus_blur/s5,49704.0,0.7052267789840698,0.6057286262512207,0.7201902302186466,0.5946899853571177,0.4691511587434547,0.22264458884390095,1.2719089729858637,1.728213012794331
defocus_blur/s5,49832.0,0.7229424715042114,0.6019416451454163,0.7206906377251129,0.5960084689549902,0.4690782207900993,0.2190955726904644,1.263078278569189,1.7110787038746273
defocus_blur/s5,49960.0,0.7479166388511658,0.5984876155853271,0.7256408197480315,0.5964592228877786,0.4718594533737176,0.22613501401947086,1.2285673289958514,1.7154343186245287
defocus_blur/s5,50000.0,0.694435715675354,0.5569955110549927,0.7199671644620902,0.5892840025545448,0.4497031880402299,0.21683773820134303,1.2775763329698722,1.7406582663080306
