corruption,n_samples,r,r_ema,model_acc_ema,frozen_acc_ema,model_ent_ema,frozen_ent_ema
pixelate/s5,128.0,0.14486002922058105,0.14486002922058105,0.5284090909090908,0.5284090909090908,5.779408021406693,5.780705625360662
pixelate/s5,256.0,0.14434543251991272,0.1447664661840959,0.5022304658151765,0.49938955672426744,5.789484821523068,5.79555802090915
pixelate/s5,384.0,0.14715266227722168,0.14520032001920966,0.47463361761181233,0.4698909429311211,5.79597331065409,5.808346282028634
pixelate/s5,512.0,0.13241121172904968,0.14287502760281692,0.4512526696409653,0.4504022014662877,5.832010255967969,5.852031505939238
pixelate/s5,640.0,0.14698311686515808,0.1436219529232426,0.4591030267844478,0.45285188693197764,5.832485836431892,5.862458661434955
pixelate/s5,768.0,0.1552698016166687,0.1457397435947746,0.4573850840457873,0.45035952761562137,5.799966608332918,5.840833882443754
pixelate/s5,896.0,0.13039056956768036,0.14294898468075745,0.4479705934521386,0.4432675350154159,5.823146179216898,5.8735436333782785
pixelate/s5,1024.0,0.18427953124046326,0.15046362950979486,0.4724018022282911,0.4664125647623858,5.734333492070203,5.801840088599764
pixelate/s5,1152.0,0.13601040840148926,0.14783577112646656,0.43193839653298816,0.4250881631880434,5.787958054804694,5.861088580078176
pixelate/s5,1280.0,0.14990845322608948,0.1482126224173071,0.4296447117286945,0.4250590183324918,5.786268331411581,5.870829576968896
pixelate/s5,1408.0,0.1583055555820465,0.15004770117453242,0.41752042685970453,0.41212628499943665,5.774442075714683,5.873459686361886
pixelate/s5,1536.0,0.1961115151643753,0.15842294008177657,0.42696615351765344,0.42103081888392035,5.674297563637604,5.796376961251051
pixelate/s5,1664.0,0.17096155881881714,0.16070268894305664,0.4436199044209085,0.43164046553386404,5.656112778160773,5.79378415139398
pixelate/s5,1792.0,0.17136284708976746,0.1626408995151859,0.4594170434553188,0.4457159314730825,5.639722210200677,5.789338670185968
pixelate/s5,1920.0,0.17735308408737183,0.16531584216467424,0.4588866158667836,0.44170859875470814,5.628527931804139,5.796601905663093
pixelate/s5,2048.0,0.18012842535972595,0.1680090391092291,0.4528497180595824,0.4465156735465401,5.612834541653215,5.800286141911334
pixelate/s5,2176.0,0.19754813611507416,0.17337978401938273,0.4568146872960841,0.44508487237413014,5.581427203566444,5.788177861968792
pixelate/s5,2304.0,0.18017281591892242,0.17461488072838993,0.44113214604118023,0.43327995588681434,5.575762926243221,5.793399697084149
pixelate/s5,2432.0,0.18383637070655823,0.17629151526987508,0.4280512713168231,0.42279484650274346,5.560171466843323,5.798999394994896
pixelate/s5,2560.0,0.19957832992076874,0.18052548157003756,0.4360818427823361,0.4250734096423323,5.5242523385461935,5.786934117704183
pixelate/s5,2688.0,0.19632788002490997,0.1833986449254689,0.44094115095346464,0.42556567091759434,5.513063478324956,5.788349897068341
pixelate/s5,2816.0,0.15829478204250336,0.17883430621947516,0.4294730018779391,0.42486214334153005,5.579629985066041,5.84994492109263
pixelate/s5,2944.0,0.19274736940860748,0.18136395407204464,0.4468476293563063,0.43911226124515645,5.552995716354033,5.843767690201039
pixelate/s5,3072.0,0.16831757128238678,0.17899188447392503,0.43859221469306453,0.43108961289965014,5.574179743443665,5.872669168828064
pixelate/s5,3200.0,0.21530525386333466,0.1855943152719995,0.4309997470259357,0.41616329458571616,5.495516800616839,5.827495524951978
pixelate/s5,3328.0,0.20965996384620667,0.18996988774003715,0.44192958271984123,0.42166716414415706,5.470046153759064,5.81586268522196
pixelate/s5,3456.0,0.1705172061920166,0.18643303654948792,0.45363674545708377,0.4297420685593117,5.520524658436808,5.85980111518232
pixelate/s5,3584.0,0.18562564253807068,0.18628623763832114,0.4467526973720974,0.43256493845705984,5.496507225382212,5.856115466869974
pixelate/s5,3712.0,0.18280401825904846,0.18565310684208974,0.4243241197284288,0.4068203307026599,5.5142634398827095,5.874094960511267
pixelate/s5,3840.0,0.1873522698879242,0.185962045577696,0.43539465866117955,0.4089561717926896,5.49988186544477,5.878498390941447
pixelate/s5,3968.0,0.21924327313899994,0.19201317786156943,0.44848733348393,0.4204582637620484,5.416004466870125,5.835358065070517
pixelate/s5,4096.0,0.17818212509155273,0.18949844099429364,0.4531196199355233,0.426866688964677,5.476534230950075,5.886195189843216
pixelate/s5,4224.0,0.2102436125278473,0.19327029036403065,0.4531213984692346,0.42986530418296554,5.433170956839957,5.8766388427969884
pixelate/s5,4352.0,0.21498055756092072,0.1972176116725561,0.4520895312066777,0.4290317325522331,5.3990942995086595,5.86638950749232
pixelate/s5,4480.0,0.23171626031398773,0.2034900932437255,0.42712191758463547,0.40884562261761054,5.327912464932599,5.828811572846259
pixelate/s5,4608.0,0.21277625858783722,0.2051784869426549,0.45250516796987994,0.4327809539836897,5.317631882337793,5.839957842775738
pixelate/s5,4736.0,0.20684155821800232,0.20548086353817258,0.44186296368231626,0.42478518407172616,5.338445779004316,5.861798045502492
pixelate/s5,4864.0,0.28003400564193726,0.2190359802843116,0.45746611618402977,0.4408685942959489,5.194834849573431,5.786819714445528
pixelate/s5,4992.0,0.2256014198064804,0.22022969656106955,0.4655868215777389,0.44001327386753597,5.216089145607839,5.811477604231158
pixelate/s5,5120.0,0.2673335075378418,0.2287940258295736,0.470506467337164,0.44305640647330913,5.135644118628507,5.7665421995610435
pixelate/s5,5248.0,0.20522835850715637,0.22450935904367952,0.4836138335066965,0.4536162721019672,5.209292313710799,5.829326661395243
pixelate/s5,5376.0,0.232026606798172,0.22587613136267815,0.4898055414383671,0.46223485983685403,5.210529931663251,5.836883101165656
pixelate/s5,5504.0,0.23696452379226685,0.22789220271351246,0.49627478393808044,0.4628390384031832,5.206785866631134,5.867296938539285
pixelate/s5,5632.0,0.24557384848594666,0.23110704739940957,0.4802025413139216,0.45549555463353586,5.183595708169047,5.864425203029279
pixelate/s5,5760.0,0.2553345561027527,0.2355120489818356,0.4782244284828731,0.44851355310178836,5.116018810086324,5.835822674909086
pixelate/s5,5888.0,0.2438366413116455,0.2370256112236192,0.47870808848853486,0.4466805603408666,5.106912847189558,5.832920936477307
pixelate/s5,6016.0,0.24404476583003998,0.23830182115205933,0.4666351666741432,0.4387386395670263,5.095687022075381,5.856479717403583
pixelate/s5,6144.0,0.2671835720539093,0.2435530485887593,0.48463800413723634,0.4543415686357779,5.039076129689784,5.839436902831609
pixelate/s5,6272.0,0.2331327348947525,0.24165844609893988,0.47473701103401766,0.43431129801238016,5.06153474471205,5.858197224638348
pixelate/s5,6400.0,0.24209806323051453,0.24173837648649887,0.4639768420971523,0.42994186065291556,5.078264018714256,5.88551758580809
pixelate/s5,6528.0,0.2261110246181488,0.23889703978316246,0.469170448015449,0.4342482703544311,5.112416767929588,5.913104297957622
pixelate/s5,6656.0,0.2673446536064148,0.24406933320557198,0.46980625032439144,0.4319657842868505,5.038014218927269,5.891211505284207
pixelate/s5,6784.0,0.24235212802886963,0.24375711408253517,0.4544777378204603,0.4170080870019412,5.0422052872689,5.904258866937151
pixelate/s5,6912.0,0.27060437202453613,0.2486384337083535,0.45712972531782875,0.42352400865419204,4.9827302156839695,5.885096855780362
pixelate/s5,7040.0,0.29954880475997925,0.2578948648086491,0.4625207252127614,0.4343425181899963,4.877611891769565,5.8364232668000735
pixelate/s5,7168.0,0.24728389084339142,0.2559655968149659,0.44056139456391463,0.419373917135452,4.933098857099022,5.855133745777197
pixelate/s5,7296.0,0.2974799871444702,0.2635136677839667,0.46976630545187664,0.43931229163612895,4.838177377067901,5.790936702787995
pixelate/s5,7424.0,0.30339187383651733,0.27076425070261223,0.4784695929058017,0.45343426134319376,4.751537482113834,5.7861300205914254
pixelate/s5,7552.0,0.308621883392334,0.277647456646198,0.48558708285429697,0.4665035137917247,4.709418261460585,5.782915508413753
pixelate/s5,7680.0,0.3002319931983948,0.2817537360193247,0.4955169728198186,0.47241144311677435,4.696234655752835,5.803697801890941
pixelate/s5,7808.0,0.2922894060611725,0.2836693123905697,0.48434400659839094,0.4482155115079233,4.695709882544253,5.808990307733545
pixelate/s5,7936.0,0.2882835268974304,0.28450826048272615,0.4781559052435509,0.4526793920011718,4.678140526367191,5.7971589229889755
pixelate/s5,8064.0,0.2926967740058899,0.28599708112330136,0.4802118043365919,0.4414630640669001,4.657210218623896,5.817155813590743
pixelate/s5,8192.0,0.32532739639282227,0.29314804753594154,0.48933600125011517,0.4502252742927182,4.577453068177604,5.785696998515245
pixelate/s5,8320.0,0.2646961212158203,0.2879749700231922,0.49311955455586215,0.4486012166752907,4.674748087337662,5.8440842454226525
pixelate/s5,8448.0,0.3532644510269165,0.2998457847511421,0.4961688753638415,0.4451896574437896,4.521883307880072,5.7899494330350425
pixelate/s5,8576.0,0.32629311084747314,0.30465438949592955,0.47574114797083594,0.4305091921731153,4.494705414787292,5.7779752349240825
pixelate/s5,8704.0,0.3083031475543976,0.30531780005201464,0.48453539657551825,0.44340904600018455,4.517641226920577,5.826559838813562
pixelate/s5,8832.0,0.3127876818180084,0.3066759603731044,0.5061765877902229,0.44946184071086737,4.525157247022495,5.827493932212051
pixelate/s5,8960.0,0.3646143674850464,0.3172102162116393,0.4876058149670086,0.44499098427752276,4.432723101480047,5.806730471165853
pixelate/s5,9088.0,0.2952229380607605,0.3132125292751159,0.49273612406882394,0.4321840473262755,4.490345685087636,5.846550122199488
pixelate/s5,9216.0,0.3232523202896118,0.31503794582320604,0.48764773594689864,0.435749238292796,4.456609427113199,5.84578268520711
pixelate/s5,9344.0,0.3198712468147278,0.3159167278216645,0.47597699679089905,0.41540858100592126,4.469557901005837,5.880676154608153
pixelate/s5,9472.0,0.34968143701553345,0.32205576585691337,0.4655817085955605,0.4147053310866084,4.385713701752692,5.85085569522831
pixelate/s5,9600.0,0.3593255877494812,0.3288320971101075,0.4717943669110776,0.43205480841334937,4.309416389251358,5.806624749710597
pixelate/s5,9728.0,0.3796406388282776,0.33807001378613843,0.48163507206444034,0.4395366899295975,4.2086401662103485,5.7639760075542
pixelate/s5,9856.0,0.33158737421035767,0.33689135204508736,0.4998445523737162,0.4424791064817966,4.252735435429555,5.795159800142252
pixelate/s5,9984.0,0.3718106746673584,0.34324031979459113,0.48904883258075216,0.43850874070269025,4.179173668689723,5.778999944088762
pixelate/s5,10112.0,0.3525024652481079,0.344924346240685,0.5042909540416605,0.4451484131976686,4.18583006042622,5.792011523248327
pixelate/s5,10240.0,0.35291576385498047,0.34637733126146597,0.4752381593171446,0.433322491479431,4.18882409605515,5.803515467960047
pixelate/s5,10368.0,0.3659261465072632,0.3499316613061563,0.4787751314437083,0.42359811413085874,4.1680960035951085,5.828114823758035
pixelate/s5,10496.0,0.4140778183937073,0.36159459895843826,0.5263391375780195,0.48836939871569884,4.071065628747903,5.801780887354617
pixelate/s5,10624.0,0.29910191893577576,0.3502322934997723,0.4837993400315668,0.44288571318984793,4.236168906559643,5.883084106877533
pixelate/s5,10752.0,0.4043879806995392,0.3600787820815481,0.4901879879550157,0.4529854774246089,4.099320154241604,5.831177899358374
pixelate/s5,10880.0,0.34811919927597046,0.35790431248053395,0.4797436117715394,0.4488993691850687,4.111479445011183,5.866943028007114
pixelate/s5,11008.0,0.34443768858909607,0.35545583540936343,0.4569977896983032,0.41413924714041783,4.127953717043345,5.907874839210373
pixelate/s5,11136.0,0.36409321427345276,0.35702626793010694,0.4668229005418393,0.4143721406477177,4.101150819612911,5.898954093234702
pixelate/s5,11264.0,0.38045936822891235,0.3612868316207988,0.4537719416850329,0.4008400280369019,4.055353381952496,5.849870080149322
pixelate/s5,11392.0,0.43063896894454956,0.37389631113420796,0.48041758079741864,0.4289714237271822,3.9096062790624106,5.786483007243252
pixelate/s5,11520.0,0.42251765727996826,0.38273655588798255,0.47888490945942896,0.43282384563555165,3.8316415787342626,5.773745297755495
pixelate/s5,11648.0,0.3810120224952698,0.38242300436203475,0.4657204765802788,0.41190067352462545,3.85402645871731,5.818473900223413
pixelate/s5,11776.0,0.4222661256790161,0.3896672082378495,0.48273436861985597,0.41958846740078226,3.7885411750072517,5.789032432938047
pixelate/s5,11904.0,0.37724238634109497,0.3874081497111668,0.47242961866287875,0.39580922197903606,3.847859386105787,5.802009198405021
pixelate/s5,12032.0,0.40037277340888977,0.3897653540198437,0.48722561249333196,0.4181140246305943,3.813025705442083,5.814530612026295
pixelate/s5,12160.0,0.44972580671310425,0.4006672545095274,0.5025539224128917,0.43278707433948865,3.706696491484844,5.773696176938165
pixelate/s5,12288.0,0.4247499704360962,0.40504593013253987,0.49576956789623317,0.4193657274504014,3.6790702630718646,5.793822482690401
pixelate/s5,12416.0,0.41000792384147644,0.40594811080689197,0.4798643388396271,0.40857333821059927,3.7076094146116767,5.827875322486744
pixelate/s5,12544.0,0.42688417434692383,0.40975466781417047,0.5193203425290065,0.43647264789304574,3.69224766433656,5.83470871607174
pixelate/s5,12672.0,0.4207105338573456,0.41174664345838413,0.5100925433458637,0.4298391279284025,3.6652060913624185,5.81557420982609
pixelate/s5,12800.0,0.3939276933670044,0.4085068343508605,0.47473137199185916,0.4044790856380215,3.696580847739949,5.848165858513467
pixelate/s5,12928.0,0.4076983332633972,0.40835983415313987,0.48360116637471556,0.40790542096429533,3.70393286601753,5.868341717237566
pixelate/s5,13056.0,0.42505043745040894,0.41139448929809785,0.4936710287301814,0.40167635618271,3.6487300913967804,5.83495107007635
pixelate/s5,13184.0,0.46170082688331604,0.4205410961317738,0.5084182093152454,0.43547136240330175,3.557878755535047,5.761035650535195
pixelate/s5,13312.0,0.42901667952537537,0.42208211129424683,0.5046022723515279,0.4281357880551028,3.5341850169715983,5.777241495478787
pixelate/s5,13440.0,0.45340240001678467,0.4277767092437991,0.49404160380556816,0.4118615605988704,3.486717170185978,5.79414334610408
pixelate/s5,13568.0,0.41885486245155334,0.4261545552815726,0.4998852884979422,0.4298928628802355,3.495812104115127,5.824530474734022
pixelate/s5,13696.0,0.4702308475971222,0.43416842661167254,0.504055441060606,0.4393807594487526,3.4040274423304036,5.7993973521796205
pixelate/s5,13824.0,0.43857109546661377,0.43496891185802544,0.5027147993876783,0.43695116954833846,3.445155327606931,5.848988297475759
pixelate/s5,13952.0,0.5047107934951782,0.44764925397387134,0.5108566012429911,0.4314507829207885,3.2761187247352126,5.829094673930154
pixelate/s5,14080.0,0.46123820543289185,0.4501199724209659,0.4889308652948948,0.42776870592218064,3.2879494942952303,5.839470011511635
pixelate/s5,14208.0,0.4597889184951782,0.4518779626162772,0.4747698354453428,0.42349599322063325,3.2796138475224144,5.8315364321405765
pixelate/s5,14336.0,0.5242006182670593,0.46502753637096483,0.5040298071989484,0.45136921860224205,3.1135666268100635,5.739098113945316
pixelate/s5,14464.0,0.3814246952533722,0.44982701980412976,0.473255490769544,0.4064950967502612,3.340885638254284,5.844896466737496
pixelate/s5,14592.0,0.5090603828430176,0.4605967221748366,0.48777846902754585,0.4201020895600922,3.2106847914425245,5.799493496145805
pixelate/s5,14720.0,0.469061940908432,0.4621358528536721,0.4832959172829025,0.41603941532535094,3.217772115641212,5.796974253610195
pixelate/s5,14848.0,0.515671968460083,0.47186969205483764,0.49734065537119915,0.41977638546573076,3.0998400714052887,5.763686409242792
pixelate/s5,14976.0,0.5188508033752441,0.48041171229491153,0.5054511825212159,0.44190609274978665,3.034138554343102,5.744764639018285
pixelate/s5,15104.0,0.47988465428352356,0.4803158835655682,0.5000334362332106,0.4396747397746505,3.0579623022904565,5.767343855424221
pixelate/s5,15232.0,0.5233240127563477,0.4881355434184372,0.5085451102057029,0.437664495221047,2.9333855590032774,5.712629203119907
pixelate/s5,15360.0,0.5168122053146362,0.4933494819450188,0.5002967266666275,0.4471659017595438,2.8871024176645754,5.735315655657424
pixelate/s5,15488.0,0.517187237739563,0.4976836193622086,0.500973428595015,0.432090397045645,2.8854770201778335,5.749616483141984
pixelate/s5,15616.0,0.4525172710418701,0.48947155603123793,0.5047838654231092,0.4271638195098945,3.0177311275002134,5.808348081349099
pixelate/s5,15744.0,0.5248191356658936,0.4958983886920844,0.5228305214815854,0.42670677173802857,2.917753962167809,5.808942772870385
pixelate/s5,15872.0,0.5423213243484497,0.5043389224477871,0.5191572085951108,0.43234089678330834,2.8294294654385888,5.759873998164596
pixelate/s5,16000.0,0.5132536888122559,0.5059597890595087,0.5190225941835039,0.43507944330122283,2.85229549978028,5.762183864352758
pixelate/s5,16128.0,0.49281877279281616,0.5035705133746554,0.5055027283377175,0.41444367692065326,2.9015082649686996,5.812456338484836
pixelate/s5,16256.0,0.475814551115036,0.4985239747819973,0.5042001735153315,0.4122515523187844,3.0144311129851644,5.882230274927353
pixelate/s5,16384.0,0.5157597064971924,0.5016577441847601,0.5053943310309243,0.4076849234530705,2.9496909182295683,5.849050883724592
pixelate/s5,16512.0,0.49801671504974365,0.5009957388874843,0.5222061224256601,0.40411139503883226,2.978643661263777,5.892978138061745
pixelate/s5,16640.0,0.5515840649604797,0.5101936163553016,0.5282950075742022,0.43038655370368106,2.8463975355922244,5.846243337929109
pixelate/s5,16768.0,0.5437899231910706,0.5163020357799868,0.544767732343061,0.4533992632231253,2.7759350589466356,5.815579239390511
pixelate/s5,16896.0,0.57652348279953,0.52725138978354,0.5405573249569251,0.46906272992622433,2.6903179208895165,5.773414723249504
pixelate/s5,17024.0,0.5482887625694275,0.5310763666537014,0.5258586224918258,0.46870108366962127,2.6204863196868446,5.718780269027992
pixelate/s5,17152.0,0.49023839831352234,0.5236512815009415,0.5217008134036188,0.4369507254317299,2.744649726420853,5.777128226615022
pixelate/s5,17280.0,0.5543908476829529,0.5292402935340345,0.5393203792206043,0.4624422211567779,2.6705301998394524,5.798120006809052
pixelate/s5,17408.0,0.5153746604919434,0.5267192693445634,0.5304541381559418,0.4500646273859422,2.6900120795145512,5.831818030688739
pixelate/s5,17536.0,0.5184037685394287,0.5252073601072661,0.5178040098399279,0.43015689932447365,2.7183887474549744,5.865510272909948
pixelate/s5,17664.0,0.5606014132499695,0.5316426424968486,0.5245733454300343,0.4457558582254741,2.6080344857409696,5.842018547484283
pixelate/s5,17792.0,0.493378609418869,0.5246855455735795,0.5037949667754774,0.4262394588120942,2.7043410047621457,5.867225100589762
pixelate/s5,17920.0,0.5460254549980164,0.5285655291052952,0.5255259694943278,0.44390823275850927,2.649080571625191,5.867959831120804
pixelate/s5,18048.0,0.5206353664398193,0.5271236813479359,0.5085649051986821,0.4345584037474318,2.6738370750937097,5.873032393952547
pixelate/s5,18176.0,0.5071188807487488,0.5234864448753563,0.5142562588520103,0.4205514934177022,2.7440988183859387,5.8930572955645095
pixelate/s5,18304.0,0.5129909515380859,0.521578173359489,0.5067025369174614,0.4073009997258997,2.7339555068025208,5.862791740693823
pixelate/s5,18432.0,0.5667556524276733,0.5297922604627953,0.5070694668621022,0.4074700907256023,2.6090707147580745,5.810211927993009
pixelate/s5,18560.0,0.5521978139877319,0.5338659974673291,0.5042159240977708,0.41016592850226263,2.576411752761109,5.8247916748991315
pixelate/s5,18688.0,0.5372886657714844,0.5344883007953574,0.5043718169580118,0.3938920678403576,2.585195603923339,5.8424726847122255
pixelate/s5,18816.0,0.6140974760055542,0.5489626962881203,0.5401166708561896,0.4338760950005699,2.408923423482887,5.781495469979446
pixelate/s5,18944.0,0.5666018128395081,0.5521698083883726,0.5547475234657137,0.451861270206993,2.397332501244831,5.766026787783587
pixelate/s5,19072.0,0.5598080158233643,0.5535585733765529,0.5369074330638248,0.4548616767501358,2.436709359152055,5.82857882844266
pixelate/s5,19200.0,0.5811501741409302,0.5585752280609851,0.5466591080840479,0.45093013071703303,2.371602926897098,5.8040470309506595
pixelate/s5,19328.0,0.5471137762069702,0.5564913277238915,0.5475052707008916,0.4534635585791708,2.4089521397409213,5.855956676432835
pixelate/s5,19456.0,0.5820098519325256,0.5611310593981886,0.536449809312167,0.4396636218587837,2.3750211251421134,5.802988957678788
pixelate/s5,19584.0,0.5856490731239319,0.5655888800755965,0.541962269043682,0.44617977992199565,2.34467217553098,5.825425919558361
pixelate/s5,19712.0,0.5758068561553955,0.5674466939082872,0.5417784610953573,0.4319467948238152,2.3323251563576264,5.821768063404722
pixelate/s5,19840.0,0.5669629573822021,0.5673587418126353,0.5421719450307764,0.4456627304192482,2.3531142332170125,5.814719616102315
pixelate/s5,19968.0,0.5964465141296387,0.5726474276884541,0.537528326838784,0.45045397656164543,2.2848523701674934,5.81448868940765
pixelate/s5,20096.0,0.5513516664505005,0.5687754710997353,0.5204735080491033,0.44023158761564696,2.3350897156184227,5.839619365808232
pixelate/s5,20224.0,0.5457805395126343,0.564594574447535,0.5095731748097302,0.4318389140236975,2.3867807603094287,5.822553469176018
pixelate/s5,20352.0,0.5944361686706543,0.5700203188517384,0.5213878277651912,0.4393921655861115,2.321910718841393,5.800500159981402
pixelate/s5,20480.0,0.5779008865356445,0.5714531493397214,0.5132844136279379,0.4382501273758267,2.2909098906359904,5.8088266965059425
pixelate/s5,20608.0,0.5795201063156128,0.5729198687898834,0.5174155992054791,0.43955173816067733,2.3004467584922526,5.818522770395741
pixelate/s5,20736.0,0.5386561751365662,0.5666901063074621,0.5284455664102794,0.4246689321571475,2.381815075510628,5.881845410652233
pixelate/s5,20864.0,0.5847116112709045,0.5699667435735425,0.5316970320597738,0.42736102070023924,2.3440966613557452,5.858785901967561
pixelate/s5,20992.0,0.6059638261795044,0.5765116676837173,0.5400719801391873,0.45369828658445766,2.2496920582716027,5.787012377346957
pixelate/s5,21120.0,0.5954611897468567,0.5799570353315608,0.5278581024072245,0.44937653895323193,2.210565807998519,5.7611734101611205
pixelate/s5,21248.0,0.5797818899154663,0.5799251907104527,0.5266550107023569,0.4366694186381139,2.222916181168014,5.791985959048166
pixelate/s5,21376.0,0.5961325168609619,0.5828719772832726,0.5294653377428999,0.44236754470815887,2.2261239056889788,5.8018208573758
pixelate/s5,21504.0,0.6053621768951416,0.5869611044854305,0.5243734905551644,0.4461819927385195,2.1904875750823045,5.833078689376883
pixelate/s5,21632.0,0.6137484908103943,0.5918315383626966,0.5359442374790769,0.4724957967919014,2.1129925381990677,5.771787114601737
pixelate/s5,21760.0,0.5802668333053589,0.5897288647159079,0.5188965556678118,0.4552451201664794,2.1482844203957225,5.752992536087123
pixelate/s5,21888.0,0.629487931728363,0.5969577859908997,0.531761330653659,0.46203392341722993,2.0614547216121424,5.708425183123811
pixelate/s5,22016.0,0.6250864267349243,0.602072084307995,0.555094361842532,0.4704524611305423,2.042011660108512,5.7691050855018515
pixelate/s5,22144.0,0.6326388120651245,0.6076296711729275,0.5632243248697941,0.48357768059151995,2.0017467443553305,5.801656816537323
pixelate/s5,22272.0,0.5608272552490234,0.5991201410049449,0.5185633910285399,0.43218836469349675,2.1014895449468116,5.830335860943223
pixelate/s5,22400.0,0.5766457915306091,0.5950338956459748,0.49563954275464234,0.41483270694358043,2.154128595522841,5.890800071855628
pixelate/s5,22528.0,0.5760083198547363,0.5915747000475677,0.475386801348149,0.38100371291264473,2.1993774086226754,5.902991568099037
pixelate/s5,22656.0,0.6539618372917175,0.6029178159101404,0.5189056273487609,0.425248353272101,2.0621858913290665,5.874998740577636
pixelate/s5,22784.0,0.6356300115585327,0.6088654878462116,0.5304760811177655,0.4287819554961998,1.9859758785979815,5.824143756767106
pixelate/s5,22912.0,0.6344031095504761,0.6135086917924415,0.5247918394259421,0.4285647801255552,1.9538613002006064,5.803221997943293
pixelate/s5,23040.0,0.605083703994751,0.611976875829225,0.502133380111581,0.41318179496008234,1.9611272370854782,5.772095318368221
pixelate/s5,23168.0,0.5785998106002808,0.6059083185148715,0.5262215189176699,0.4207043420807163,2.0156370450964487,5.780666006614869
pixelate/s5,23296.0,0.6235513687133789,0.609116145823691,0.5529354796060435,0.42212439428543813,1.9671918423402277,5.821212104314438
pixelate/s5,23424.0,0.579140841960907,0.6036660905759121,0.5305291227114836,0.4000894705547148,2.0540644544425954,5.8719556948999365
pixelate/s5,23552.0,0.5552290081977844,0.5948593483253435,0.514755032558927,0.40367559599117264,2.1440557829794566,5.892675462782418
pixelate/s5,23680.0,0.6023758053779602,0.5962259768803646,0.5047120465890338,0.41304936591144614,2.1255509981216143,5.9222975593051865
pixelate/s5,23808.0,0.586432695388794,0.5944453802455336,0.5155510394521631,0.41984089784154655,2.1322827562688076,5.9332586944928885
pixelate/s5,23936.0,0.5798303484916687,0.5917881017448309,0.5166085470712827,0.43420134483607653,2.1602818307673477,5.936887829171823
pixelate/s5,24064.0,0.6090285778045654,0.5949227337556917,0.5245478703535033,0.42289511513819994,2.1096967835802665,5.948253075791158
pixelate/s5,24192.0,0.6283758282661438,0.6010051145757739,0.5308956818068906,0.436245903522266,2.0191371762275407,5.922997480922603
pixelate/s5,24320.0,0.6164022088050842,0.6038045862538303,0.5372111588955218,0.4258133734322607,1.9902325423666072,5.873126325773033
pixelate/s5,24448.0,0.6285443305969238,0.6083027215889382,0.5259430071945228,0.4183130846943232,1.979538709434897,5.84649384021031
pixelate/s5,24576.0,0.6201542019844055,0.6104575362062958,0.532346145312036,0.4331785938862824,1.9831139219657403,5.858290799388268
pixelate/s5,24704.0,0.6538984775543213,0.618355889178664,0.5572937005807843,0.4524274058247014,1.8844042594450245,5.8208047361926205
pixelate/s5,24832.0,0.593961775302887,0.6139205957467044,0.5391284276615167,0.43354644522149427,1.9253147104822732,5.816895570925963
pixelate/s5,24960.0,0.6279081106185913,0.6164637802688656,0.544013658186635,0.43950216580942997,1.8817130957875485,5.797274662873136
pixelate/s5,25000.0,0.5377275943756104,0.6021481101064555,0.5405566250905454,0.4277744992986245,2.001311234574467,5.827767432132353
