global_idx,corruption,model_acc,model_nll,model_ent,model_acc_run,model_nll_run,model_ent_run
0,brightness/s5,0.765625,1.5105189085006714,3.6784634590148926,0.765625,1.5105189085006714,3.6784634590148926
1,brightness/s5,0.703125,1.510094404220581,3.5852770805358887,0.734375,1.5103066563606262,3.6318702697753906
2,brightness/s5,0.6875,1.6905096769332886,3.6068592071533203,0.71875,1.570374329884847,3.623533248901367
3,brightness/s5,0.671875,1.6808122396469116,3.955960512161255,0.70703125,1.5979838073253632,3.706640064716339
4,brightness/s5,0.71875,1.2718502283096313,3.420741319656372,0.709375,1.5327570915222168,3.6494603157043457
5,brightness/s5,0.8125,1.2291737794876099,3.6795878410339355,0.7265625,1.4821598728497822,3.654481569925944
6,brightness/s5,0.6875,1.7662135362625122,3.8887574672698975,0.7209821428571429,1.5227389676230294,3.6879495552607944
7,brightness/s5,0.59375,1.7177222967147827,3.8269782066345215,0.705078125,1.5471118837594986,3.7053281366825104
8,brightness/s5,0.75,1.3905960321426392,3.4037985801696777,0.7100694444444444,1.5297212335798476,3.671824852625529
9,brightness/s5,0.671875,1.8742514848709106,4.191860198974609,0.70625,1.5641742587089538,3.723828387260437
10,brightness/s5,0.734375,1.6256988048553467,3.7187209129333496,0.7088068181818182,1.5697673992677168,3.72336407141252
11,brightness/s5,0.6875,1.4572949409484863,3.635927200317383,0.70703125,1.560394694407781,3.716077665487925
12,brightness/s5,0.6875,1.5929814577102661,3.923142910003662,0.7055288461538461,1.5629013685079722,3.732005761219905
13,brightness/s5,0.546875,1.9796324968338013,3.2345964908599854,0.6941964285714286,1.5926678776741028,3.696476527622768
14,brightness/s5,0.734375,1.6932544708251953,3.8192648887634277,0.696875,1.5993736505508422,3.7046624183654786
15,brightness/s5,0.9375,0.8356661796569824,2.988013982772827,0.7119140625,1.551641933619976,3.659871891140938
16,brightness/s5,0.75,1.6298860311508179,3.4349842071533203,0.7141544117647058,1.5562445275923784,3.6466432038475487
17,brightness/s5,0.765625,1.3551682233810425,3.4643139839172363,0.7170138888888888,1.5450736218028598,3.6365138027403088
18,brightness/s5,0.6875,1.7409420013427734,4.411951541900635,0.7154605263157895,1.5553824838839079,3.6773263153276945
19,brightness/s5,0.609375,1.827248454093933,3.8608670234680176,0.71015625,1.5689757823944093,3.6865033507347107
20,brightness/s5,0.765625,1.438686728477478,3.543853282928467,0.7127976190476191,1.562771541731698,3.679710490362985
21,brightness/s5,0.75,1.2637790441513062,3.2706072330474854,0.7144886363636364,1.549180973659862,3.661114887757735
22,brightness/s5,0.71875,1.2766926288604736,3.019904375076294,0.7146739130434783,1.5373336543207583,3.6332361698150635
23,brightness/s5,0.75,1.3398239612579346,3.132211923599243,0.7161458333333334,1.529104083776474,3.612360159556071
24,brightness/s5,0.8125,1.1097420454025269,2.831017255783081,0.72,1.512329602241516,3.5811064434051514
25,brightness/s5,0.671875,1.6215623617172241,3.843893051147461,0.7181490384615384,1.5165308622213511,3.5912136206260095
26,brightness/s5,0.734375,1.4145755767822266,3.5083398818969727,0.71875,1.5127547405384205,3.588144222895304
27,brightness/s5,0.703125,1.564086675643921,3.7503323554992676,0.7181919642857143,1.5145880239350455,3.593936656202589
28,brightness/s5,0.765625,1.5142029523849487,3.8372936248779297,0.7198275862068966,1.514574745605732,3.6023282758120834
29,brightness/s5,0.671875,1.5904685258865356,3.830448627471924,0.7182291666666667,1.5171045382817587,3.609932287534078
30,brightness/s5,0.65625,1.8367161750793457,3.774414539337158,0.7162298387096774,1.5274145910816808,3.6152381666244997
31,brightness/s5,0.734375,1.550187110900879,3.587879180908203,0.716796875,1.5281262323260307,3.6143831983208656
32,brightness/s5,0.671875,1.3722283840179443,3.087038516998291,0.7154356060606061,1.5234020551045735,3.598403056462606
33,brightness/s5,0.734375,1.3272005319595337,2.82584547996521,0.7159926470588235,1.517631422070896,3.575680774800918
34,brightness/s5,0.640625,1.724562406539917,3.7533044815063477,0.7138392857142857,1.5235437359128678,3.5807557378496444
35,brightness/s5,0.609375,1.9541009664535522,3.589293956756592,0.7109375,1.5355036589834425,3.5809929105970593
36,brightness/s5,0.6875,1.761550784111023,4.041898727416992,0.7103040540540541,1.5416130407436475,3.5934498245651656
37,brightness/s5,0.671875,1.542607069015503,3.319146156311035,0.7092927631578947,1.5416391993823804,3.586231306979531
38,brightness/s5,0.703125,1.6737843751907349,3.709331750869751,0.7091346153846154,1.5450275372236202,3.5893877286177416
39,brightness/s5,0.5,3.122401714324951,6.107119560241699,0.70390625,1.5844618916511535,3.6523310244083405
40,fog/s5,0.6875,2.565300464630127,5.520472049713135,0.6875,2.565300464630127,5.520472049713135
41,fog/s5,0.625,2.8488032817840576,5.634458541870117,0.65625,2.7070518732070923,5.577465295791626
42,fog/s5,0.59375,2.845087766647339,5.481273651123047,0.6354166666666666,2.7530638376871743,5.545401414235433
43,fog/s5,0.609375,2.7584447860717773,5.533237457275391,0.62890625,2.754409074783325,5.542360424995422
44,fog/s5,0.671875,2.620657205581665,5.416210174560547,0.6375,2.7276587009429933,5.517130374908447
45,fog/s5,0.59375,2.732123851776123,5.784275531768799,0.6302083333333334,2.7284028927485147,5.561654567718506
46,fog/s5,0.640625,2.7974321842193604,5.551482677459717,0.6316964285714286,2.7382642201014926,5.560201440538679
47,fog/s5,0.4375,3.4296176433563232,5.838361740112305,0.607421875,2.8246833980083466,5.594971477985382
48,fog/s5,0.625,2.8160173892974854,5.729473114013672,0.609375,2.823720508151584,5.609916104210748
49,fog/s5,0.53125,2.7209811210632324,5.551912784576416,0.6015625,2.813446569442749,5.604115772247314
50,fog/s5,0.484375,3.012019395828247,5.635738372802734,0.5909090909090909,2.8314986445687036,5.606990554115989
51,fog/s5,0.625,2.6885972023010254,5.658374786376953,0.59375,2.8195901910463967,5.611272573471069
52,fog/s5,0.546875,3.030385971069336,5.688297271728516,0.5901442307692307,2.8358052510481615,5.617197550260103
53,fog/s5,0.59375,2.7196781635284424,5.3720502853393555,0.5904017857142857,2.8275104590824673,5.599687031337193
54,fog/s5,0.625,2.708958387374878,5.3383331298828125,0.5927083333333333,2.8196069876352947,5.582263437906901
55,fog/s5,0.796875,2.0459651947021484,5.2772135734558105,0.60546875,2.771254375576973,5.563197821378708
56,fog/s5,0.5625,2.808234930038452,5.435915946960449,0.6029411764705882,2.773429702310001,5.555710652295281
57,fog/s5,0.515625,2.9049220085144043,5.652493000030518,0.5980902777777778,2.780734830432468,5.561087449391683
58,fog/s5,0.546875,2.7190232276916504,5.567237377166748,0.5953947368421053,2.777486851340846,5.561411129800897
59,fog/s5,0.515625,3.1005797386169434,5.6686625480651855,0.59140625,2.7936414957046507,5.566773700714111
60,fog/s5,0.703125,2.48600697517395,5.463637351989746,0.5967261904761905,2.7789922328222367,5.561862446012951
61,fog/s5,0.625,2.6741790771484375,5.574461936950684,0.5980113636363636,2.7742279984734277,5.562435150146484
62,fog/s5,0.5625,2.6979877948760986,5.45754337310791,0.5964673913043478,2.7709132070126743,5.557874638101329
63,fog/s5,0.59375,2.528047800064087,5.480061054229736,0.5963541666666666,2.760793815056483,5.554632405440013
64,fog/s5,0.75,2.341585159301758,5.392581939697266,0.6025,2.744025468826294,5.548150386810303
65,fog/s5,0.625,2.963109254837036,5.8303422927856445,0.6033653846153846,2.7524517682882457,5.559003921655508
66,fog/s5,0.671875,2.614379405975342,5.490548133850098,0.6059027777777778,2.747337977091471,5.55646852210716
67,fog/s5,0.578125,2.75290584564209,5.429993152618408,0.6049107142857143,2.747536829539708,5.551951544625418
68,fog/s5,0.59375,2.938059091567993,5.667780876159668,0.6045258620689655,2.7541065627130967,5.55594565950591
69,fog/s5,0.53125,3.281963586807251,5.8930816650390625,0.6020833333333333,2.7717017968495687,5.567183526357015
70,fog/s5,0.515625,3.128957748413086,5.67139196395874,0.5992943548387096,2.7832261823838755,5.570545088860296
71,fog/s5,0.640625,2.6956140995025635,5.40899658203125,0.6005859375,2.7804883047938347,5.565496698021889
72,fog/s5,0.65625,2.4768569469451904,5.336706161499023,0.6022727272727273,2.771287354555997,5.55856365146059
73,fog/s5,0.578125,2.7444889545440674,5.431238174438477,0.6015625,2.770499166320352,5.554818784489351
74,fog/s5,0.46875,3.0568387508392334,5.5219268798828125,0.5977678571428572,2.7786802973066056,5.553879015786308
75,fog/s5,0.5625,3.0738396644592285,5.6788411140441895,0.5967881944444444,2.7868791686164007,5.55735018518236
76,fog/s5,0.578125,2.8451647758483887,5.48651123046875,0.5962837837837838,2.7884544552983463,5.555435618838748
77,fog/s5,0.5625,2.5557026863098145,5.336643218994141,0.5953947368421053,2.782329408746017,5.549677924105995
78,fog/s5,0.5625,2.9993224143981934,5.478902816772461,0.594551282051282,2.7878933319678674,5.54786317776411
79,fog/s5,0.75,3.277250289916992,6.329946517944336,0.5984375,2.8001272559165953,5.567415261268616
