corruption,n_samples,r_l,r_s,r_l_ema,r_s_ema,large_acc_ema,small_acc_ema,large_ent_ema,small_ent_ema,duo_duo_acc_ema
brightness/s5,128.0,0.6399924755096436,0.44071176648139954,0.6399924755096436,0.44071176648139954,0.65625,0.6875,2.2494611740112305,3.8017477989196777,0.6875
brightness/s5,256.0,0.628265380859375,0.3794879913330078,0.6378602764823219,0.4295801709998737,0.65625,0.6875,2.257342078469016,3.8780856132507324,0.6818181818181819
brightness/s5,384.0,0.6974810361862183,0.4992084503173828,0.648700414610303,0.44223985814851174,0.671875,0.7002840909090909,2.203527649572073,3.807777101343328,0.6927944214876034
brightness/s5,512.0,0.6756126880645752,0.4326447546482086,0.6535935552383525,0.44049529387572933,0.6803977272727273,0.6951188016528925,2.155651060286363,3.829198155521361,0.6975136175807664
brightness/s5,640.0,0.6879152059555054,0.4650633931159973,0.6598338553687438,0.4449622210103235,0.6831095041322314,0.6965744740796392,2.127343975042647,3.817008587760552,0.6971134143842633
brightness/s5,768.0,0.6895395517349243,0.5415714979171753,0.6652348910716858,0.4625275440842965,0.6796464124718257,0.7006063878833411,2.073337665364427,3.6667001353416855,0.6911041572234882
brightness/s5,896.0,0.710236668586731,0.5048379302024841,0.6734170324380576,0.4702203415603306,0.6924379738405846,0.711007499177279,2.0180249250736693,3.6059992400121157,0.701812492273763
brightness/s5,1024.0,0.6735602021217346,0.46946388483047485,0.6734430632896352,0.47008280397308405,0.6972219785968419,0.7124152265995918,2.002522688302684,3.6073484708486463,0.7048920391330789
brightness/s5,1152.0,0.6665709018707275,0.5019611716270447,0.6721935793952883,0.47587887081925867,0.6954543461246888,0.7093056399451205,2.005365291394934,3.5621242758592526,0.7017298501997917
brightness/s5,1280.0,0.6784254312515259,0.4648036062717438,0.6733266433691496,0.4738651863560741,0.6812240104656544,0.711022796318735,1.9895060055565925,3.5717354880376746,0.6877789683452841
brightness/s5,1408.0,0.6834604740142822,0.4994688630104065,0.6751691580319009,0.4785204002932254,0.6937287358355354,0.7237913788062377,1.957085197062283,3.531798796215173,0.7005123377370506
brightness/s5,1536.0,0.6791012287139893,0.5038725137710571,0.6758840799740987,0.48312987547101294,0.6840735111381653,0.712931582659649,1.9491231752181504,3.48850892594607,0.6924646399666776
brightness/s5,1664.0,0.6867120862007141,0.5352799892425537,0.6778528083789378,0.4926117143385658,0.694639690931226,0.7012053858124401,1.936790318332839,3.4013032150091203,0.7000847054272816
brightness/s5,1792.0,0.696666955947876,0.48431485891342163,0.6812735624823811,0.4911031951703577,0.6976029289437303,0.6987134974829055,1.9020633353775696,3.4142318881496623,0.7020579408041395
brightness/s5,1920.0,0.696000337600708,0.4927363693714142,0.6839511579584405,0.4914001359341862,0.695766032772143,0.7009360433951044,1.8753538067221063,3.405138756763786,0.6994110424761141
brightness/s5,2048.0,0.6894479393959045,0.5524705052375793,0.6849505727652522,0.502503839443894,0.7027858449953897,0.7084363082323581,1.8449771784987843,3.302675419990461,0.7043476711168205
brightness/s5,2176.0,0.7266678810119629,0.5234098434448242,0.6925355379010177,0.5063049310804267,0.7085293277235006,0.713152434008293,1.8122196725753323,3.2766448914551525,0.7098071854592167
brightness/s5,2304.0,0.7261607646942139,0.5818257331848145,0.6986492154997805,0.5200359860084972,0.7004444499555914,0.7170110823704215,1.777842109724666,3.182370510389354,0.7029104244666319
brightness/s5,2432.0,0.7419145107269287,0.5939064025878906,0.7065156328138075,0.5334669708411142,0.7151363681454839,0.7187477037576175,1.7359875863179173,3.0824061361415382,0.7185744381999715
brightness/s5,2560.0,0.7023158073425293,0.6051951050758362,0.7057520281826659,0.5465084497928818,0.7143729375735777,0.720168575801687,1.7285082360872848,2.9748933418877987,0.7242881767090675
brightness/s5,2688.0,0.7251310348510742,0.5592493414878845,0.7092754839405583,0.5488249755556095,0.7137483125601999,0.7270129256559258,1.7148606360583867,2.96234467660471,0.7218607809437825
brightness/s5,2816.0,0.7100601196289062,0.6048070192337036,0.7094181449748034,0.5590035289516266,0.7089758920947089,0.7212492119003029,1.7050420246852553,2.8801520767679336,0.7156133662267311
brightness/s5,2944.0,0.722441554069519,0.6021184325218201,0.7117860375374789,0.5668426023280254,0.7008098208047617,0.7051698097366115,1.6841972797296088,2.8125163075222637,0.7090813905491435
brightness/s5,3072.0,0.707869291305542,0.5847666263580322,0.7110739018589449,0.5701015157880266,0.6969693988402595,0.6948548443299548,1.6781660531744338,2.7604921425115574,0.7023165922674811
brightness/s5,3200.0,0.7061619162559509,0.6234302520751953,0.7101808135674914,0.5797976496584208,0.6980885990511214,0.702040327179054,1.67988467878523,2.6835772149723907,0.7053044845824845
brightness/s5,3328.0,0.7607741355895996,0.6670154333114624,0.7193795993896929,0.5956554285044284,0.7061065810418266,0.7150216313283169,1.628431759095375,2.589520840723038,0.7134309419311237
brightness/s5,3456.0,0.7121872901916504,0.650861382484436,0.7180719068082305,0.6056928746826116,0.7126667481251308,0.7199608801777138,1.6401150349726872,2.5150992779938095,0.7186594070345558
brightness/s5,3584.0,0.7414236068725586,0.7027321457862854,0.7223176704562901,0.6233363785196431,0.7180341575569251,0.7240020837817658,1.6054618025869616,2.37519092253726,0.7357213330282728
brightness/s5,3712.0,0.7167081236839294,0.6342443823814392,0.7212977528613154,0.6253196519490605,0.712482492546575,0.7131039776396265,1.5928578754758689,2.3345273426328026,0.7297947270231322
brightness/s5,3840.0,0.7604231238365173,0.692302405834198,0.7284114566749884,0.6374983344736309,0.7193038575381068,0.7226532544324216,1.5370571272342735,2.2436545186005334,0.7377297766552899
brightness/s5,3968.0,0.74782395362854,0.6667692065238953,0.7319410015756341,0.6428203112100426,0.7206236107129964,0.7318867536265267,1.5069799577731435,2.193298385313611,0.7428016354452371
brightness/s5,4096.0,0.782780647277832,0.6869154572486877,0.7411845735214883,0.6508376104897962,0.7330670451288152,0.7408618893307946,1.4244239456712016,2.109168263271284,0.7540536108188303
brightness/s5,4224.0,0.7487184405326843,0.6815149784088135,0.7425543675235238,0.6564153137477993,0.7219412187417579,0.732580182179741,1.409919684089759,2.0692287780979806,0.7447938633972246
brightness/s5,4352.0,0.7788612246513367,0.7012646198272705,0.7491556142740351,0.6645697330349758,0.7199405426068928,0.7286451490561516,1.3653402748087906,1.9934846025818747,0.7386381609613656
brightness/s5,4480.0,0.7179543375968933,0.6843748092651367,0.7434826548781911,0.6681706559859142,0.7154627166783668,0.7197437583186694,1.3843774271861962,1.9507369557928627,0.7364425862411172
brightness/s5,4608.0,0.7333639860153198,0.6613920331001282,0.7416428969031236,0.6669381790975895,0.7089581318277546,0.7181426204425477,1.4164791545696895,1.9535794767394594,0.7275439341972777
brightness/s5,4736.0,0.7844430208206177,0.6961307525634766,0.7494247376153952,0.6722459197277507,0.7064771078590719,0.7267757803620845,1.3739467025963696,1.9157953679010216,0.7273654916159544
brightness/s5,4864.0,0.7472115159034729,0.6955573558807373,0.7490223336677729,0.6764843626646573,0.7115494518846952,0.7281574566598873,1.3907443686914631,1.8828127941850865,0.7286399476857809
brightness/s5,4992.0,0.7620568871498108,0.6719255447387695,0.7513922524826888,0.6756554866781322,0.7029154606329324,0.7221856463580896,1.3642223318537952,1.8801791257233005,0.7254213208338207
brightness/s5,5120.0,0.7301192879676819,0.6770346164703369,0.7475244407526875,0.6759062375494421,0.6986921950633083,0.7172996197475279,1.391854040199048,1.8666161938069012,0.7213674443185805
brightness/s5,5248.0,0.7351045608520508,0.6801639199256897,0.7452662807707535,0.6766803616178507,0.6952367959608885,0.7118815070661592,1.389071133223604,1.8443551911731535,0.713789272624293
brightness/s5,5376.0,0.7415111064910889,0.6959487199783325,0.7445835218108144,0.6801836995015746,0.6938301057861814,0.7088689603268575,1.3761161781067992,1.8165338950119214,0.7090094048744215
brightness/s5,5504.0,0.767259418964386,0.7311736345291138,0.7487064122023729,0.689454596779309,0.6898382683705121,0.7120859675401561,1.3681077591437112,1.7632524411864008,0.7107804221699812
brightness/s5,5632.0,0.7679959535598755,0.7165096998214722,0.7522136015401006,0.6943737064233386,0.6908335832122372,0.7090362461692186,1.3634598606167605,1.7323768984989896,0.7150703454118027
brightness/s5,5760.0,0.7731282114982605,0.7392970323562622,0.7560162578961296,0.7025415838656883,0.7044320226281942,0.7193251105020879,1.337846156142384,1.666965011985457,0.7228416462460204
brightness/s5,5888.0,0.7519309520721436,0.7400848269462585,0.7552734750190412,0.7093676280621557,0.7041943821503406,0.7220614540471628,1.3353954739317815,1.6000973995962111,0.7291999832921985
brightness/s5,6016.0,0.7714246511459351,0.7581113576889038,0.7582100524966582,0.7182301243579281,0.709681767213915,0.7257207351294968,1.3154141079522415,1.5324263640239864,0.7400840772390714
brightness/s5,6144.0,0.7515407800674438,0.6565779447555542,0.7569974575095283,0.7070206371574965,0.7184328095386577,0.7201919651059518,1.330976180418289,1.5934311315142318,0.7475687904683311
brightness/s5,6272.0,0.7324495315551758,0.6888726353645325,0.7525341982451005,0.7037210004678667,0.7071268441679928,0.7199297896321424,1.3459536044575593,1.6249757922283523,0.7338062831104527
brightness/s5,6400.0,0.7634934186935425,0.7267565727233887,0.7545267837811808,0.7079092863325069,0.7049787815919941,0.7197152824262982,1.327589149538318,1.582339897745716,0.7353301407267341
brightness/s5,6528.0,0.7688771486282349,0.7508925199508667,0.7571359410260996,0.7157244197176633,0.7074826394843587,0.7280625038033348,1.3158395360250146,1.5424243550359125,0.7365769333218732
brightness/s5,6656.0,0.7968679070472717,0.7551472187042236,0.7643599348481308,0.7228922013515834,0.7123721595781117,0.7292102303845467,1.279551229992146,1.5079781094078786,0.740437945445169
brightness/s5,6784.0,0.8014450669288635,0.7776197791099548,0.7711026861355367,0.7328426700349236,0.7263158578366368,0.7358310975873563,1.2324931096911171,1.4263950162761239,0.7521196826369565
brightness/s5,6912.0,0.7567250728607178,0.7013908624649048,0.768488574631024,0.7271241595676474,0.720678883684521,0.7298845343896551,1.2255305164412806,1.4477305174117325,0.7446320130666008
brightness/s5,7040.0,0.7560399174690247,0.7299059629440308,0.7662251824197513,0.7276299419997171,0.7160668139236991,0.7278600735915359,1.2277747051300907,1.4224595611944824,0.739926192509037
brightness/s5,7168.0,0.7558956146240234,0.737928032875061,0.7643470791841644,0.7295023221588705,0.7066114841193901,0.7219423329385294,1.2127877844774426,1.3997027320473054,0.7303941575073939
brightness/s5,7296.0,0.777583658695221,0.7539622187614441,0.7667537300043565,0.733949576086611,0.7073980324613192,0.719941454222433,1.189645786724608,1.3588658226735477,0.7311179470515041
brightness/s5,7424.0,0.7910301685333252,0.7400636672973633,0.7711676279187145,0.7350612290340205,0.7151438447410793,0.7268270989092634,1.1819890355322475,1.353136825551262,0.7402328657694125
brightness/s5,7552.0,0.7720134258270264,0.715928852558136,0.7713214093565893,0.7315826151293142,0.7186404184245194,0.7196767172893973,1.1710434405847339,1.363079001678394,0.7377473447204284
brightness/s5,7680.0,0.7599517107009888,0.7389310598373413,0.7692541914192073,0.7329186959853191,0.7172398878018795,0.7166673141458705,1.1818930817336342,1.3589519886862418,0.7371341911348959
brightness/s5,7808.0,0.7891125679016113,0.7755298614501953,0.7728648053250989,0.7406661806152965,0.7160939991106287,0.7213073479375303,1.163315467890596,1.3030543513209587,0.7394734291103693
brightness/s5,7936.0,0.7586139440536499,0.7098236680030823,0.7702737396393808,0.7350584510494393,0.699531453817787,0.708058284676161,1.1641285090472173,1.3373529846379133,0.7328646238175748
brightness/s5,8064.0,0.7885438799858093,0.774041473865509,0.7735955833387314,0.7421462733796338,0.6987643713054621,0.7057408692804954,1.1494206896282764,1.2832607953311885,0.7274574194871065
brightness/s5,8192.0,0.748876690864563,0.721260130405426,0.7691012392525189,0.7383487928388687,0.7052390310681054,0.7095266203204053,1.1593026283809431,1.2888936992581772,0.7329765250349053
brightness/s5,8320.0,0.7978761196136475,0.7673734426498413,0.774333035681815,0.7436260018954091,0.7133773890557226,0.7183058711712407,1.1345647652118493,1.256646784551801,0.7460148841194678
brightness/s5,8448.0,0.7828679084777832,0.7323365211486816,0.7758848307356273,0.7415733690323677,0.710092863772864,0.7212275309582878,1.1318205225876046,1.2696464867005526,0.7453189960977464
brightness/s5,8576.0,0.7932121753692627,0.7605326175689697,0.779035257032652,0.7450205051299317,0.7074055249050705,0.7150952526022355,1.1215857398844093,1.243025563842311,0.7362269058981562
brightness/s5,8704.0,0.7730968594551086,0.7380506992340088,0.7779555483821896,0.7437532676943093,0.7023658840132394,0.7114983884927382,1.1362741859666052,1.2500686613155396,0.7316288320984914
brightness/s5,8832.0,0.758804976940155,0.7290431261062622,0.7744736263018197,0.7410786964964825,0.6982425414653776,0.7000327724031494,1.1514001818064838,1.2636417882631847,0.7250258626260384
brightness/s5,8960.0,0.8196058869361877,0.814767599105835,0.7826794918717047,0.7544766787890921,0.7062325339262179,0.7105381774207586,1.0935646727597703,1.1795270825237547,0.7338279785122132
brightness/s5,9088.0,0.7758307456970215,0.7352834343910217,0.7814342652944896,0.7509869979894428,0.7170311641214511,0.7077698724351662,1.095289189835786,1.176886958274829,0.7353478915099925
brightness/s5,9216.0,0.8132866024971008,0.7892154455184937,0.787225599331328,0.7579376248129066,0.7159232251902781,0.7083458047196814,1.0843305906548275,1.1568346259758586,0.7351710021445392
brightness/s5,9344.0,0.80489581823349,0.7922438383102417,0.7904383664044482,0.7641751181760583,0.7192780933375003,0.7073965674979211,1.0665968592243444,1.110165550310426,0.7421285472091684
brightness/s5,9472.0,0.7757710218429565,0.7762585282325745,0.787771576484177,0.7663721018226977,0.7206025309125001,0.7108812824982991,1.0721658198896091,1.0841916750769829,0.743559720443865
brightness/s5,9600.0,0.773687481880188,0.780195951461792,0.7852108320107243,0.7688855290298057,0.7160043434738638,0.7080505947713356,1.0770559198907592,1.0623180501218017,0.7404693167267986
brightness/s5,9728.0,0.7985358238220215,0.7912551164627075,0.7876335577945964,0.7729527267448786,0.7150830992058885,0.7099959411765473,1.058974007632373,1.0338752404577658,0.7379408045946534
brightness/s5,9856.0,0.7974785566329956,0.7758879661560059,0.7894235575833963,0.7734864066378109,0.7214316266229996,0.7215307700535386,1.054029556729066,1.0399749822828275,0.7458152037592619
brightness/s5,9984.0,0.80147385597229,0.7705211043357849,0.7916145209268315,0.7729472607647152,0.716682694509727,0.7196047209528952,1.0351125646322974,1.045095271474646,0.747996530348487
brightness/s5,10112.0,0.748932957649231,0.7378983497619629,0.7838542366945405,0.7665747314914875,0.7042744773261402,0.7080856807796414,1.0648221304760745,1.0694768970174082,0.7355767066487621
brightness/s5,10240.0,0.7727470993995667,0.7709112167358398,0.7818347571863633,0.7673631833540969,0.7054859359941147,0.7071837388197065,1.064526373479559,1.0671428126337166,0.742460487258078
brightness/s5,10368.0,0.8096338510513306,0.8075134754180908,0.7868891378890847,0.7746632364566413,0.7050566749042756,0.7135480590343053,1.0271753297614459,1.0133686999496032,0.7466722168475184
brightness/s5,10496.0,0.8279172778129578,0.795145571231842,0.7943487996934252,0.7783872973248596,0.7160690976489528,0.7272779573917043,0.989265601177167,0.9818583082082224,0.7501181774206969
brightness/s5,10624.0,0.8006167411804199,0.7951319217681885,0.7954884254183333,0.7814317744963739,0.7193974435309614,0.7271478742295762,0.972793947842298,0.9533271153614482,0.7472557815260247
brightness/s5,10752.0,0.7775484323501587,0.7424176931381226,0.792226608496847,0.77433830515851,0.7221206356162411,0.7284618970969259,0.9889499906951009,0.9939277735497919,0.7491751848849293
brightness/s5,10880.0,0.8088005781173706,0.7787117958068848,0.7952400575187604,0.7751334852763963,0.7286100655041973,0.7238551885338483,0.9835992534800404,0.9905284562284051,0.7535865149058512
brightness/s5,11008.0,0.795208215713501,0.8017445802688599,0.7952342680996223,0.7799718661841168,0.7381809626852524,0.7271883360731486,0.9871073104991723,0.9657685798873386,0.7657185121956964
brightness/s5,11136.0,0.7972740530967712,0.7697017788887024,0.7956051380991038,0.7781045775849506,0.737488969469752,0.7299154567871216,0.9845247109955718,0.9687298462447698,0.7671219645237516
brightness/s5,11264.0,0.7786511778831482,0.7715088725090027,0.792522599878021,0.7769053584802328,0.7298205204752516,0.7293058282803722,0.9873462026953294,0.9586168467177998,0.7654293346103422
brightness/s5,11392.0,0.7689711451530457,0.7810982465744019,0.7882405172007527,0.7776677017700816,0.7249667894797512,0.7273865867748499,1.0033979664314545,0.9573443645109412,0.76404445559028
brightness/s5,11520.0,0.7858507633209229,0.7900720834732056,0.7878060164953291,0.7799230438979222,0.725256918665251,0.7272367528157863,1.0052980712924835,0.9383359535609871,0.7657522818465927
brightness/s5,11648.0,0.8209666013717651,0.821378231048584,0.7938352137455902,0.7874603506525879,0.7297556607261144,0.7256937068492797,0.9883351866663399,0.9093416970487499,0.7685700487835758
brightness/s5,11776.0,0.7940488457679749,0.7553560137748718,0.7938740559314783,0.7816231984930031,0.7234932678668209,0.7244312146948653,0.9869911787938721,0.9447514502717199,0.7666141308229256
brightness/s5,11904.0,0.7896547317504883,0.773219645023346,0.7931069060803893,0.7800952796803381,0.7183694918910353,0.7191369029321625,0.9894966958353448,0.9564795945324525,0.7579115615823937
brightness/s5,12032.0,0.8053052425384521,0.7730368375778198,0.7953247854364006,0.7788119265707892,0.7028136751835743,0.7162256478535874,0.9925271282187533,0.9712927493917419,0.7436890049310493
brightness/s5,12160.0,0.7904725074768066,0.8206688165664673,0.7944425530801108,0.786422270206367,0.7113930069683789,0.719525530062026,1.0003276420933087,0.9250937066403957,0.7505182767617676
brightness/s5,12288.0,0.8111969828605652,0.7873061895370483,0.7974888130401934,0.7865829828119453,0.716992005701401,0.7151231609598395,0.9775996874653815,0.9200606586115955,0.7504240446232644
brightness/s5,12416.0,0.8160979151725769,0.8100196719169617,0.8008722861551721,0.7908441990128573,0.7102093683011462,0.695896222603505,0.9614641127979364,0.8994830067789606,0.7418242183281253
brightness/s5,12544.0,0.7942643165588379,0.7900609970092773,0.7996708371376567,0.7907017986485699,0.7103417558827559,0.7014719094028677,0.9635412035743436,0.9135088391604249,0.7404698149957388
brightness/s5,12672.0,0.8069050312042236,0.7991535663604736,0.8009861451497597,0.7922384836870978,0.7132909820858911,0.7074542895114372,0.9593594186707008,0.9046744433995451,0.7450434849965135
brightness/s5,12800.0,0.7631539106369019,0.7378032207489014,0.7941075570565128,0.7823411631528803,0.7057608035248201,0.6967239641457214,1.0021037713942476,0.9487413651257508,0.7416833059062383
brightness/s5,12928.0,0.816840410232544,0.8329263925552368,0.7982408030885184,0.7915384775896723,0.7180656574293982,0.7135127888464993,0.9744397447535298,0.9040961986110768,0.7502977048323768
brightness/s5,13056.0,0.7467269897460938,0.7441720366477966,0.7888746552080775,0.7829263974184221,0.7068264469876895,0.7031013726925903,1.0077643540254155,0.9449036927650865,0.7459822130446718
brightness/s5,13184.0,0.8276132345199585,0.7929348349571228,0.7959180332647832,0.7847461133345495,0.7132557293535642,0.7073670322030284,0.9681828683141349,0.9262877061933681,0.748133174309277
brightness/s5,13312.0,0.8022598028182983,0.7904244661331177,0.7970710822745132,0.7857785411161073,0.7185160512892796,0.7094366627115687,0.955537373276473,0.9096092220033085,0.7470521426166812
brightness/s5,13440.0,0.8275959491729736,0.7961260676383972,0.8026210580742332,0.7876599095747054,0.732763132873047,0.7239140876731016,0.9327812095543913,0.8914062518329682,0.7575312985045572
brightness/s5,13568.0,0.838147759437561,0.8291905522346497,0.809080458322111,0.7952109355128771,0.7373175632597657,0.7329183444598104,0.8988829878293252,0.8506461115141831,0.7661051533219103
brightness/s5,13696.0,0.8161312341690063,0.7832655906677246,0.810362417567001,0.7930390546319402,0.7353620972125355,0.7232400091034812,0.9032044758029506,0.8649490636690196,0.7574951254451994
brightness/s5,13824.0,0.8089592456817627,0.785148561000824,0.8101072954060485,0.7916044194262827,0.7280803522648018,0.7210031892664845,0.9050383743612109,0.8662353831613933,0.7532914662733449
brightness/s5,13952.0,0.8258112072944641,0.7984353303909302,0.812962552113033,0.7928464032380368,0.7334861973075651,0.7291162457634874,0.8920669049269615,0.8658064125411787,0.7612157451327367
brightness/s5,14080.0,0.7884059548377991,0.7716543078422546,0.8084977162448086,0.7889932949842582,0.7208637068880078,0.7130269283519443,0.9059027344188899,0.8702942608513408,0.744971973290421
brightness/s5,14208.0,0.7952057123184204,0.8023391962051392,0.8060809882581925,0.7914198224789638,0.7247407601810973,0.719749305015227,0.9032684925091654,0.8527920743593822,0.7501475236012535
brightness/s5,14336.0,0.8022515773773193,0.7629315853118896,0.8053847317343973,0.7862401429940411,0.7208106219663523,0.6982607950124584,0.9120162912032054,0.8875922263293847,0.7458593374919346
brightness/s5,14464.0,0.8076472282409668,0.8122756481170654,0.8057960947355918,0.7909738711982273,0.7204359634270154,0.7048270141011023,0.9185296991592954,0.8697230301631622,0.7508735488570373
brightness/s5,14592.0,0.7963243126869202,0.7913753986358643,0.8040739525449242,0.7910468761868885,0.7286521518948308,0.7030971024463564,0.9138784434952228,0.8564246580546389,0.754976085428485
brightness/s5,14720.0,0.8021954298019409,0.7966337203979492,0.8037324029552909,0.792062666043445,0.7311131242775888,0.7102044474561098,0.9200568003999554,0.8525398497320269,0.7625940698960332
brightness/s5,14848.0,0.7978318929672241,0.7902094125747681,0.8026595829574605,0.7917257108673219,0.7302857380452998,0.7103377297368171,0.9098828221083253,0.8434801907325647,0.764565602642209
brightness/s5,14976.0,0.7935608625411987,0.804573655128479,0.8010052701545037,0.7940617007329868,0.7281883311279727,0.7203899606937594,0.9156451971466353,0.8266760878388064,0.7675991294345346
brightness/s5,15104.0,0.8009854555130005,0.773218035697937,0.8010016674924122,0.7902719434538867,0.722210907286523,0.7229326951130758,0.9162177783089613,0.8499542560867811,0.7572970149918918
brightness/s5,15232.0,0.8301267027854919,0.8038233518600464,0.8062971284547902,0.7927358358913703,0.7173202877798824,0.7179108414561529,0.8918161940984619,0.8279179621847389,0.7559702849933659
brightness/s5,15360.0,0.8006057739257812,0.8052382469177246,0.805262336722243,0.7950090015325255,0.7175802354562675,0.7152225066459432,0.8876011170375909,0.8136424928181754,0.7534643240854813
brightness/s5,15488.0,0.8477562069892883,0.780102014541626,0.8129884949526148,0.7922986402614528,0.7334179199187643,0.7286479599830444,0.8538224640836959,0.8119655665435617,0.7613571742517573
brightness/s5,15616.0,0.8234321475028992,0.7816871404647827,0.8148873408708484,0.7903692766620583,0.7321714799335344,0.726848330895218,0.8352458430976198,0.8209338581029575,0.760712688024165
brightness/s5,15744.0,0.8059011697769165,0.8116112351417542,0.8132534915810425,0.7942314509310938,0.7254698472183463,0.7196940889142692,0.8563888252039276,0.8232196132267605,0.7545035629288622
brightness/s5,15872.0,0.8005237579345703,0.8073773980140686,0.8109389945544112,0.7966216231279982,0.7313503295422833,0.7195224363844019,0.8634153425904448,0.8130505485907271,0.7636279151236145
brightness/s5,16000.0,0.7980765104293823,0.7704935073852539,0.8086003610771333,0.7918710566293174,0.7361616332618681,0.7137001752236015,0.8701916570185804,0.8239770046885778,0.7668319305556845
brightness/s5,16128.0,0.7851693630218506,0.8033781051635742,0.8043401796125365,0.7939632472719096,0.7301549726688011,0.7245615070011284,0.8773240204333594,0.7980720654413892,0.7708738522728328
brightness/s5,16256.0,0.8006604909896851,0.8058567047119141,0.8036711453174725,0.7961256940791831,0.7351836140017464,0.7306071420918323,0.8816764968914875,0.7903678570513665,0.7727604245868632
brightness/s5,16384.0,0.8221335411071777,0.8051354885101318,0.8070279445519642,0.7977638385211737,0.7279343205468833,0.7213490253478627,0.8682700573002551,0.7942026545506774,0.7629403473892518
brightness/s5,16512.0,0.7905744314193726,0.8019022941589355,0.8040363967096747,0.7985162850007668,0.7262644440838135,0.7123537480118877,0.8877780474257946,0.7953297189611244,0.7563261933184786
brightness/s5,16640.0,0.8046845197677612,0.7872439026832581,0.8041542372656905,0.7964667609430378,0.7291595451594837,0.7277212483733626,0.8855160829993117,0.809555760167245,0.7622782490787552
brightness/s5,16768.0,0.8109397292137146,0.8108276128768921,0.8053879630744221,0.7990778249310113,0.7230055369486684,0.7260901123054784,0.8657619701926298,0.7915731921593199,0.760045840155345
brightness/s5,16896.0,0.8362376689910889,0.841070294380188,0.810997000513816,0.8067128193763161,0.7364363484125469,0.7375396373408458,0.8379246332784447,0.7509715222336907,0.771003414672555
brightness/s5,17024.0,0.8038472533226013,0.7937182188034058,0.8096970464790496,0.804350164726696,0.7389024668829929,0.7270210669152374,0.8585794138805394,0.7773399187503667,0.7742868847320903
brightness/s5,17152.0,0.8231216669082642,0.8139113187789917,0.8121378865570885,0.8060885563725679,0.7423406547224487,0.7269376911124669,0.8420513788052302,0.7661198025436626,0.7769733602353465
brightness/s5,17280.0,0.7754106521606445,0.7902817726135254,0.8054602075759167,0.8032145956891056,0.7380514447729125,0.735392201819291,0.8625250772336316,0.788306760150581,0.7777509311016471
brightness/s5,17408.0,0.7947520017623901,0.7980977892875671,0.8035132610643664,0.8022842672524622,0.7274398184505647,0.7281049833066926,0.8797853954027341,0.7920423155684818,0.7656030345377112
brightness/s5,17536.0,0.8223583102226257,0.8076305985450745,0.8069396336385953,0.8032563274874824,0.7301212150959167,0.7193018045236576,0.8505041301838576,0.7685858178403878,0.7570843009854
brightness/s5,17664.0,0.8031727075576782,0.7936933040618896,0.8062547379875195,0.8015175959555564,0.7308946305330227,0.7206219309739016,0.8512477089539456,0.7675066456144699,0.7572167008062364
brightness/s5,17792.0,0.8236362934112549,0.7937989234924316,0.8094150207918349,0.8001142009622609,0.7301069704361094,0.716020216251374,0.8540549394414062,0.7841156340414,0.7559045733869206
brightness/s5,17920.0,0.8006722927093506,0.8102195262908936,0.8078254338677469,0.801951532840194,0.7394057030840895,0.7193574496602151,0.8551672683730912,0.7667392072439501,0.7647741964074806
brightness/s5,18048.0,0.8383281230926514,0.8360545039176941,0.813371377363184,0.8081520730361031,0.7399114843415278,0.7121447315401759,0.8301389098093068,0.7499121734250925,0.7606675243333931
brightness/s5,18176.0,0.8077529072761536,0.7809157371520996,0.8123498373473602,0.8032000119662843,0.7346434871885227,0.7090843258055984,0.84678396419437,0.7741724070161047,0.7558870653636852
brightness/s5,18304.0,0.8290175199508667,0.7972277998924255,0.8153803250934523,0.8021141552255827,0.7289128531542458,0.7065803574773079,0.8292450105798618,0.7655021236362345,0.7533962352975605
brightness/s5,18432.0,0.8023484349250793,0.7923810482025146,0.8130108905173844,0.8003444994032067,0.7313264253080192,0.7144748379359791,0.8279920379399475,0.7586741138064552,0.7570401016070949
brightness/s5,18560.0,0.813955545425415,0.794636070728302,0.8131826459552081,0.7993066032804967,0.7333011661611066,0.7109907764930739,0.8331824400272599,0.7666895569912701,0.7614419013148959
brightness/s5,18688.0,0.8032588958740234,0.8012331128120422,0.8113783277586291,0.7996568777407776,0.7292350450409054,0.712401544403424,0.8381949547946423,0.7688372174354121,0.7593615556212784
brightness/s5,18816.0,0.8302507400512695,0.8056523203849792,0.8148096754482,0.8007469582215415,0.7301695823061953,0.7092944454209832,0.8230711669287873,0.7629484295399399,0.7576594545992277
brightness/s5,18944.0,0.7766989469528198,0.7834706902503967,0.8078804520854037,0.7976058185904242,0.7195705673414325,0.6968090917080771,0.8604456552506949,0.7929495215051345,0.7463236446720953
brightness/s5,19072.0,0.8210083246231079,0.8043057918548584,0.8102673380013499,0.798823995547594,0.719421373279354,0.7022188023066085,0.8365320158526138,0.7756490956354931,0.7484125274589871
brightness/s5,19200.0,0.799811601638794,0.8064700365066528,0.8083662950263397,0.8002141848128773,0.7221402145012896,0.7180085655235887,0.845573549313288,0.7637490779656275,0.752962522466444
brightness/s5,19328.0,0.8134384155273438,0.8132550716400146,0.8092884987537949,0.802585255145084,0.7257851755010551,0.7167229172465726,0.8438975416879283,0.7535606365717082,0.7524238820179996
brightness/s5,19456.0,0.8092162609100342,0.7961350679397583,0.8092753646003839,0.8014124938350249,0.7287674163190452,0.7170914777471957,0.8311493941269483,0.7446986551704701,0.7534036307419997
brightness/s5,19584.0,0.8370456099510193,0.8284784555435181,0.8143245001186812,0.8063335777820235,0.7368892497155823,0.7344384817931601,0.79669709759318,0.7215104522181665,0.7641484251525451
brightness/s5,19712.0,0.8611785769462585,0.8415806889533997,0.8228434231782407,0.8127421434495464,0.74637529522184,0.7301655760125855,0.7736296092165857,0.7035264228045762,0.7757805296702642
brightness/s5,19840.0,0.8187410831451416,0.8197750449180603,0.8220975431722226,0.814020852807458,0.7527161506360509,0.733771834919388,0.7621176216840757,0.690625000075304,0.7810363424574889
brightness/s5,19968.0,0.8121718168258667,0.7823100686073303,0.8202928656547034,0.8082552556801619,0.7380177596113143,0.7424042285704083,0.770145002319597,0.7273319375047387,0.7768138256470364
brightness/s5,20096.0,0.7866203188896179,0.7978336811065674,0.8141705844246878,0.8063604239395082,0.7416168033183481,0.7423648233757887,0.8005506423231006,0.7332377714077967,0.7804613118930297
brightness/s5,20224.0,0.8395477533340454,0.8247685432434082,0.8187846151354801,0.8097073547220355,0.7545046572604666,0.7494348554892817,0.7816711740425533,0.7185829998818585,0.7905478915488424
brightness/s5,20352.0,0.8250975608825684,0.8189716339111328,0.8199324234531324,0.8113917691200532,0.7593674468494727,0.7466966999457759,0.7804078142803884,0.7089550919235469,0.7945391839945074
brightness/s5,20480.0,0.8121331930160522,0.8185047507286072,0.8185143815554815,0.8126850385034267,0.7576642746950231,0.7430359363192711,0.7636787794634952,0.6844539122338231,0.7935434232682332
brightness/s5,20608.0,0.8355662822723389,0.8431180715560913,0.8216147271403647,0.8182183172402747,0.746327588386837,0.7428816751703127,0.7509463187731331,0.6599198912941707,0.7842059826740089
brightness/s5,20736.0,0.807316243648529,0.8098483085632324,0.8190150028691218,0.8166964974808124,0.741313481407412,0.742755461502983,0.7611317490997931,0.6604935745241933,0.7737253494605526
brightness/s5,20864.0,0.8341872692108154,0.8311294913291931,0.8217735967494297,0.8193206781805179,0.7556769393333371,0.7568567412297134,0.7369622524865395,0.639072799127971,0.787877558649543
brightness/s5,20992.0,0.8023634552955627,0.7936662435531616,0.8182444801214539,0.8146562355209985,0.7390197685454576,0.7485077882788563,0.7437004503570843,0.6566897604479098,0.7738884570768988
brightness/s5,21120.0,0.8339525461196899,0.8027666807174683,0.8211004921211331,0.812494498283993,0.7410161742644652,0.7331540995008824,0.7334845058183384,0.6624042641260708,0.7695451012447353
brightness/s5,21248.0,0.8318049907684326,0.8367879986763,0.8230467646024602,0.8169114983553215,0.7497518698527442,0.7376374450461765,0.7325696288504799,0.6674530114210587,0.7773550828366015
brightness/s5,21376.0,0.8232046365737915,0.7907748222351074,0.8230754685972477,0.8121593754243734,0.748376529879518,0.727101091401417,0.7304748192937753,0.6889356162448044,0.7738018859572193
brightness/s5,21504.0,0.8546985387802124,0.8639582991600037,0.828825117721423,0.8215773615581243,0.761455797174151,0.7483099838738866,0.7149209566152839,0.653859240328668,0.7879401794195431
brightness/s5,21632.0,0.8283118009567261,0.8123978972434998,0.8287317874005689,0.8199083680463743,0.746588834051578,0.735833168624089,0.7261178808242148,0.673183784578658,0.7739396922523534
brightness/s5,21760.0,0.8355472087860107,0.825459361076355,0.8299709549251946,0.8209176395063708,0.7457885914967457,0.7412498652378909,0.7157052687756094,0.6667205954365434,0.7781097482064709
brightness/s5,21888.0,0.789713442325592,0.8100261092185974,0.8226514071798122,0.81893736127223,0.7380315748609737,0.7328976170128199,0.7484164507783438,0.6825171111474662,0.7687375212598397
brightness/s5,22016.0,0.8130689859390259,0.7962970733642578,0.8209091487723965,0.8148209452889623,0.7245826521589784,0.7203821411923071,0.7641361630719075,0.7032466963028552,0.7610693355762325
brightness/s5,22144.0,0.8567709922790527,0.820075511932373,0.8274294839554248,0.8157763210423097,0.7292039881300733,0.7200853882482512,0.7478798148383743,0.7083674751977196,0.7618976381987357
brightness/s5,22272.0,0.8286867737770081,0.8212170004844666,0.8276580821048035,0.8167655354863381,0.7415078084700599,0.7155812267485692,0.75105455116928,0.7038555104564593,0.7725185221626019
brightness/s5,22400.0,0.8309178352355957,0.8268967866897583,0.8282507644922202,0.8186075811596871,0.7387904796573217,0.7204187309761021,0.7466621826711056,0.6920053708849413,0.7712651544966742
brightness/s5,22528.0,0.8362611532211304,0.8194000720977783,0.8297071988065675,0.8187516704211582,0.7493513015378086,0.721535779889538,0.7144422772761981,0.6696407915487665,0.7759214900427334
brightness/s5,22656.0,0.8322471380233765,0.8388211727142334,0.8301690059368965,0.8224006708380809,0.750889701258207,0.7295520017278039,0.6975411916242513,0.639960862398265,0.7726289463986
brightness/s5,22784.0,0.8081256151199341,0.8274819254875183,0.8261611166974487,0.8233245353197968,0.7450461192112603,0.7375311832318395,0.7167358244928289,0.6288044267351937,0.7784577743261272
brightness/s5,22912.0,0.8831163644790649,0.8520134091377258,0.8365166162941062,0.8285406941957838,0.7558900066273948,0.7440596044624141,0.6838442286691261,0.6204024726793586,0.7889086335395585
brightness/s5,23040.0,0.852672815322876,0.8446067571640015,0.8394541070266098,0.8314617965536415,0.7562395508769594,0.7536624036510661,0.6698204442187757,0.6032842973128301,0.7875161547141842
brightness/s5,23168.0,0.8570150136947632,0.8526699542999268,0.8426469991480923,0.8353178252347842,0.7607869052629668,0.7473146938963267,0.6551220008723799,0.5914221714238151,0.7863768538570598
brightness/s5,23296.0,0.8132588863372803,0.80673748254776,0.8373037059097628,0.8301213992916888,0.7488824679424273,0.7364392950060854,0.6764361741049341,0.6078641721037159,0.7712401531557761
brightness/s5,23424.0,0.8175532817840576,0.8004763722419739,0.8337127197050891,0.8247313943735588,0.7348811101347132,0.7232798777322517,0.7042735177199881,0.6384013925162605,0.7560146707638168
brightness/s5,23552.0,0.823417067527771,0.8213452100753784,0.8318407829455766,0.8241157245011623,0.7376299992011289,0.7323994454172967,0.698260829496452,0.6328356185420794,0.7606029124431228
brightness/s5,23680.0,0.8143596053123474,0.8243385553359985,0.8286623870122622,0.8241562391984052,0.7441404538918327,0.7355995462505155,0.6986698499983566,0.6285141315404211,0.7686182919989186
brightness/s5,23808.0,0.8501355648040771,0.8437438011169434,0.8325666011562285,0.8277176140926847,0.7579899168205904,0.7396382651140582,0.6853883638977476,0.6209082391866474,0.7865399661809334
brightness/s5,23936.0,0.8288937211036682,0.7912743091583252,0.8318988047830357,0.8210915586500739,0.7607985683077557,0.7372608532751385,0.6961016959764308,0.6485922813693308,0.7869986086934908
brightness/s5,24064.0,0.8269248604774475,0.8255640268325806,0.8309944512729287,0.8219047346832569,0.755994283160891,0.7381566072251133,0.6997334664640978,0.6424478357715734,0.7845329525674015
brightness/s5,24192.0,0.8535443544387817,0.8224055171012878,0.8350944336667201,0.8219957860319898,0.7549044134952744,0.733207678638729,0.6789248617327881,0.6415701507722785,0.7825155975551467
brightness/s5,24320.0,0.8270367383956909,0.8344869017601013,0.8336293981628966,0.8242668979825555,0.7497513383143153,0.7248971916135055,0.6845241539995783,0.6372471667849571,0.7780241252723927
brightness/s5,24448.0,0.8603167533874512,0.848197877407074,0.8384816445673611,0.8286179851506498,0.7469556404389852,0.7251999749565045,0.6732179592946101,0.6286058006657971,0.7757697388592304
brightness/s5,24576.0,0.8169890642166138,0.8140325546264648,0.834573902685407,0.8259660886917071,0.7389864330864424,0.7098227067825945,0.6960171356173208,0.641487087280139,0.7625616045211884
brightness/s5,24704.0,0.8113725185394287,0.8006330728530884,0.83035546920432,0.8213600858119582,0.7381479907070893,0.7100253964584864,0.7135290796950609,0.6588743319326514,0.765959494608245
brightness/s5,24832.0,0.8372858166694641,0.8523464798927307,0.8316155323798007,0.8269939756448259,0.738882446942164,0.717293506193307,0.6987761553359424,0.6314235538418081,0.7630577683158367
brightness/s5,24960.0,0.8317009210586548,0.8508884906768799,0.8316310575941377,0.831338432923381,0.7423242747708614,0.7246605959763421,0.7127897655069064,0.612947139700027,0.7649449922584118
brightness/s5,25088.0,0.8170472383499146,0.8059326410293579,0.828979454095188,0.8267191980335586,0.7394584975397956,0.7164836694351889,0.7095298156222889,0.6299263511677533,0.7593868118477914
brightness/s5,25216.0,0.781137228012085,0.7960473299026489,0.8202808675346238,0.8211424947370296,0.7399546798052874,0.7311002749924272,0.7362373242390039,0.6399508829479827,0.7690437551481929
brightness/s5,25344.0,0.8120659589767456,0.8279824256896973,0.8187872477968277,0.8223861185466055,0.7460424652952351,0.730275224993804,0.74904816553906,0.6404309908557004,0.7726835269394304
brightness/s5,25472.0,0.84048992395401,0.8542755842208862,0.8227331889163154,0.8281842032146565,0.7453415625142832,0.7324410931767487,0.7350110672217774,0.6167326060214964,0.7657183402231703
brightness/s5,25600.0,0.8227142095565796,0.8150426149368286,0.8227297381236361,0.8257948235277786,0.7476090056935044,0.7271108944173398,0.7285528775482423,0.6353085545474285,0.7699627329098665
brightness/s5,25728.0,0.8013612627983093,0.8065232634544373,0.8188445607917585,0.8222909035144437,0.7338391864765036,0.7156475499778234,0.7474265149855381,0.6520037955403866,0.7592308723807998
brightness/s5,25856.0,0.831786572933197,0.8211072087287903,0.8211976539083836,0.8220756862806885,0.7339366071171393,0.7176320863454918,0.7426124636387634,0.6492230382583797,0.7646548046751998
brightness/s5,25984.0,0.7977926731109619,0.8230232000350952,0.816942202854307,0.8222479615087623,0.7382776785503866,0.7192557979190387,0.7570147262965392,0.6475667319803557,0.7605698401887997
brightness/s5,26112.0,0.8240344524383545,0.7947816848754883,0.8182317027786792,0.8172540930299852,0.7318862824503163,0.7234251982973954,0.7554818836359611,0.6735542602519383,0.7572275965181088
brightness/s5,26240.0,0.8350136280059814,0.8410372734069824,0.8212829619109159,0.8215783076439847,0.7280774129138952,0.7339387986069599,0.7448625819933764,0.6551368009377764,0.761595306242089
brightness/s5,26368.0,0.8212787508964539,0.8154639005661011,0.8212821962719228,0.8204665972661876,0.7249610651113687,0.734018107951149,0.7297877065473538,0.6420141164277829,0.7580666141980728
brightness/s5,26496.0,0.8414368629455566,0.8259224891662598,0.8249466811216744,0.8214585776116552,0.7323545078183926,0.7397648155963945,0.6924594851082353,0.6295396932538128,0.7622817752529686
brightness/s5,26624.0,0.8573164343833923,0.8332581520080566,0.830832090805623,0.8236039547746372,0.736983233669594,0.7387848491243227,0.6766897070201247,0.6263400572464499,0.7671509979342469
brightness/s5,26752.0,0.8404433727264404,0.8135850429534912,0.8325795966094081,0.8217823344435197,0.7322476457296677,0.740823967465355,0.6718261264501926,0.6374816237194131,0.756930361946202
brightness/s5,26880.0,0.8215349912643433,0.8162923455238342,0.8305714865466689,0.8207841546399404,0.7326344374151826,0.7339696097443813,0.6876431613677401,0.6380611878879604,0.7570907506832562
brightness/s5,27008.0,0.848700761795044,0.8367424011230469,0.8338677184100098,0.8236856540005052,0.7400531760669675,0.7411455897908574,0.6706421301728208,0.6279313961685573,0.7657447051044823
brightness/s5,27136.0,0.8118974566459656,0.8191436529159546,0.8298731253620018,0.8228598356214959,0.7404412349638825,0.7370736643743379,0.6810020581672722,0.6281386938979037,0.7714047587218491
brightness/s5,27264.0,0.8052709102630615,0.794562578201294,0.8253999953440125,0.8177148797269137,0.7421791922431765,0.7266398163062764,0.7015672902456848,0.6571765537118213,0.7632516207724219
brightness/s5,27392.0,0.8174803853034973,0.8129687905311584,0.8239600662457369,0.8168519544185945,0.7350784300171443,0.7280462133414989,0.7071694769798567,0.6661593530710689,0.7608422351774361
brightness/s5,27520.0,0.8254232406616211,0.8396058678627014,0.8242260979577158,0.8209890295902502,0.7349505336503908,0.7306173563703173,0.705496254699245,0.6483283162769528,0.7617118287815385
brightness/s5,27648.0,0.8140140771865845,0.8173354864120483,0.8223693669084191,0.8203247490123953,0.7178004366230469,0.7156755643029868,0.7225495873284461,0.6499094410909998,0.7382755871848952
brightness/s5,27776.0,0.8645801544189453,0.8704344034194946,0.8300440555466966,0.8294355952682315,0.7236549026915838,0.7219163707933528,0.692964328830252,0.6125833969907696,0.7460891167876414
brightness/s5,27904.0,0.8562794327735901,0.8059642314910889,0.8348141241334045,0.8251680745814782,0.7298653749294777,0.7327043033763796,0.6711251845453082,0.6226812261015232,0.7539024591898884
brightness/s5,28032.0,0.8324962854385376,0.8234730958938599,0.8343926989161559,0.8248598966382747,0.7164807613059363,0.7259057936715833,0.6802043571115,0.6244254159117332,0.7418292847917268
brightness/s5,28160.0,0.8562079668045044,0.8483680486679077,0.8383591112594919,0.8291341060982079,0.7268365319775842,0.7345479220949317,0.6608477441322096,0.6047106261024088,0.753258051193231
brightness/s5,28288.0,0.855365514755249,0.8517118692398071,0.8414511846223568,0.833239153942135,0.7381503443452961,0.734516481714035,0.6499369150821149,0.590771431947503,0.762608860067189
brightness/s5,28416.0,0.8382225632667542,0.832112193107605,0.8408641625577017,0.8330342519722205,0.7388843726461514,0.7316498486751195,0.651053039032528,0.5933648850902266,0.7645777036913364
brightness/s5,28544.0,0.8586937189102173,0.8376489877700806,0.8441059000763409,0.8338732948445586,0.7380644867104874,0.7222021489160068,0.6457907024824964,0.5908806735589568,0.7619272121110934
brightness/s5,28672.0,0.8590997457504272,0.8532604575157166,0.8468320538352656,0.8373982335120418,0.7388141254903988,0.727256303658551,0.632646208227034,0.5790611083654759,0.7711222644545309
brightness/s5,28800.0,0.817223072052002,0.7950065732002258,0.8414486026019449,0.8296906589098934,0.7365865572194171,0.7171869757206326,0.6379870110373786,0.6027351597776356,0.7630204890991615
brightness/s5,28928.0,0.8514313697814941,0.8322591781616211,0.8432636511800446,0.8301576624102075,0.7404458195431595,0.7259938892259721,0.6344821941002735,0.6026202857356457,0.777698581990223
brightness/s5,29056.0,0.8327257037162781,0.8324770927429199,0.8413476607320871,0.8305793770161551,0.7336602159898576,0.7189950002757953,0.656013658735795,0.6059085146834515,0.7684011125374551
brightness/s5,29184.0,0.8346045613288879,0.8472277522087097,0.8401216426587781,0.8336063543238923,0.7309492676280653,0.7175300002256507,0.6484684600832595,0.5907298014583964,0.7622145466215542
brightness/s5,29312.0,0.840051531791687,0.835389256477356,0.8401088952283978,0.8339305183517948,0.7173675826047807,0.7078086365482597,0.6601604050725048,0.5890753772602388,0.7543119017812716
brightness/s5,29440.0,0.8457321524620056,0.8121644258499146,0.8411313056345083,0.8299730469878166,0.7204598403130024,0.712638884448576,0.6349502552365183,0.5921315258263926,0.7620506469119495
brightness/s5,29568.0,0.826882004737854,0.8177931308746338,0.8385405236532985,0.8277585167854197,0.7187285057106383,0.7194318145488349,0.6427729142374546,0.6030446322548969,0.7598596202006859
brightness/s5,29696.0,0.8712367415428162,0.8154677152633667,0.8444852905423017,0.8255238255995918,0.7215733228541585,0.720728302812683,0.6314741166613387,0.6169366103780743,0.7609078710732884
brightness/s5,29824.0,0.8265383243560791,0.8195923566818237,0.8412222057811702,0.824445376705452,0.7224804459715842,0.7189481568467406,0.6418920369729578,0.6221234198894672,0.7575041672417813
brightness/s5,29952.0,0.8419430255889893,0.8415353298187256,0.8413532639280464,0.8275526409078654,0.7232226376131143,0.7217530374200605,0.6499476659123339,0.6129789945607759,0.756139773197821
brightness/s5,30080.0,0.8343610763549805,0.8556743860244751,0.8400819570965798,0.8326656854745217,0.7209889762289117,0.7155252124345949,0.6668643052868602,0.6012537097761883,0.7479211780709444
brightness/s5,30208.0,0.8238217830657959,0.8210165500640869,0.8371255618182554,0.8305476608544426,0.7191614350963822,0.7090092647192139,0.6731049712809019,0.6058677556159702,0.7454582366035
brightness/s5,30336.0,0.8339747190475464,0.8389988541603088,0.8365526813144901,0.8320842414555092,0.7205070832606763,0.7150416711339023,0.664451758670164,0.5892588107728909,0.7477044663119545
brightness/s5,30464.0,0.8212963342666626,0.8316073417663574,0.8337788000330668,0.831997532421118,0.723028522667826,0.7242386400186474,0.6714872668607827,0.588236316410841,0.7509627451643264
brightness/s5,30592.0,0.8339573740959167,0.817547082901001,0.833811268044494,0.8293701779629148,0.7194097003645848,0.7189793418334387,0.6795276850806417,0.6037402676193346,0.7479467914980852
brightness/s5,30720.0,0.8389227390289307,0.8384252786636353,0.8347406264053006,0.8310165599085002,0.7306533912073876,0.7231990069546317,0.6622407152175964,0.5895085437716486,0.7596837384984333
brightness/s5,30848.0,0.8480249643325806,0.8217906355857849,0.8371559605738969,0.8293391191225519,0.7469550473514989,0.7323332784174259,0.6471704987439292,0.5859932116720982,0.7735480587714454
brightness/s5,30976.0,0.8293043375015259,0.8542304039001465,0.8357283927425566,0.8338648072639328,0.7517700387421354,0.7369658641597121,0.6593987140671321,0.5681061591929122,0.7820506844493644
brightness/s5,31104.0,0.8528968095779419,0.8173642158508301,0.8388499230762629,0.8308646997342777,0.7429254862435652,0.727972070676128,0.6500219860089834,0.5838120508919459,0.7733823781858435
brightness/s5,31232.0,0.8577724695205688,0.8092440366744995,0.8422903860661367,0.8269336700870452,0.7385299432901897,0.709249876007741,0.6424434042854484,0.5971438772621724,0.7662901276065992
brightness/s5,31360.0,0.7985896468162537,0.8210815191268921,0.8343447971116125,0.8258696426397446,0.7349335899647007,0.7081362621881517,0.6662768117582291,0.5914317819592335,0.7675896498599447
brightness/s5,31488.0,0.8797335624694824,0.8413499593734741,0.8425972999039524,0.8286842456822409,0.7447752099711187,0.7185887599721241,0.6368471594286633,0.5868287129659797,0.7714938044308638
brightness/s5,31616.0,0.8440463542938232,0.8380362391471863,0.8428607643384743,0.8303846081304127,0.7514069899763698,0.7314021672499197,0.6339802914017443,0.5772703487867127,0.7803699308979795
brightness/s5,31744.0,0.8493683338165283,0.8541290760040283,0.8440439587890296,0.8347017841074337,0.7483102645261207,0.7262608641135706,0.6264245217350941,0.5666047334015919,0.7720072161892559
brightness/s5,31872.0,0.8593263626098633,0.8421384692192078,0.8468225776655448,0.8360539086732107,0.742935670975917,0.733417979729285,0.6178751836019067,0.5617228420761948,0.7665854496093911
brightness/s5,32000.0,0.8243927955627441,0.8276740312576294,0.8427444354650355,0.8345302945976505,0.7371178217075683,0.7293306197785059,0.6228651390669542,0.5538116968914373,0.76214945877132
brightness/s5,32128.0,0.8370239734649658,0.8377202153205872,0.8417043514650228,0.8351102801836389,0.7266759450334649,0.7188841434551412,0.634498199511479,0.5592417942321709,0.7499972844492618
brightness/s5,32256.0,0.8471661806106567,0.8386315703392029,0.8426974113096835,0.8357505147573777,0.7422803186637439,0.73306429919057,0.6254879350192796,0.5543729034475097,0.7656227781857596
brightness/s5,32384.0,0.8396484851837158,0.8466445207595825,0.842143061104962,0.837731243121415,0.739422533452154,0.7190980629741026,0.6288609597949101,0.5506725068047595,0.7556800003338033
brightness/s5,32512.0,0.858104944229126,0.8233417868614197,0.8450452216729918,0.8351149783468703,0.7356638910063078,0.7247165969788112,0.6156503580267791,0.5613407022699675,0.7546472730003845
brightness/s5,32640.0,0.8400715589523315,0.8453394174575806,0.8441409193601443,0.8369739672760903,0.7354295471869791,0.7293135793463,0.6262771938813462,0.5597904590269349,0.7538023142730418
brightness/s5,32768.0,0.8301461935043335,0.8488680720329285,0.8415964237499969,0.8391365317773336,0.7366582658802556,0.7316542921924272,0.6307892247687199,0.554156872426956,0.7573723480415796
brightness/s5,32896.0,0.8372111320495605,0.8081986904144287,0.8407990979862812,0.8335114697113508,0.7405044902656637,0.7278876027028949,0.6181959329396827,0.5722858793048606,0.7560319211249287
brightness/s5,33024.0,0.8093031048774719,0.7961139678955078,0.8350725537846794,0.826711923926652,0.7337082193082702,0.7177034931205504,0.6449165467525348,0.5941175455268306,0.7478329354658507
brightness/s5,33152.0,0.8313959240913391,0.8343462347984314,0.8344040756586174,0.8280999804487937,0.7267271794340393,0.7136324034622685,0.6383961648376009,0.5904382657801088,0.7510678562902415
brightness/s5,33280.0,0.8234501481056213,0.8225963115692139,0.8324124524671634,0.8270993133797792,0.7195949649914867,0.7031992391964015,0.652895565246822,0.599327850758621,0.746612336964743
brightness/s5,33408.0,0.8547678589820862,0.8320693969726562,0.8364770718335129,0.8280029649421203,0.7237026986293982,0.7102880138879648,0.63271580670255,0.5901347683935726,0.7557510029711534
brightness/s5,33536.0,0.8502821326255798,0.8467803597450256,0.8389870828866159,0.8314170367244668,0.7185408443331439,0.7004629204537893,0.6213131482003297,0.5777371921649871,0.7461826387945799
brightness/s5,33664.0,0.8598718643188477,0.8549196720123291,0.8427843158742944,0.8356902431404417,0.7356243271816632,0.712310571280373,0.6119149924352628,0.5679324051340573,0.7596607953773835
brightness/s5,33792.0,0.8509559631347656,0.827072024345398,0.8442700699216527,0.8341232942686154,0.7396585404213607,0.7092200128657598,0.5958187255833524,0.5668032478690271,0.7607451962178593
brightness/s5,33920.0,0.8306460976600647,0.8214558362960815,0.8417929840559094,0.8318201200917911,0.7344365330720224,0.7038504650719851,0.5975864968712202,0.5721338265104828,0.7559506150873394
brightness/s5,34048.0,0.8427193760871887,0.8441823124885559,0.8419614189706874,0.8340677914366573,0.7287435270589273,0.698036744149806,0.6084786633482091,0.5730229350353158,0.7477664123441867
brightness/s5,34176.0,0.8165279626846313,0.8257697820663452,0.8373371541914045,0.8325590624602368,0.7240856130482132,0.7060641543043866,0.6212009175119492,0.5736639607298002,0.7495929737361527
brightness/s5,34304.0,0.8530609607696533,0.8180016279220581,0.8401960281147225,0.8299122561805679,0.7302177743121744,0.7041093080672254,0.6091795496098853,0.5783117989259112,0.7581897057841249
brightness/s5,34432.0,0.8284997940063477,0.8342022895812988,0.8380694400950179,0.8306922622534281,0.7295531789826881,0.7067712520550025,0.6037960918344685,0.5721328892131134,0.7595415774597385
brightness/s5,34560.0,0.8713473081588745,0.8639745712280273,0.8441199615611736,0.8367435911579005,0.7460548737131084,0.7288355698631839,0.5793222301329506,0.5450941734275615,0.7776931088306951
brightness/s5,34688.0,0.8664100766181946,0.847732424736023,0.8481727097533592,0.8387415608993773,0.7496130784925432,0.728422284433514,0.5727933737195621,0.5461995178538069,0.7769193617705686
brightness/s5,34816.0,0.8359566926956177,0.8015926480293274,0.8459516157428608,0.8319872131048227,0.7482629733120807,0.7181409599910569,0.5961682763335723,0.5782553261581473,0.7663431141759198
brightness/s5,34944.0,0.8347933292388916,0.8182885050773621,0.8439228363785027,0.8294965389180117,0.7457378872553387,0.7139903309017738,0.5983233858214957,0.5839138171399246,0.7662125479621162
brightness/s5,35072.0,0.8086667060852051,0.8228163719177246,0.8375126308706304,0.8282819630997776,0.7351491804816408,0.7105943616469058,0.6094533862634526,0.5696952349482296,0.760423902878095
brightness/s5,35200.0,0.8640413880348206,0.8317101001739502,0.8423360412641194,0.8289052607496272,0.740690238575888,0.7205999322565593,0.5881038141763231,0.5708446074511505,0.7613695569002594
brightness/s5,35328.0,0.835764467716217,0.8329482674598694,0.8411412097099553,0.8296403528787621,0.7253374679257265,0.7117408536644576,0.593137375266662,0.5633070118578372,0.7522000920093032
brightness/s5,35456.0,0.8771251440048218,0.8682504296302795,0.8476837432181128,0.8366603668335835,0.7426056555755944,0.7314811529981926,0.583453052492015,0.5504294347236451,0.7731068934621571
brightness/s5,35584.0,0.8626019954681396,0.8431677222251892,0.8503961527181176,0.8378435223593299,0.7425296272891226,0.7291663979076122,0.5737501761461434,0.5477363937120462,0.7717465491963102
brightness/s5,35712.0,0.8607869744300842,0.8472670316696167,0.8522853930293843,0.8395568876884729,0.7495696950547367,0.747158871015319,0.5700389239851835,0.5464752484197636,0.7834176311606175
brightness/s5,35840.0,0.7926062345504761,0.7896703481674194,0.84143463694231,0.8304866077755542,0.73970475049933,0.7334708944670791,0.6070461457694825,0.5802146604523241,0.7702394254950506
brightness/s5,35968.0,0.8482749462127686,0.8683501482009888,0.8426783295369388,0.8373708878529059,0.7444175231358154,0.7435784591094283,0.6160693319595881,0.5597734243380897,0.7779231663141323
brightness/s5,36096.0,0.8639107346534729,0.8772452473640442,0.846538766830854,0.8446207714003856,0.7582166098383945,0.7490073756349868,0.6040463679452127,0.5277467037364466,0.7827894088024718
brightness/s5,36224.0,0.8472492694854736,0.8436099886894226,0.846667949131694,0.844436992725665,0.7595635898677773,0.7406651255195346,0.6027166491274984,0.5278833019563791,0.7768276981111133
brightness/s5,36352.0,0.857813835144043,0.8424195051193237,0.8486944738612119,0.8440701767972392,0.7649270280736359,0.7437828299705282,0.5963368561206854,0.5336848693405419,0.7818931166363654
brightness/s5,36480.0,0.8423673510551453,0.8440566062927246,0.8475440878964725,0.844067709432782,0.7565312047875201,0.7477541336122504,0.6083010662419088,0.5319333995457262,0.7732534590661171
brightness/s5,36608.0,0.8411728143692017,0.8166930079460144,0.8463856745278777,0.8390904909806425,0.7510823493716073,0.7296965638645685,0.6001249087525352,0.5438859022538041,0.7661846483268231
brightness/s5,36736.0,0.8440347909927368,0.8430465459823608,0.845958241157852,0.8398097737082276,0.7466241949404059,0.7333880977073741,0.6029145879642214,0.5467528069734715,0.770344257721946
brightness/s5,36864.0,0.8372113108634949,0.843819260597229,0.8443678901952416,0.8405387713244097,0.7529197958603321,0.7321470799423969,0.6008611291454092,0.5414460652026378,0.7765884835906831
brightness/s5,36992.0,0.8558239340782166,0.8500800132751465,0.8464508072648734,0.8422735425881799,0.7623321057039081,0.7282907926801429,0.5963688684977608,0.5434212917322063,0.7831178502105588
brightness/s5,37120.0,0.8276932239532471,0.8318313360214233,0.8430403375718504,0.8403749595760424,0.7487262683031974,0.7222947394655714,0.6089401890048263,0.5469732041440886,0.7685736956268208
brightness/s5,37248.0,0.8634553551673889,0.8543692827224731,0.8467521589528573,0.8429193819663025,0.758901037702616,0.7315934231991038,0.574210273884281,0.5176642392398944,0.7779807509673988
brightness/s5,37376.0,0.8645613193511963,0.8426864147186279,0.8499901881161915,0.8428770242849071,0.7544417581203221,0.7377809826174486,0.5567782420970183,0.5205447176089636,0.7771547053369626
brightness/s5,37504.0,0.8453413844108582,0.8342096209526062,0.8491449510788581,0.8413011327699432,0.7578955293711725,0.7215367130506397,0.5796543440269216,0.5395926913611524,0.7736379407302422
brightness/s5,37632.0,0.8159105181694031,0.7999883890151978,0.8431023269135026,0.833789724814535,0.7465167967582321,0.709666401586887,0.6106720253321353,0.5631467115601978,0.7664992242338344
brightness/s5,37760.0,0.8235744833946228,0.8213644027709961,0.8395518099100698,0.8315305753520733,0.7272637428021899,0.7070566012983621,0.6262823032649666,0.5711216177496922,0.7549766380095008
brightness/s5,37888.0,0.8402283191680908,0.8316259384155273,0.8396748115933463,0.831547914090883,0.7242953350199735,0.7035008556077508,0.6384342654709634,0.5763070837438332,0.7498104310986824
brightness/s5,38016.0,0.829278826713562,0.8417597413063049,0.8377846325242946,0.8334046099482324,0.717605274107251,0.7034325182245232,0.6459003370592228,0.5787439445837161,0.7455835345352856
brightness/s5,38144.0,0.8414393067359924,0.855193018913269,0.8384491187446033,0.8373661388509663,0.7220747697241143,0.7133197876382463,0.6443487797208183,0.5637127675942796,0.7449660737106882
brightness/s5,38272.0,0.8391420245170593,0.8241168260574341,0.8385751016123225,0.8349571728885059,0.7257316297742753,0.7043639171585652,0.6301811820291024,0.5635304113679759,0.7444608784905631
brightness/s5,38400.0,0.8348307609558105,0.8204346895217896,0.8378943124020476,0.8323167213672846,0.7329849698153161,0.7098204776751896,0.6171633996223218,0.5527615379572157,0.7454679914922788
brightness/s5,38528.0,0.8402630090713501,0.8474750518798828,0.8383249845237388,0.8350727814604842,0.7275558843943495,0.712864481734246,0.6176130282056445,0.5431419148727095,0.7477124475845918
brightness/s5,38656.0,0.8314462900161743,0.8230999708175659,0.8370743127950907,0.8328959067981354,0.7202729963226495,0.711093666873474,0.6401621786441678,0.556795093256005,0.7424465480237568
brightness/s5,38784.0,0.8311461806297302,0.8390855193138123,0.835996470583207,0.8340212908918947,0.7270983606276223,0.7238493638055696,0.6314715922707541,0.5468849373170747,0.75376308474671
brightness/s5,38912.0,0.853658139705658,0.8431507349014282,0.8392076831509254,0.835681189802719,0.7213191132407819,0.7129790249318296,0.6203163955022711,0.5497868087326135,0.7473970693382173
brightness/s5,39040.0,0.8506989479064941,0.858301043510437,0.8412970040155742,0.8397938904768495,0.7279542744697306,0.7225510203987697,0.6153073278402592,0.5372883536410314,0.7535521476403596
brightness/s5,39168.0,0.8418266773223877,0.8259388208389282,0.8413933082531766,0.8372747869063183,0.7262807700206886,0.7232803803262661,0.6068465358020477,0.540577633109308,0.7443835753421123
brightness/s5,39296.0,0.8655478954315186,0.8613020181655884,0.8457850513765115,0.8416433744080037,0.7277524481987452,0.7210362202669449,0.5910124057532667,0.5285556394349038,0.7425638343708192
brightness/s5,39424.0,0.8413958549499512,0.8331310153007507,0.8449870156625914,0.8400956727521396,0.7374792757989733,0.7277228165820459,0.5920479032669272,0.527415086883618,0.7524385917579429
brightness/s5,39552.0,0.865754246711731,0.8507075309753418,0.848762875853344,0.8420251015199944,0.7525398620173418,0.7346141226580374,0.5784189701031939,0.5216660798069945,0.7676202114383168
brightness/s5,39680.0,0.8475624322891235,0.8416034579277039,0.848544613387122,0.8419484390486689,0.7563394325596432,0.7374115549020306,0.5750992189714552,0.5215621238792846,0.7757801729949865
brightness/s5,39808.0,0.8254238367080688,0.8559156656265259,0.8443408358091122,0.8444879347900974,0.7566072630033445,0.7325980903743886,0.5764088541975814,0.5046911060142172,0.7753542324504434
brightness/s5,39936.0,0.8521140813827515,0.8368290662765503,0.8457541531861376,0.8430954132421797,0.7596673060936454,0.7300802557608634,0.5726205037976826,0.5143384786622892,0.7707443720049082
brightness/s5,40064.0,0.8290998339653015,0.8240067958831787,0.8427260951459855,0.8396247555405432,0.7564891595311645,0.7223383910770701,0.5879472434747375,0.533918227838698,0.7627113043676521
brightness/s5,40192.0,0.8490053415298462,0.8561238646507263,0.8438677763066874,0.8426245935605765,0.7467865850709526,0.7060609563357846,0.5930068010819085,0.529966294294506,0.7518774308462607
brightness/s5,40320.0,0.8283977508544922,0.8129449486732483,0.8410550444062883,0.8372282944901531,0.7445299332398703,0.6998453279110964,0.6030091844958712,0.5463186336045182,0.7486951706923951
brightness/s5,40448.0,0.8136869668960571,0.8328721523284912,0.836079030313519,0.8364362686425783,0.742683581741712,0.6990211773818061,0.63448033573649,0.5453791590564399,0.7546142305665051
brightness/s5,40576.0,0.8439418077468872,0.8411456346511841,0.837508626210495,0.8372925170077792,0.7397524759704915,0.6997673269487504,0.6274065687636489,0.542897850711206,0.7551957340998678
brightness/s5,40704.0,0.8647816777229309,0.8451658487319946,0.8424673628491197,0.8387240318667274,0.7288315712485839,0.6946959947762503,0.6123863334856213,0.5400244895212157,0.7485692369908008
brightness/s5,40832.0,0.866966724395752,0.8320500254631042,0.8469217922212346,0.8375105761569777,0.7312599219306595,0.697648995726023,0.5923542224874643,0.54638110265886,0.7516702848106551
brightness/s5,40960.0,0.8286798000335693,0.8486368656158447,0.8436050663689318,0.8395335378767717,0.7289853906705395,0.6915423601394733,0.616346666231254,0.5423412539668128,0.7442643239359905
brightness/s5,41088.0,0.8583126068115234,0.8387389183044434,0.8462791646312212,0.8393890615908938,0.7342266832758959,0.6979096582959327,0.603277771864018,0.5347509561430794,0.7453071741294467
brightness/s5,41216.0,0.8699856996536255,0.8476812243461609,0.8505894437262038,0.8408967275463969,0.7399354681348238,0.7073806295148539,0.5711571594750456,0.5233599200940713,0.7546831424695473
brightness/s5,41344.0,0.858745276927948,0.8533245325088501,0.8520723224901572,0.8431563284486611,0.736083564837583,0.7137091514212441,0.5654414854815525,0.5210232400159877,0.7566725711114477
brightness/s5,41472.0,0.822440505027771,0.8210172653198242,0.8466847193151779,0.839131044243418,0.7258297348671132,0.7046824875264724,0.5951220850270652,0.5327338140060285,0.7469366490911844
brightness/s5,41600.0,0.8450602293014526,0.8245605230331421,0.8463893574945005,0.8364818585688223,0.7131788739821836,0.6987174897943865,0.5996545981376006,0.546248600768754,0.7361299856200599
brightness/s5,41728.0,0.8435006141662598,0.8546623587608337,0.8458641314348203,0.8397874040582788,0.7141918059854229,0.6980984007408617,0.5927825649496072,0.5307840265098288,0.7372313518709581
brightness/s5,41856.0,0.8168087005615234,0.8278661370277405,0.8405813258214936,0.8376199009618173,0.7221228412608005,0.7004327824243414,0.6280694885619245,0.5430727132826833,0.7395529242580566
brightness/s5,41984.0,0.8331125378608704,0.8453359603881836,0.8392233643741076,0.8390228208575202,0.7314527792133821,0.7080245492562793,0.6263726259010294,0.528464111035774,0.7442933016656827
brightness/s5,42112.0,0.8253432512283325,0.8156198263168335,0.8366997074385121,0.8347677309410317,0.7177795466291308,0.6971905403005921,0.6421082430051612,0.5523642997950666,0.7311263377264677
brightness/s5,42240.0,0.838809072971344,0.8385326266288757,0.8370832284444815,0.8354522574297306,0.7108537199692887,0.6940081693368481,0.6380555315153312,0.5522976057917166,0.7288760945034736
brightness/s5,42368.0,0.8469943404197693,0.8518670797348022,0.8388852488036247,0.8384367705761072,0.7250734981566906,0.7098703203665121,0.617787140337162,0.5302261767487868,0.7440804409573875
brightness/s5,42496.0,0.8581578731536865,0.8695722222328186,0.8423893623218177,0.8440977617864184,0.7196624075827469,0.7086438984816916,0.611137252824577,0.5172778523267245,0.740895360783317
brightness/s5,42624.0,0.8285909295082092,0.8089880347251892,0.839880556355707,0.837714175048013,0.7166556062040655,0.7062200078486568,0.6092401594820935,0.532907552851948,0.7397098406408957
brightness/s5,42752.0,0.8575977087020874,0.8485663533210754,0.8431018567823215,0.839687298370388,0.7141954959851444,0.7013959155125373,0.5998398052754715,0.526548765464571,0.7358989605243691
brightness/s5,42880.0,0.8430249094963074,0.819429337978363,0.8430878663666825,0.8360040328445653,0.7178644967151181,0.6988693854193487,0.6021866571173924,0.5349827428004527,0.73704233133812
brightness/s5,43008.0,0.8577261567115784,0.8461694717407227,0.8457493737021181,0.8378522944620483,0.7208664064032784,0.7053249517067398,0.5754398788592374,0.5266765100854134,0.7436596347311891
brightness/s5,43136.0,0.8534294962882996,0.8323686122894287,0.8471457596268783,0.8368552613397539,0.726163423420864,0.7063454150327871,0.5620881226047458,0.529774709974974,0.7519147011437001
brightness/s5,43264.0,0.8598974943161011,0.8529709577560425,0.8494642568431006,0.8397853879608972,0.7319178009807069,0.7100212486631894,0.5521184563407504,0.5175962159053166,0.7629302100266636
brightness/s5,43392.0,0.8386770486831665,0.8343966007232666,0.847502946268567,0.8388056084631461,0.7309441098933056,0.7116082943607913,0.5687860109401728,0.5281410522636238,0.7605792627490884
brightness/s5,43520.0,0.8487364053726196,0.8562095165252686,0.8477272115602129,0.8419699553835319,0.7301474535490682,0.7129067862951928,0.5623072053621833,0.5121369069849737,0.7543943967947087
brightness/s5,43648.0,0.849481463432312,0.8380148410797119,0.848046166446049,0.8412508436919282,0.7266547347219648,0.7111282796960667,0.5607148245489563,0.5113365736361488,0.7521749610138524
brightness/s5,43776.0,0.8375188112258911,0.8606373071670532,0.8461321018605658,0.8447756552328599,0.7323197829543349,0.723877683387691,0.5522106427102711,0.49754688577945755,0.7603022408295156
brightness/s5,43904.0,0.8513438105583191,0.8534824848175049,0.8470796852601572,0.8463587151573408,0.7383752769626375,0.7201044682262926,0.5520172393985303,0.5039520272105584,0.7641109243150582
brightness/s5,44032.0,0.8576889038085938,0.8474923372268677,0.8490086340871457,0.8465648282608911,0.736227499333067,0.7127559285487848,0.5600702987476678,0.5176370909395258,0.7643862108032293
brightness/s5,44160.0,0.8580384254455566,0.8515795469284058,0.8506504143341294,0.8474765952913483,0.7287884085452366,0.7110048506308239,0.5587864539594398,0.5113437910444986,0.7603500815662785
brightness/s5,44288.0,0.8433599472045898,0.8407225608825684,0.8493248748560313,0.8462485890352064,0.7298041524461026,0.7138335141524922,0.5554162443961024,0.502863721920749,0.764150066736046
brightness/s5,44416.0,0.841200590133667,0.8553353548049927,0.8478477321792377,0.8479007282660767,0.7348965792740839,0.7232501479429481,0.5613266593720685,0.5024646278460192,0.7701000546022194
brightness/s5,44544.0,0.834342360496521,0.8620485067367554,0.8453922100551073,0.8504730516243819,0.7348017466787959,0.7195910301351393,0.5622745399994881,0.4915012790050859,0.7692864083109068
brightness/s5,44672.0,0.8654389381408691,0.8565638065338135,0.849037069707064,0.8515804616079148,0.7389855200099239,0.7137562973832957,0.5354942445313305,0.4833253193947473,0.7672002431634691
brightness/s5,44800.0,0.8509653806686401,0.8447532653808594,0.8493876717000779,0.8503391532029956,0.7367267890990286,0.7118233342226964,0.5254190047509592,0.48045725462540706,0.7654933807701111
brightness/s5,44928.0,0.8418630361557007,0.8489879369735718,0.8480195561465548,0.8500934775249185,0.7320378274446597,0.7116622734549334,0.533638808938085,0.4746282656439709,0.758415038811909
brightness/s5,45056.0,0.8444087505340576,0.8263505101203918,0.8473630460351915,0.845776574360459,0.7253604951819943,0.7030077691904,0.5391747630283662,0.4915407158663517,0.7540441226642891
brightness/s5,45184.0,0.8661110401153564,0.8622070550918579,0.8507717722315851,0.8487639344934406,0.7326813142398134,0.7129722657012363,0.5285042478262372,0.48626740881507874,0.7561497367253274
brightness/s5,45312.0,0.864067792892456,0.8685609102249146,0.8531892305335615,0.8523633846264358,0.7429324389234836,0.7239659446646478,0.5215078662974444,0.47473547763747476,0.7706566027752678
brightness/s5,45440.0,0.8457717895507812,0.8626492023468018,0.8518406049003286,0.8542335333028659,0.7328538136646684,0.7187562274528937,0.5431551015764047,0.47426716230502863,0.7612190386343101
brightness/s5,45568.0,0.8345708847045898,0.8536554574966431,0.8487006557738307,0.8541284286108253,0.7302894839074558,0.7159141860978221,0.5529357202803196,0.47242608727805563,0.7605996679735264
brightness/s5,45696.0,0.848499059677124,0.835486114025116,0.8486640019380658,0.850738916867969,0.7352936686515548,0.7178502431709453,0.5554314099622125,0.4892376910160299,0.7600929101601579
brightness/s5,45824.0,0.8551702499389648,0.8647159934043884,0.8498469561200473,0.8532802035109542,0.743649365260363,0.722275198958046,0.5427114564889416,0.4744560163544239,0.7625191992219473
brightness/s5,45952.0,0.8704462051391602,0.8802765011787415,0.8535922741235223,0.8581886212687336,0.7490653897584787,0.7287365264202195,0.5285347753259603,0.4612813788105104,0.7716066175452295
brightness/s5,46080.0,0.8543233871459961,0.8563953638076782,0.853725203763972,0.8578625744576327,0.742133046166028,0.7198185216165431,0.5368277853315307,0.46756095215264126,0.7591554143551877
brightness/s5,46208.0,0.8685153126716614,0.8740778565406799,0.8564143144744609,0.8608108075636413,0.747824765044932,0.7238856085953533,0.5271227218009044,0.4503859161619422,0.761752157199699
brightness/s5,46336.0,0.8500238060951233,0.8433539867401123,0.8552524038600358,0.8576368401411815,0.7496407168549444,0.7300541343052891,0.5183717275720029,0.4469321109449926,0.7681381286179355
brightness/s5,46464.0,0.8653144836425781,0.8493662476539612,0.857081872911407,0.8561330960525959,0.7511264956085908,0.730839746249782,0.5025748663377644,0.45223992013899267,0.7705221052328564
brightness/s5,46592.0,0.8322153091430664,0.8441528081893921,0.8525606794989814,0.8539548618956497,0.7523421327706652,0.7314825196589125,0.5175275141460148,0.4617621325143449,0.7710521770087007
brightness/s5,46720.0,0.8552534580230713,0.8202580213546753,0.8530502755942705,0.8478281636154725,0.7476549268123623,0.7249061524482011,0.5110193383527708,0.48681349830369564,0.7700654175525732
brightness/s5,46848.0,0.867262601852417,0.8548513650894165,0.8556343349139334,0.8491051093380078,0.7551835764828418,0.7308891247303464,0.5108036798644807,0.491402696017843,0.7720989779975599
brightness/s5,46976.0,0.8347804546356201,0.8346067667007446,0.8518427203178764,0.8464690470403236,0.7599229262132342,0.7315229202339197,0.526671859546852,0.5069430338613727,0.7766037092707307
brightness/s5,47104.0,0.8380552530288696,0.8456621170043945,0.8493359080835116,0.8463223324883364,0.7495960305381006,0.7220982983732069,0.5284889608006736,0.4978380041181395,0.7675053075851432
brightness/s5,47232.0,0.8589475750923157,0.8330169320106506,0.851083483903294,0.8439031687651208,0.743987661349355,0.7087054259417147,0.5257455600430527,0.5052782056163129,0.7572202516605717
brightness/s5,47360.0,0.8609499931335449,0.867029070854187,0.8528773946724305,0.8481078782358601,0.7450808138312904,0.717633984861403,0.5133791316473992,0.4866967871051249,0.761589296813195
brightness/s5,47488.0,0.8467562794685364,0.8523032665252686,0.8517644646353588,0.8488706761066616,0.7459752113165103,0.7135755330684206,0.5343827292803617,0.49180747223939814,0.7594821519380686
brightness/s5,47616.0,0.8661161661148071,0.8604168891906738,0.8543738649043494,0.8509699875764819,0.7410251728953265,0.7116754361468896,0.544677345764937,0.497045710572164,0.7577581243129651
brightness/s5,47744.0,0.8470247983932495,0.822022557258606,0.8530376709932403,0.8457068184277772,0.7383955960052672,0.7101208113929096,0.5384353470902297,0.5036691602429699,0.7520861926196987
brightness/s5,47872.0,0.8514697551727295,0.8418435454368591,0.8527525953895111,0.8450044051567012,0.737664578549764,0.7060079365941987,0.5468568318622209,0.5032755496578556,0.7531273394161171
brightness/s5,48000.0,0.8792135715484619,0.8602056503295898,0.8575636819638658,0.8477682679154082,0.7413278369952614,0.7111655844861625,0.5261756436556765,0.4939612878298603,0.7539791867950049
brightness/s5,48128.0,0.877030611038208,0.8495821952819824,0.8611031236137461,0.8480980728911489,0.7400636848143047,0.7026013873068602,0.5011997756521963,0.4909719553537674,0.7532556982868222
brightness/s5,48256.0,0.8533158898353577,0.8481959700584412,0.8596872629267663,0.8481158723761111,0.7333475603026129,0.7097988623419764,0.5124671028820815,0.4954077162754135,0.7583455713255818
brightness/s5,48384.0,0.8360767364501953,0.8522759675979614,0.855394439931026,0.8488722533255384,0.7406366402475923,0.7100058873707079,0.5413006300358454,0.4995224929732298,0.7625100129027487
brightness/s5,48512.0,0.8511977791786194,0.8486367464065552,0.8546314107033157,0.8488294338857232,0.7437595238389392,0.7158570896669427,0.5181921791999295,0.48397693229389854,0.7630763741931579
brightness/s5,48640.0,0.8686504364013672,0.8708481788635254,0.8571803244665978,0.8528328420635054,0.7590987013227684,0.729167164272953,0.5028822317964994,0.4709148666479859,0.7734829425216746
brightness/s5,48768.0,0.8648973703384399,0.8489949703216553,0.8585834237160236,0.8521350472013507,0.7489216647186285,0.7244322253142342,0.5086299204214456,0.47405470998872457,0.7649519529722791
brightness/s5,48896.0,0.8285079002380371,0.8426412343978882,0.853115146720026,0.850408899418903,0.7434359074970596,0.7248195479843734,0.532948149067492,0.48689092499388187,0.7608129615227739
brightness/s5,49024.0,0.8728354573249817,0.8677859306335449,0.8567006577391088,0.853568359639747,0.7446293788612305,0.7194546301690328,0.5222446751776045,0.48911808812379504,0.7574265139731786
brightness/s5,49152.0,0.8673468828201294,0.8744386434555054,0.858636335026567,0.8573629566971576,0.7527081281591885,0.7306901519564813,0.5135949171821669,0.46824855872522425,0.7702807841598733
brightness/s5,49280.0,0.8429949283599854,0.8469088077545166,0.8557924429053703,0.85546220234395,0.7550566503120633,0.7398828516007575,0.5264466012532382,0.46184916335233744,0.7736956415853509
brightness/s5,49408.0,0.8357487916946411,0.867053747177124,0.8521481426852376,0.8575697559499816,0.7498758957098699,0.7374609694915288,0.5520262884834843,0.45969310975526156,0.7665464340243779
brightness/s5,49536.0,0.8435754776000977,0.8119020462036133,0.8505894763061213,0.8492665359960964,0.7371143692171662,0.7297976114021599,0.551634910518969,0.48902912229127,0.7578561732926727
brightness/s5,49664.0,0.8716331720352173,0.8699181079864502,0.8544156028023204,0.8530213672670697,0.740877665723136,0.7391525911472218,0.5383960464989962,0.47274441033460585,0.7677914145121867
brightness/s5,49792.0,0.8063925504684448,0.8037505745887756,0.8456841387416157,0.8440630413255616,0.7212294537734749,0.7155566654840906,0.5920523344979358,0.5092585507565565,0.7489316118736072
brightness/s5,49920.0,0.8333835005760193,0.8416527509689331,0.8434476590751436,0.8436248067152655,0.7264604621782976,0.7189781808506196,0.6041299705753819,0.5114717827764825,0.7533872278965877
brightness/s5,50000.0,0.8778775334358215,0.846781849861145,0.8497076362316305,0.8441988145599708,0.7284676530405941,0.7246185116050523,0.5836478259116489,0.515469048228671,0.7573168184895975
