corruption,n_refreshes,r_l,r_s,a_l,a_s,x_l,x_s,w_l,w_s,acc_l,acc_s,duo_acc,n
brightness/s5,1,0.6412739753723145,0.45832157135009766,0.6412739753723145,0.45832157135009766,0.5808397599614261,-0.1670847515499963,0.9521976709365845,0.04780232906341553,0.65625,0.671875,0.6796875,128
brightness/s5,2,0.6276673674583435,0.37149372696876526,0.6276673674583435,0.37149372696876526,0.5222285899572761,-0.5257781576769572,0.9851094484329224,0.014890551567077637,0.65625,0.625,0.65625,128
brightness/s5,3,0.6955174803733826,0.4810883104801178,0.6955174803733826,0.4810883104801178,0.8260120845017809,-0.07572787222417274,0.9735826253890991,0.02641737461090088,0.7421875,0.7421875,0.7421875,128
brightness/s5,4,0.6732831001281738,0.46793046593666077,0.6732831001281738,0.46793046593666077,0.7230821429055027,-0.1284492034463592,0.9678953886032104,0.03210461139678955,0.71875,0.6953125,0.71875,128
brightness/s5,5,0.6838006973266602,0.43633294105529785,0.6838006973266602,0.43633294105529785,0.7712889563840359,-0.2560454170640652,0.9838465452194214,0.016153454780578613,0.6953125,0.6953125,0.6953125,128
brightness/s5,6,0.6846911907196045,0.5280898213386536,0.6846911907196045,0.5280898213386536,0.7754150019790627,0.112440865066376,0.9341278076171875,0.0658721923828125,0.6640625,0.7265625,0.6640625,128
brightness/s5,7,0.7038038969039917,0.4778445363044739,0.7038038969039917,0.4778445363044739,0.8654690100983237,-0.08865981290121848,0.9784693717956543,0.021530628204345703,0.75,0.7734375,0.75,128
brightness/s5,8,0.6665446758270264,0.45703375339508057,0.6665446758270264,0.45703375339508057,0.6926155590629545,-0.17228154724419376,0.969515860080719,0.030484139919281006,0.7109375,0.71875,0.7109375,128
brightness/s5,9,0.6589093208312988,0.4592360258102417,0.6589093208312988,0.4592360258102417,0.6584409784194266,-0.16341949768247074,0.9639955163002014,0.036004483699798584,0.6875,0.6796875,0.6875,128
brightness/s5,10,0.669221043586731,0.4648423194885254,0.669221043586731,0.4648423194885254,0.704659445297332,-0.1408654388245797,0.9671403765678406,0.032859623432159424,0.609375,0.703125,0.625,128
brightness/s5,11,0.6735703945159912,0.45646539330482483,0.6735703945159912,0.45646539330482483,0.7243762169009884,-0.17457711839159817,0.9732943773269653,0.026705622673034668,0.75,0.7578125,0.7578125,128
brightness/s5,12,0.6701668500900269,0.41973453760147095,0.6701668500900269,0.41973453760147095,0.7089413347447578,-0.32384830589189645,0.9841896891593933,0.01581031084060669,0.6484375,0.6796875,0.6484375,128
brightness/s5,13,0.676978349685669,0.4931585490703583,0.676978349685669,0.4931585490703583,0.7399168449420106,-0.02739715981489366,0.9556065797805786,0.04439342021942139,0.71875,0.671875,0.7265625,128
brightness/s5,14,0.6877426505088806,0.4658639430999756,0.6877426505088806,0.4658639430999756,0.7895820605163116,-0.1367460348301963,0.9759977459907532,0.024002254009246826,0.703125,0.6953125,0.7109375,128
brightness/s5,15,0.684853196144104,0.47687244415283203,0.684853196144104,0.47687244415283203,0.7761672704610282,-0.09258070148649518,0.9699677228927612,0.03003227710723877,0.6875,0.703125,0.6875,128
brightness/s5,16,0.6772328615188599,0.48721185326576233,0.6772328615188599,0.48721185326576233,0.7410875532482093,-0.05116788677916512,0.9596516489982605,0.0403483510017395,0.7265625,0.7109375,0.734375,128
brightness/s5,17,0.714986264705658,0.45425182580947876,0.714986264705658,0.45425182580947876,0.919708095344427,-0.18349268945391836,0.9880239367485046,0.011976063251495361,0.7265625,0.7109375,0.7265625,128
brightness/s5,18,0.715293824672699,0.5290318131446838,0.715293824672699,0.5290318131446838,0.9212355644197046,0.11622804534517282,0.9615811705589294,0.03841882944107056,0.6640625,0.734375,0.671875,128
brightness/s5,19,0.7274380922317505,0.5321476459503174,0.7274380922317505,0.5321476459503174,0.9816570833084487,0.12876696345925376,0.9680639505386353,0.031936049461364746,0.78125,0.71875,0.78125,128
brightness/s5,20,0.6866148710250854,0.5359641313552856,0.6866148710250854,0.5359641313552856,0.7843603931930508,0.14410385352382246,0.9283108115196228,0.0716891884803772,0.7109375,0.71875,0.7265625,128
brightness/s5,21,0.7124009132385254,0.5005682110786438,0.7124009132385254,0.5005682110786438,0.9070611115694153,0.0022870283938247324,0.9738929867744446,0.02610701322555542,0.703125,0.7109375,0.7109375,128
brightness/s5,22,0.6977475881576538,0.5417795777320862,0.6977475881576538,0.5417795777320862,0.8366019933370301,0.16749237371613593,0.935621976852417,0.06437802314758301,0.671875,0.703125,0.671875,128
brightness/s5,23,0.7090246677398682,0.5303455591201782,0.7090246677398682,0.5303455591201782,0.8906464185298159,0.12153619638710647,0.9559103846549988,0.04408961534500122,0.6796875,0.65625,0.6796875,128
brightness/s5,24,0.6939195394515991,0.48275992274284363,0.6939195394515991,0.48275992274284363,0.818515219879601,-0.06896860468906696,0.9720757007598877,0.027924299240112305,0.6796875,0.640625,0.671875,128
brightness/s5,25,0.6910814046859741,0.52205890417099,0.6910814046859741,0.52205890417099,0.80518116083491,0.08827720418754714,0.946222186088562,0.05377781391143799,0.703125,0.71875,0.7109375,128
brightness/s5,26,0.7459174394607544,0.5831359028816223,0.7459174394607544,0.5831359028816223,1.0769284899673954,0.3356352679895388,0.9509757161140442,0.04902428388595581,0.7421875,0.7578125,0.7421875,128
brightness/s5,27,0.6971459984779358,0.5444444417953491,0.6971459984779358,0.5444444417953491,0.8337683280190546,0.17826395943027265,0.9322652220726013,0.06773477792739868,0.7265625,0.71875,0.734375,128
brightness/s5,28,0.7282372117042542,0.5902330875396729,0.7282372117042542,0.5902330875396729,0.9856820585429747,0.3649103641590083,0.9229475855827332,0.07705241441726685,0.7421875,0.75,0.75,128
brightness/s5,29,0.7045291662216187,0.5166563391685486,0.7045291662216187,0.5166563391685486,0.8689712718991436,0.06667984461820833,0.9611777663230896,0.0388222336769104,0.6875,0.65625,0.6953125,128
brightness/s5,30,0.746458113193512,0.6090755462646484,0.746458113193512,0.6090755462646484,1.0797893772274814,0.44339030653406947,0.927277147769928,0.07272285223007202,0.734375,0.7265625,0.75,128
brightness/s5,31,0.733973503112793,0.5644254684448242,0.733973503112793,0.5644254684448242,1.014883503719384,0.2591608467173495,0.9535975456237793,0.0464024543762207,0.7265625,0.75,0.7265625,128
brightness/s5,32,0.7690483331680298,0.5794477462768555,0.7690483331680298,0.5794477462768555,1.2029265591828397,0.32050061638076105,0.971521258354187,0.02847874164581299,0.78125,0.796875,0.7890625,128
brightness/s5,33,0.7370264530181885,0.5857860445976257,0.7370264530181885,0.5857860445976257,1.0305875746997106,0.34656936334522376,0.9391219019889832,0.060878098011016846,0.65625,0.6875,0.6875,128
brightness/s5,34,0.7635131478309631,0.6121940612792969,0.7635131478309631,0.6121940612792969,1.17202358694644,0.45653327178556813,0.9459336996078491,0.05406630039215088,0.7109375,0.6953125,0.7109375,128
brightness/s5,35,0.7014784216880798,0.5909733772277832,0.7014784216880798,0.5909733772277832,0.8543796870190006,0.36799957737741695,0.8749573230743408,0.12504267692565918,0.6953125,0.6640625,0.703125,128
brightness/s5,36,0.7135241031646729,0.5601840615272522,0.7135241031646729,0.5601840615272522,0.9125559968277304,0.24192170233385416,0.9359883069992065,0.06401169300079346,0.6796875,0.6640625,0.6875,128
brightness/s5,37,0.7669684886932373,0.609988272190094,0.7669684886932373,0.609988272190094,1.1912441589966842,0.44724238696377194,0.9514783620834351,0.04852163791656494,0.6953125,0.734375,0.6953125,128
brightness/s5,38,0.7323116064071655,0.5660836696624756,0.7323116064071655,0.5660836696624756,1.0064010077929386,0.2659083004850902,0.9508261680603027,0.049173831939697266,0.7265625,0.7109375,0.734375,128
brightness/s5,39,0.7462843656539917,0.5620489120483398,0.7462843656539917,0.5620489120483398,1.0788853755767887,0.24948328808911038,0.9650279879570007,0.03497201204299927,0.65625,0.6875,0.6640625,128
brightness/s5,40,0.7150295972824097,0.5734626650810242,0.7150295972824097,0.5734626650810242,0.9199545065520737,0.29598828235416536,0.9238514304161072,0.07614856958389282,0.6796875,0.6875,0.6875,128
brightness/s5,41,0.7174087762832642,0.5762729644775391,0.7174087762832642,0.5762729644775391,0.9316432152224176,0.30749083096600477,0.92390376329422,0.07609623670578003,0.6640625,0.6640625,0.6796875,128
brightness/s5,42,0.7232500910758972,0.5839121341705322,0.7232500910758972,0.5839121341705322,0.9606379275230906,0.33885092610358053,0.9232358932495117,0.07676410675048828,0.65625,0.7109375,0.6640625,128
brightness/s5,43,0.7517354488372803,0.6160838603973389,0.7517354488372803,0.6160838603973389,1.1078748239706862,0.47294553818756646,0.9268797039985657,0.07312029600143433,0.6875,0.703125,0.6953125,128
brightness/s5,44,0.7527219653129578,0.6230998039245605,0.7527219653129578,0.6230998039245605,1.1131820427991599,0.5027233062932358,0.9199622869491577,0.08003771305084229,0.7109375,0.703125,0.7109375,128
brightness/s5,45,0.7534380555152893,0.6343655586242676,0.7534380555152893,0.6343655586242676,1.1170331625352634,0.5509865121404852,0.9058672785758972,0.09413272142410278,0.75,0.7421875,0.7578125,128
brightness/s5,46,0.7370928525924683,0.6310462951660156,0.7370928525924683,0.6310462951660156,1.0309215653519448,0.5367094806142145,0.8783447742462158,0.12165522575378418,0.703125,0.734375,0.7265625,128
brightness/s5,47,0.7541831135749817,0.6485900282859802,0.7541831135749817,0.6485900282859802,1.12103928742004,0.6128396533107586,0.8841979503631592,0.11580204963684082,0.734375,0.765625,0.7578125,128
brightness/s5,48,0.7316411733627319,0.5416026711463928,0.7316411733627319,0.5416026711463928,1.002977010518868,0.16684091959853892,0.9659256935119629,0.03407430648803711,0.7578125,0.6875,0.7578125,128
brightness/s5,49,0.714688777923584,0.5653851628303528,0.714688777923584,0.5653851628303528,0.9182750515976416,0.263037375340119,0.9321978688240051,0.06780213117599487,0.640625,0.7265625,0.6484375,128
brightness/s5,50,0.7454204559326172,0.6269673705101013,0.7454204559326172,0.6269673705101013,1.074319486037914,0.5192029851591288,0.9020723700523376,0.09792762994766235,0.6875,0.7109375,0.6953125,128
brightness/s5,51,0.7515320777893066,0.6363359093666077,0.7515320777893066,0.6363359093666077,1.1067968936990311,0.5594919403573956,0.8992772102355957,0.1007227897644043,0.71875,0.7578125,0.71875,128
brightness/s5,52,0.7829830050468445,0.6214081645011902,0.7829830050468445,0.6214081645011902,1.2831176887610802,0.49553585843899006,0.9589216113090515,0.041078388690948486,0.71875,0.7265625,0.71875,128
brightness/s5,53,0.7868884801864624,0.683347225189209,0.7868884801864624,0.683347225189209,1.3062686247244562,0.7691699207143953,0.8955186605453491,0.10448133945465088,0.78125,0.75,0.796875,128
brightness/s5,54,0.7407128810882568,0.6071738004684448,0.7407128810882568,0.6071738004684448,1.049702719530653,0.43548117557920357,0.9210636019706726,0.07893639802932739,0.703125,0.6953125,0.703125,128
brightness/s5,55,0.7373102307319641,0.6362023949623108,0.7373102307319641,0.6362023949623108,1.0320367562260806,0.5589067171212062,0.8690426349639893,0.13095736503601074,0.6953125,0.7109375,0.6953125,128
brightness/s5,56,0.7398620843887329,0.6257153749465942,0.7398620843887329,0.6257153749465942,1.0452505398323326,0.513883560328909,0.8933539390563965,0.10664606094360352,0.6328125,0.6875,0.671875,128
brightness/s5,57,0.7589208483695984,0.6505835652351379,0.7589208483695984,0.6505835652351379,1.1467620261247995,0.6215945469086461,0.8909682631492615,0.10903173685073853,0.6953125,0.7265625,0.7109375,128
brightness/s5,58,0.7758944034576416,0.6175305247306824,0.7758944034576416,0.6175305247306824,1.2418895652896706,0.47909390466731117,0.9548335671424866,0.04516643285751343,0.7421875,0.7578125,0.7421875,128
brightness/s5,59,0.75260990858078,0.6055010557174683,0.75260990858078,0.6055010557174683,1.1125935664608921,0.42844490775202093,0.9391517639160156,0.060848236083984375,0.7265625,0.7109375,0.7265625,128
brightness/s5,60,0.7437577247619629,0.6158915162086487,0.7437577247619629,0.6158915162086487,1.0655966586155776,0.4721414453200254,0.9148090481758118,0.08519095182418823,0.71875,0.7109375,0.703125,128
brightness/s5,61,0.7706958651542664,0.6801590919494629,0.7706958651542664,0.6801590919494629,1.2122299407498016,0.7544747835723143,0.861883282661438,0.138116717338562,0.703125,0.734375,0.7109375,128
brightness/s5,62,0.7367776036262512,0.5947256684303284,0.7367776036262512,0.5947256684303284,1.0293050935412165,0.38357313193609666,0.9297547340393066,0.07024526596069336,0.6171875,0.6328125,0.6328125,128
brightness/s5,63,0.7734000086784363,0.6754292845726013,0.7734000086784363,0.6754292845726013,1.2275902496002673,0.7328101050827264,0.8785873651504517,0.12141263484954834,0.6875,0.6953125,0.703125,128
brightness/s5,64,0.7268028855323792,0.6042429208755493,0.7268028855323792,0.6042429208755493,0.9784866538897392,0.42320668092728,0.9021300673484802,0.09786993265151978,0.734375,0.734375,0.734375,128
brightness/s5,65,0.7854036092758179,0.6450328230857849,0.7854036092758179,0.6450328230857849,1.2974068309527536,0.5972584712821569,0.942707896232605,0.05729210376739502,0.7421875,0.765625,0.75,128
brightness/s5,66,0.766154408454895,0.6089786291122437,0.766154408454895,0.6089786291122437,1.1867337630985506,0.44303638358193614,0.9514220952987671,0.04857790470123291,0.6875,0.734375,0.6953125,128
brightness/s5,67,0.7761921882629395,0.6672337055206299,0.7761921882629395,0.6672337055206299,1.243606766677389,0.6956746760689526,0.8995043039321899,0.10049569606781006,0.6796875,0.6875,0.6953125,128
brightness/s5,68,0.7549051642417908,0.6369355916976929,0.7549051642417908,0.6369355916976929,1.1249587766950706,0.5621016452992933,0.9047736525535583,0.09522634744644165,0.6796875,0.6953125,0.6796875,128
brightness/s5,69,0.7387065887451172,0.6298789978027344,0.7387065887451172,0.6298789978027344,1.0392654171091507,0.5317007892079868,0.8839375376701355,0.1160624623298645,0.6796875,0.6875,0.671875,128
brightness/s5,70,0.804084300994873,0.7195553183555603,0.804084300994873,0.7195553183555603,1.4119823806509364,0.9422158600758531,0.8675038814544678,0.13249611854553223,0.7421875,0.75,0.7578125,128
brightness/s5,71,0.7558451294898987,0.6317514181137085,0.7558451294898987,0.6317514181137085,1.1300619557316993,0.5397780344302828,0.9138153195381165,0.08618468046188354,0.734375,0.6953125,0.7578125,128
brightness/s5,72,0.7934145331382751,0.6477501392364502,0.7934145331382751,0.6477501392364502,1.345610058606326,0.6091573402703936,0.9500651955604553,0.04993480443954468,0.6953125,0.71875,0.703125,128
brightness/s5,73,0.7910097241401672,0.7129355669021606,0.7910097241401672,0.7129355669021606,1.3310239960250951,0.9096542984990995,0.8436286449432373,0.1563713550567627,0.7265625,0.7265625,0.7421875,128
brightness/s5,74,0.756956934928894,0.6803174018859863,0.756956934928894,0.6803174018859863,1.1360872081646183,0.7552462764332429,0.8210332989692688,0.1789667010307312,0.703125,0.71875,0.7421875,128
brightness/s5,75,0.7555898427963257,0.6767237186431885,0.7555898427963257,0.6767237186431885,1.1286516504130497,0.7387574242811088,0.8262926340103149,0.17370736598968506,0.6953125,0.703125,0.6953125,128
brightness/s5,76,0.778157651424408,0.6758848428726196,0.778157651424408,0.6758848428726196,1.2549495213414883,0.734924218233304,0.8889540433883667,0.1110459566116333,0.7265625,0.7109375,0.7265625,128
brightness/s5,77,0.7820871472358704,0.6662951707839966,0.7820871472358704,0.6662951707839966,1.2778686587694432,0.6914802591805913,0.912580132484436,0.08741986751556396,0.765625,0.7265625,0.78125,128
brightness/s5,78,0.783257007598877,0.663864016532898,0.783257007598877,0.663864016532898,1.2847479038129619,0.6805626352078028,0.918095052242279,0.08190494775772095,0.6953125,0.6875,0.6875,128
brightness/s5,79,0.7357631325721741,0.6327512860298157,0.7357631325721741,0.6327512860298157,1.0240883787594113,0.5440517710553796,0.8721547722816467,0.12784522771835327,0.640625,0.6640625,0.6484375,128
brightness/s5,80,0.7521609663963318,0.6706995964050293,0.7521609663963318,0.6706995964050293,1.1101622664676438,0.7113341964417037,0.8313621878623962,0.16863781213760376,0.6953125,0.7109375,0.7265625,128
brightness/s5,81,0.7921106815338135,0.7205758690834045,0.7921106815338135,0.7205758690834045,1.3376725628417594,0.9472963019165833,0.8265691995620728,0.17343080043792725,0.6953125,0.7265625,0.71875,128
brightness/s5,82,0.8094572424888611,0.7004697322845459,0.8094572424888611,0.7004697322845459,1.4464764523308273,0.849545458906568,0.915886402130127,0.08411359786987305,0.75,0.765625,0.7578125,128
brightness/s5,83,0.7900335788726807,0.7114948034286499,0.7900335788726807,0.7114948034286499,1.3251399657835474,0.9026497046983384,0.8442190289497375,0.15578097105026245,0.734375,0.75,0.7265625,128
brightness/s5,84,0.7537837624549866,0.6308480501174927,0.7537837624549866,0.6308480501174927,1.118915999904635,0.5358933572118185,0.9115001559257507,0.08849984407424927,0.71875,0.7265625,0.7265625,128
brightness/s5,85,0.7854876518249512,0.6866008639335632,0.7854876518249512,0.6866008639335632,1.2979195313215053,0.7842507278098901,0.8864191174507141,0.11358088254928589,0.734375,0.7109375,0.7421875,128
brightness/s5,86,0.7832517027854919,0.7162861227989197,0.7832517027854919,0.7162861227989197,1.2847186644072772,0.9260992580392782,0.8075980544090271,0.1924019455909729,0.765625,0.7421875,0.7890625,128
brightness/s5,87,0.7798287868499756,0.6854025721549988,0.7798287868499756,0.6854025721549988,1.2646709112560004,0.7787272862467441,0.8747661709785461,0.12523382902145386,0.7265625,0.7265625,0.7265625,128
brightness/s5,88,0.7606168985366821,0.658419132232666,0.7606168985366821,0.658419132232666,1.1560754696588436,0.6562695019813235,0.880715548992157,0.11928445100784302,0.6875,0.71875,0.6953125,128
brightness/s5,89,0.7487249970436096,0.6847755908966064,0.7487249970436096,0.6847755908966064,1.091830212433911,0.7757944313350965,0.7797385454177856,0.22026145458221436,0.7109375,0.703125,0.71875,128
brightness/s5,90,0.7655506730079651,0.6948556900024414,0.7655506730079651,0.6948556900024414,1.183346781346088,0.8229146589849006,0.8087221384048462,0.1912778615951538,0.71875,0.7421875,0.7421875,128
brightness/s5,91,0.8027503490447998,0.7501844167709351,0.8027503490447998,0.7501844167709351,1.4035515549322057,1.0995684186214716,0.7713469862937927,0.22865301370620728,0.734375,0.734375,0.7421875,128
brightness/s5,92,0.7757714986801147,0.6735589504241943,0.7757714986801147,0.6735589504241943,1.2412086251844434,0.7243636649032983,0.8876920342445374,0.11230796575546265,0.703125,0.734375,0.71875,128
brightness/s5,93,0.7751889228820801,0.6835036277770996,0.7751889228820801,0.6835036277770996,1.2378467150901642,0.769915628797904,0.8666576147079468,0.13334238529205322,0.6875,0.6953125,0.7109375,128
brightness/s5,94,0.7851579189300537,0.6743871569633484,0.7851579189300537,0.6743871569633484,1.2959758030776218,0.7280994673257677,0.9064894318580627,0.09351056814193726,0.6328125,0.7109375,0.640625,128
brightness/s5,95,0.7774209976196289,0.7387141585350037,0.7774209976196289,0.7387141585350037,1.2507044502370541,1.0392649454385543,0.699676513671875,0.300323486328125,0.734375,0.703125,0.7734375,128
brightness/s5,96,0.7925218343734741,0.7050033211708069,0.7925218343734741,0.7050033211708069,1.3401849994441362,0.8712552182644115,0.8671186566352844,0.13288134336471558,0.71875,0.6875,0.71875,128
brightness/s5,97,0.803301215171814,0.7277302742004395,0.803301215171814,0.7277302742004395,1.4070495211992304,0.9831260749514262,0.8449714779853821,0.15502852201461792,0.6875,0.6015625,0.6875,128
brightness/s5,98,0.7805795669555664,0.6896761655807495,0.7805795669555664,0.6896761655807495,1.2690608036060507,0.7986242348128691,0.8678116202354431,0.13218837976455688,0.71875,0.71875,0.734375,128
brightness/s5,99,0.7868679165840149,0.6985390186309814,0.7868679165840149,0.6985390186309814,1.306144610593249,0.8403462723542865,0.8656687140464783,0.13433128595352173,0.7109375,0.734375,0.734375,128
brightness/s5,100,0.7469786405563354,0.6524984836578369,0.7469786405563354,0.6524984836578369,1.082585039441722,0.630060817376779,0.8593736290931702,0.14062637090682983,0.6328125,0.625,0.671875,128
brightness/s5,101,0.8004333972930908,0.7573941349983215,0.8004333972930908,0.7573941349983215,1.3889746567966763,1.1383947615383834,0.7315143942832947,0.2684856057167053,0.7578125,0.765625,0.7890625,128
brightness/s5,102,0.7294785380363464,0.668480396270752,0.7294785380363464,0.668480396270752,0.9920182100796222,0.7013638343096426,0.7618080377578735,0.23819196224212646,0.6484375,0.6484375,0.671875,128
brightness/s5,103,0.8061603307723999,0.713930070400238,0.8061603307723999,0.713930070400238,1.425207950884707,0.914527408415463,0.8852101564407349,0.11478984355926514,0.7421875,0.7421875,0.75,128
brightness/s5,104,0.7823358774185181,0.7105867862701416,0.7823358774185181,0.7105867862701416,1.2793455942388179,0.8982372452126137,0.8211904168128967,0.17880958318710327,0.7265625,0.71875,0.7421875,128
brightness/s5,105,0.8041350245475769,0.7087481021881104,0.8041350245475769,0.7087481021881104,1.4123283753735443,0.8893125489575193,0.8901293873786926,0.10987061262130737,0.765625,0.7890625,0.78125,128
brightness/s5,106,0.8242786526679993,0.7616826891899109,0.8242786526679993,0.7616826891899109,1.5455958288061562,1.1618997647309857,0.8227052688598633,0.17729473114013672,0.75,0.78125,0.7734375,128
brightness/s5,107,0.7950974702835083,0.6973806619644165,0.7950974702835083,0.6973806619644165,1.3559492765495618,0.8348884039293166,0.8893622756004333,0.11063772439956665,0.7265625,0.65625,0.7265625,128
brightness/s5,108,0.7922317385673523,0.6970666646957397,0.7922317385673523,0.6970666646957397,1.3384323692107523,0.8333684375813073,0.8829074501991272,0.1170925498008728,0.671875,0.7265625,0.6875,128
brightness/s5,109,0.8080645203590393,0.7197445034980774,0.8080645203590393,0.7197445034980774,1.4374727302201635,0.9431836355505197,0.8783776760101318,0.12162232398986816,0.734375,0.75,0.7578125,128
brightness/s5,110,0.7754557132720947,0.6956357955932617,0.7754557132720947,0.6956357955932617,1.2393977271423298,0.8266128742832364,0.839044988155365,0.160955011844635,0.65625,0.6484375,0.6640625,128
brightness/s5,111,0.7834232449531555,0.717509925365448,0.7834232449531555,0.717509925365448,1.285723448251092,0.9321328118186906,0.8044531345367432,0.19554686546325684,0.7265625,0.75,0.7421875,128
brightness/s5,112,0.7813528180122375,0.6802054643630981,0.7813528180122375,0.6802054643630981,1.2735686255082066,0.7547339342281216,0.8884830474853516,0.11151695251464844,0.703125,0.609375,0.6875,128
brightness/s5,113,0.791445255279541,0.7340815663337708,0.791445255279541,0.7340815663337708,1.3336531307091968,1.015404457171158,0.7812549471855164,0.21874505281448364,0.71875,0.7421875,0.71875,128
brightness/s5,114,0.7859436273574829,0.7183268666267395,0.7859436273574829,0.7183268666267395,1.3006489657893514,0.936185337010583,0.8112043142318726,0.18879568576812744,0.75,0.703125,0.75,128
brightness/s5,115,0.7854964137077332,0.7405951619148254,0.7854964137077332,0.7405951619148254,1.2979897004816625,1.0490529251451555,0.7302215695381165,0.26977843046188354,0.7421875,0.7421875,0.7890625,128
brightness/s5,116,0.7845966815948486,0.7207435369491577,0.7845966815948486,0.7207435369491577,1.2926581671660642,0.9481628773737002,0.7986665368080139,0.20133346319198608,0.71875,0.734375,0.7578125,128
brightness/s5,117,0.7785317301750183,0.7177895307540894,0.7785317301750183,0.7177895307540894,1.2571339734413731,0.9335247199791568,0.7848972082138062,0.21510279178619385,0.7109375,0.765625,0.734375,128
brightness/s5,118,0.7876063585281372,0.6819617748260498,0.7876063585281372,0.6819617748260498,1.3105517253726962,0.7628190993941384,0.8994321823120117,0.10056781768798828,0.6875,0.734375,0.6875,128
brightness/s5,119,0.8103941082954407,0.7532508969306946,0.8103941082954407,0.7532508969306946,1.4525588169302692,1.1159910047052857,0.7935193181037903,0.20648068189620972,0.6953125,0.7109375,0.71875,128
brightness/s5,120,0.7861568927764893,0.7390751838684082,0.7861568927764893,0.7390751838684082,1.3019288438189827,1.041174830417283,0.7394315004348755,0.2605684995651245,0.7265625,0.734375,0.7265625,128
brightness/s5,121,0.8347086906433105,0.7109354734420776,0.8347086906433105,0.7109354734420776,1.619341617577248,0.8999458568649381,0.9467270970344543,0.053272902965545654,0.7890625,0.7421875,0.8125,128
